Vehicle_ID,Station_1_Weld_Torque,Station_2_Ambient_Temp,Station_3_Adhesive_Flow,Station_4_Legacy_Alignment,Station_5_Vibration,End_of_Line_Defect
1,107.48357076505616,21.85506208096695,49.041081178099084,0.508270644662415,0.5362268764618673,0
2,104.30867849414408,19.236230333306473,47.943864375071776,-0.5953202173166814,0.5634862607821057,0
3,108.23844269050346,18.86169054534563,51.00400377813312,1.561280310094737,0.5156512807563187,1
4,112.61514928204012,19.131311734787232,46.5862748756139,-1.1063414612367184,0.4117625810206678,0
5,103.82923312638331,24.994432334304513,49.464321134863376,-1.9472880225795346,0.2802814422668375,0
6,103.8293152152541,18.619946109947875,44.892737968702804,1.2184817867189692,0.6544453414864888,0
7,112.89606407753696,22.04312249956846,47.327195153283476,,0.5030883743622456,0
8,108.83717364576455,27.038396422970752,48.24573212310515,,0.5860402591401854,0
9,102.65262807032524,21.532177998184537,52.193448415258565,-0.9404109533266071,0.47346579264834066,0
10,107.71280021792982,27.15969692616156,51.37621604880854,-0.7092260933311257,0.5748429168525754,0
11,102.68291153593769,26.945604458484663,48.892130632315514,,0.5304985946365367,1
12,102.67135123214871,20.949925591598596,51.458739590259505,2.493748148675501,0.7234113731308234,0
13,106.20981135783018,26.745866161112946,51.775245926760796,2.6924679542169137,0.5948419049654816,1
14,95.43359877671101,26.973319659265208,49.678670303250556,1.6351809317662687,0.5820122402233379,1
15,96.37541083743484,22.76944710800432,47.23124371157262,0.6994068896598565,0.6078058958156942,0
16,102.18856235379513,20.52504580489822,49.58417537986777,-2.1484283878996697,0.6253627048998025,0
17,99.93584439832789,24.255249682702427,49.80421518965573,,0.5679409346535785,0
18,106.57123666297637,29.056771056002354,47.535091218339545,,0.7531912001420338,1
19,100.45987962239394,25.675400789184742,50.73409358585994,-0.6534323681289813,0.41279058614005637,0
20,97.93848149332354,20.075069971527135,50.55962370860471,2.2712167121584126,0.6292606347038794,0
21,112.32824384460777,26.19308309680224,50.890085399788376,0.08255372854581743,0.49454095969380424,0
22,103.87111849756732,23.126436327382017,50.557846194334886,,0.4399059345163766,0
23,105.33764102343962,25.098345568264477,51.459686070229964,0.9607283455034442,0.5334429977547135,0
24,97.87625906893271,26.808768420277296,49.64134394425394,1.8993820442674672,0.7278232874483094,1
25,102.27808637737408,24.179368218173337,50.403570214741904,-0.07349395296081662,0.3661606316800201,0
26,105.55461294854933,27.767807694879703,49.204519431508935,1.8495765067281207,0.7323565578413903,1
27,99.24503211288848,26.665866951799533,48.8310015687561,-2.5017412716256304,0.28877285176689954,1
28,106.87849009172837,25.380880080222127,52.67649926152415,-2.0783463958490542,0.4814710959496276,0
29,101.99680655040598,19.809513789988216,45.91246259694701,0.30729646212853134,0.4289317768595059,0
30,103.54153125103362,28.031389330938822,51.75351997830853,0.7156720917262975,0.5976183303193818,0
31,101.99146693885301,29.230867023837792,48.75891824910868,2.034868302888418,0.5054846990926913,1
32,114.26139092254469,19.643581485711536,48.49992364471376,0.9583867001228411,0.6515674291484694,0
33,104.93251387631032,23.858893553201167,50.52315496813081,-1.7904436340475645,0.49500236489133453,0
34,99.71144535522049,21.106664903646053,47.02078077529799,0.3195684331115789,0.45590967922902914,0
35,109.11272456051594,27.054279689106774,48.3679538561076,0.9010911679322238,0.6028630092955624,0
36,98.89578175014489,26.6595556320564,48.30172070697402,,0.4541757149299611,1
37,106.04431797502377,19.690621446844784,49.55720348362981,,0.40439558440728246,0
38,95.20164938060113,28.524327255139646,48.39172462367862,,0.3714310247787864,0
39,98.35906975550785,20.171676767736027,53.202237371278535,-0.9820396106186178,0.3437675463721812,0
40,105.98430617934562,27.56710830777729,53.59403303299591,0.7481655776290085,0.41610800884389076,0
41,108.69233289997705,23.483764315536057,45.956012954503876,-1.724522289836886,0.3061646009067969,0
42,105.85684140594985,21.939267522697815,51.08864540953147,0.6253192680054742,0.6237447843156056,0
43,104.4217585880588,19.898871152090564,51.71732687815515,,0.5977468168170665,0
44,103.49448152205356,20.011371073759552,51.08597040478221,1.6256449653914604,0.41168202955041183,0
45,97.60739004816287,25.942686656410803,48.68377301381661,,0.36472685674992944,0
46,101.40077895802645,24.605164655365446,49.51180887568292,-2.257851327531821,0.27132377475108055,0
47,102.69680614520107,19.465025059814792,48.50345069044461,0.4183554110085178,0.6070707902013106,0
48,110.28561113109458,19.352374325259902,49.15947193768234,,0.43356508384131415,0
49,106.71809144784231,18.8677268972735,47.580069942665645,,0.563256027404974,0
50,96.18479922318633,26.925208168482527,49.7704223567309,0.687747714364398,0.5514038924952779,0
51,106.62041984697397,26.54258502275147,46.994396577389864,0.08724256755627227,0.5650113391909501,0
52,103.07458859791842,18.7011718902549,49.59973089154372,-0.2592419335146232,0.3916680600004253,0
53,101.6153899984702,24.723240907163675,47.50283662180047,,0.3821537699238994,0
54,108.05838144420434,19.016113862912277,50.41363272358281,0.845822329431896,0.4520515680075703,0
55,110.15499761247976,28.844949247307298,48.64116087811422,-0.11871753940619688,0.6184688622415684,0
56,109.65640059558099,28.88540903016159,50.58116069574908,-0.11747052514415239,0.4509906600555992,0
57,100.80391238388681,26.37879587775756,52.16316145672956,0.14166498824798307,0.434899429686159,0
58,103.45393812074393,29.114267057273402,53.178893872209414,0.3318187948758683,0.5114583903588792,0
59,106.65631715701782,27.73743636496429,44.94399082195902,-2.6088834688762823,0.34880089355949506,1
60,109.8777256356118,27.942462911124593,48.33161181225243,,0.6316260648644202,1
61,102.60412881077355,24.8364942068392,49.393827845775974,-1.2696665622238839,0.5581213944816946,0
62,104.07170511668092,21.67271037859411,50.920655636762966,-0.20704829620294102,0.6120099102921029,0
63,99.46832512996986,20.61358938139706,46.699290991690944,,0.5582521329906491,0
64,99.01896687959665,21.92640026446715,48.03581518639957,2.6691728884051704,0.663970007735024,0
65,109.06262911197099,25.541945161068746,50.26071440531422,-2.5507416579395876,0.5213129081320655,0
66,111.78120014285412,20.071878429988786,50.16977648305333,0.04536724151197333,0.6549682429130992,0
67,104.63994939209833,21.10368283964786,50.75523681284019,,0.4328778734180992,0
68,110.01766448946012,23.616730353545574,50.88735145377623,-2.2612950392871696,0.44615976969997595,0
69,106.80818012523817,20.796601182295387,50.677188866231724,,0.6025149096085451,0
70,101.77440122697438,25.06372403659274,50.387310633262985,0.17439401612125932,0.601358455250533,0
71,106.80697802754207,29.078112341475958,50.11147954665274,0.29123939354249484,0.6389237264609036,0
72,112.69018283232984,26.977072388437517,51.32952617944873,-1.3763293775129024,0.3270859301949343,1
73,104.82086980445024,25.997119369786958,45.52135466687155,0.6193299650720226,0.4618986677501436,0
74,112.82321827907003,24.992657711805343,53.088666973942466,1.2573359345849062,0.6536276723600046,0
75,91.90127447955128,23.85537491108478,45.591035898239355,0.19094682558890053,0.5243504167644437,0
76,109.10951252187611,20.238766315615916,47.84167636619102,-0.7709038514445803,0.23873068667218952,0
77,105.43523534119086,28.736525465122387,49.54647840669971,-0.6541039770695465,0.30066655693194266,0
78,103.50496324767066,20.982432024154036,51.34522578217968,0.33059356068894835,0.5827869921643453,0
79,105.45880388267751,19.095706530937928,44.00946621840077,0.0731960675709441,0.5875708956357125,0
80,95.06215542699553,27.000182150744344,49.94375135211633,,0.4329128885059282,1
81,103.90164056081244,20.107386411973998,51.58479007883147,-0.7203874312862488,0.5738973846484717,0
82,106.78556285755873,22.462751994494113,51.989036232056954,,0.38890672168527296,0
83,112.38947022370758,18.339419139491756,48.60534068300508,,0.42470654282023457,0
84,102.40864890863176,19.644815310485377,49.39832942608994,,0.40815567202024483,0
85,100.95753198553406,20.078443569118946,48.76770374221474,1.1755229235545503,0.43650182357284717,0
86,102.49121478207732,18.652921533002136,49.21465069294783,0.011307945686401012,0.43897429894621376,0
87,109.57701058851038,25.87988347947414,47.93634689854313,0.9822198065472336,0.36222119323849933,1
88,106.64375554829843,28.044093549637406,48.221495675058165,-1.5214755700961817,0.4165429265953793,1
89,102.3511989811648,22.479784876391292,50.868753844056734,0.21507939484473165,0.5694658385350365,0
90,107.56633716556678,28.49491772061841,50.26323074654548,-1.0488948110758745,0.3128127627003369,0
91,105.4853877467402,20.560158894721518,50.983173015180945,-1.8305604796143302,0.4101740030815782,0
92,109.84322495266444,21.904685082734872,50.42802877940167,,0.354951706327032,0
93,101.48973453061323,19.80884391637402,51.408677202295195,,0.5260443016532343,0
94,103.36168926701116,25.446710345027984,51.75642799630999,,0.3619113803968985,0
95,103.0394592343392,23.038435090443684,46.51656676026779,-0.8564105992389891,0.5283683548429503,0
96,97.68242525933941,25.359400162102784,48.29138069917128,-1.9073103754173348,0.22285882148383124,0
97,106.48060138532288,27.140098864730202,49.537248085019925,0.19721613374500324,0.4888667720649108,1
98,106.30527636089944,24.548436192395382,49.954644949025315,0.043770991016512016,0.4312967379025557,0
99,105.02556728321231,25.531564258821454,48.659818852363934,-0.738079518015297,0.427025731418349,1
100,103.82706433312427,29.223003772731996,51.82404734197661,-0.24183519876918985,0.33496916438379704,0
101,97.92314628974793,21.588771715306116,53.9598967365812,1.4643406289948562,0.7392307955011209,0
102,102.89677338617321,22.309967263607437,50.37232391116347,1.0060586480987648,0.42164662464390457,0
103,103.28642741736616,26.612440340512045,50.16868206439642,,0.42305190491795724,0
104,100.9886136538919,25.33566620466464,51.698912510208665,-1.7755181767803454,0.5907061496695345,0
105,104.19357144166996,20.142394854476578,46.26832048959313,4.329822092572984,0.7487612682362156,0
106,107.02025428407269,22.513767720125884,50.05693788087682,1.5768783154113328,0.4534182634245068,0
107,114.43092950605265,23.614056157496577,51.95807165093503,0.7755428447863076,0.5258983746489309,1
108,105.8728890641592,23.03267805562067,48.71369200559778,-1.7464676615958143,0.38910366999162943,0
109,106.28775195361382,20.13929769986449,47.54687884019607,1.4215951691011612,0.40231467469759497,0
110,104.62777042116916,29.093161101411148,49.628388779800446,-0.7516927654489922,0.3865891023257275,0
111,95.4061439235048,27.14782514032771,49.87862913359616,-0.29140620695394825,0.48279161846477253,0
112,104.86743062275391,23.776269985294228,48.182695436169084,-2.5211689140889244,0.500583344879309,0
113,105.30115104970513,26.16073233968204,54.1923225521019,-1.8622246289107638,0.3880057842318589,1
114,117.31621056242643,28.76739206562626,49.04260723798411,0.6578197482407024,0.5215264666506344,0
115,104.03819517609439,19.634089708338855,47.69268129714686,1.5093520129057347,0.4939509335492668,0
116,106.50773671166806,21.00447660848373,49.81275736185878,1.0273566296925527,0.6609569096054511,0
117,104.82644115147379,24.512414967079742,51.81572127540898,0.9762284951144231,0.6390435999058164,0
118,99.15660981190234,27.588124456228304,50.034828497996465,,0.5740759930261738,0
119,110.7141140725751,18.435058745298328,50.97118784008801,-0.6100605230493181,0.4806808603544922,0
120,108.75966516343387,29.808217802356324,48.25697881133369,0.4333427153480903,0.36180977957703686,1
121,108.95515973521523,23.458879234588764,52.97537689280703,1.2321124846504108,0.6702726141168242,0
122,100.4530627260263,22.310773687460674,51.12342205583688,0.007293382400387007,0.5060976439137975,0
123,112.0139715546805,21.512693254077263,52.09540313775522,1.8153780298701072,0.559909749344871,0
124,97.9907446860386,20.09228049181046,50.73032126495034,-0.3226038957240115,0.5287157114030626,0
125,107.93428546900135,27.498886907160333,51.649768075457565,,0.44889805023559776,1
126,115.95227812904989,29.464969976953157,48.25389488064555,-0.015543363061501208,0.392303032490735,0
127,100.04731837434656,22.96373705814478,49.01717916662088,0.15895841738935262,0.47586813472086315,0
128,102.16851135198614,29.429048337041475,52.69296119111206,,0.30343846571270305,0
129,105.4982568254382,27.88557138522041,53.11948389456793,,0.6046518305260654,1
130,102.48262172941901,23.77261352971582,47.705868800561845,1.2079529710860584,0.693410425284417,0
131,97.24668284466934,26.088314149513593,50.49947213572762,-2.1464114829325647,0.21311791210652428,1
132,105.34281487403014,23.219810150045554,49.138112399029545,,0.627940333046019,0
133,99.68848143136948,24.704680898550627,48.605937061270275,-4.112125591243759,0.3612415738172644,0
134,107.36796215317591,18.696556044222046,50.5696793907109,3.2265365592787463,0.7429625263363839,1
135,100.40287882883098,26.3551617036064,52.281925864730816,,0.40383311040114644,0
136,112.7496720250877,18.63389573380964,50.90332494656839,-0.2843516049772503,0.37555934678463715,0
137,101.08373353831881,27.805019363035793,49.36097510016193,,0.43679358556472364,0
138,103.38969241897162,27.89936315352669,51.02972235987032,0.5778081492602707,0.6479775104589587,0
139,109.06758608684835,20.844927450674575,49.2800476528382,-0.0003948019002645827,0.32902469537259044,0
140,98.84567841783023,21.883953372429602,50.8242286014612,,0.3683986613320239,0
141,106.13729967302065,23.77572454269952,52.79293140091146,1.963377464034278,0.5522919247491358,0
142,111.53571377141213,25.159954883189776,45.84568068139834,,0.4448525841901001,0
143,96.96258382719387,21.44824394090396,51.59450459708007,,0.42392243738078905,1
144,105.92316929266153,25.1098368555831,46.921890156859064,,0.6970031375180548,0
145,106.29941397124212,21.573444878751587,52.456655421088925,0.7861605047750087,0.4189261805579261,0
146,108.90911435888655,18.66588865285273,48.72594878025428,,0.44446785293163193,0
147,98.81524644560959,18.030330597982907,47.56465724478703,1.1882076395432422,0.5585852850371145,0
148,98.39771693457863,19.213812695021144,51.390538454177495,-0.23635890183455965,0.454723430051476,0
149,107.60970782808448,27.507008401968218,50.72834012628482,,0.3255319919824953,0
150,106.48492336616593,29.537175748600045,48.001626194076685,,0.41754896397484087,0
151,106.25246425172938,23.12359439137463,47.494000485663214,-3.6421770854285986,0.25440751057359046,0
152,106.73224104748488,24.152207441399312,49.625037025017434,-0.7900489994019022,0.5238479455936627,0
153,101.59987639210755,19.762178028881113,47.59182609965761,1.0697598631884018,0.5954459229292706,0
154,106.16126848580502,24.612376232161886,47.877054054152744,-0.03361686435564449,0.343129581829138,0
155,106.46536236649341,19.73585882408372,50.23124158084287,-1.9277796447836244,0.36489738195914084,0
156,101.42824290986816,25.33457197438596,48.068256731489804,,0.5223218233210272,0
157,114.32887255572378,29.199104010970245,50.85307858005309,-0.4479002393150934,0.67307451640597,0
158,107.36916460455893,20.348382471636477,52.980287191766955,,0.437613156230548,0
159,99.04348251398676,27.174764616685223,49.70288917019884,3.3090186925065224,0.5577070927222726,1
160,108.28276804316914,18.28202907381989,50.26030212397117,-1.5797588917316334,0.34333226315325327,1
161,100.1265916488634,22.50596689585945,54.036193465670976,,0.5281073234268894,0
162,108.93542301871226,19.328982093966108,47.624797765245305,-1.1539711512819069,0.47853819997505886,0
163,110.79297789503703,22.229705299148392,52.38247039036148,0.20374025186073266,0.5586791072092605,0
164,100.89658840824144,20.082443035666603,52.141715195824965,-1.3532714450522634,0.45238469201653136,0
165,109.8168806462216,22.47965988147465,51.708634678347565,-1.858956271910488,0.3860756618408492,0
166,107.06390463468249,23.010273673290364,52.58349570146526,0.7833038170071138,0.5255651584313215,0
167,109.11030079997245,21.60709347337102,50.561149931917235,,0.5174998682436682,0
168,114.48396491326974,25.87946339367755,48.83414100880147,1.7169741663285967,0.40755771858784123,1
169,103.77305941998564,29.026224615106916,52.18914658244113,,0.49129219306344224,0
170,101.23131917821256,22.80714448926327,52.26568442342579,3.3305276911897375,0.6088009789800496,0
171,100.55242785187238,20.30811787770026,52.21062780298658,0.40252000115555353,0.35484297797930453,0
172,100.92094857517282,21.2486730983518,50.089004164638474,0.8501620218558185,0.7842963588964393,0
173,104.61449145292949,28.248009881956428,48.567610972773345,,0.4292481672156697,1
174,106.70575987408321,24.859676679241772,50.38272450822322,-0.921126472683796,0.45525400219363993,0
175,106.38345399665009,23.460132387683487,51.884460035135675,,0.5018631784791193,0
176,109.13591624518011,19.79564065810712,52.048703579719934,,0.5667051636838499,0
177,105.06500945938953,23.396727699885382,49.14064774585081,0.28152470255195383,0.3978462092068963,0
178,112.26767038578659,21.34190404028864,50.63074579225478,-1.2247406335712903,0.40749253912715416,0
179,103.67671583381022,29.31795753424019,47.38244339102809,,0.4139289347429642,0
180,118.6008458329481,28.608841312988776,51.9699002060117,0.17781883738760407,0.5810472272365155,0
181,108.12833673882503,19.006830501938374,48.433382486549874,-1.7706525298278584,0.32879325892334166,0
182,100.71421221791859,24.199841871134915,51.570510719143094,,0.6583240195144141,0
183,99.64553750969444,20.700700146176064,47.70139084521968,-2.5500974203769533,0.3625675902207734,0
184,107.41236207621593,22.929325074291487,52.06283181286801,0.27635712089652564,0.591266865727532,0
185,103.88268607337075,28.522175979017476,50.64367038004554,2.648389040738251,0.672405340474,1
186,108.57000247046047,24.330174238662536,48.437284608766106,1.0208258067286233,0.656965773735983,0
187,107.36618812286773,22.010583520449117,51.38271276216105,,0.4570547838499305,0
188,104.63585543671563,20.494660249259965,48.81927661638934,,0.5232553178735126,0
189,100.76603140965797,27.60389831287787,51.499110074890254,2.653593079729291,0.4464207886635382,1
190,97.42576387657067,25.494216184372164,49.45177704923856,2.0650771419034326,0.6075665333065402,0
191,102.76742523966489,23.616785525114775,46.55790574874067,-1.2653850343433508,0.382138555052531,0
192,109.28199397161737,20.609812246355737,48.035167519038126,,0.3239386184643805,0
193,106.07046872065102,22.010956489885576,49.13917058262543,1.8819840673900319,0.5047469908701675,0
194,98.77130610644006,29.518121120862222,52.736378047497155,2.6942210674751363,0.5706454807458234,1
195,105.86590462925591,24.241079251270012,51.80228726105845,-1.8970290526354323,0.38549337915784176,0
196,106.92658689864419,22.808391374919033,53.247722824644285,,0.37223672708573746,0
197,100.58071281899433,24.257064508179887,53.30727043205972,-0.21568013463325408,0.4972185906223028,0
198,105.76862552972764,27.347862070795305,48.93049839081817,,0.25415211623295436,1
199,105.29104359223,22.081307238034427,49.62302628048234,0.02856774031413485,0.4537426169155733,0
200,99.28514851084688,20.144473451191306,49.17744015133892,1.778615271044977,0.5600241570481627,0
201,106.78893680174141,25.019233420068574,48.65697878939785,-2.157955524353624,0.41031184601539444,0
202,107.80392263184117,25.982449241772805,46.31701058132708,,0.5944177505568878,0
203,110.41525621587638,26.552616035502595,49.970504563966315,,0.5417334978318895,0
204,110.26901026017451,28.583851089193555,47.428868812577775,2.4599189231308767,0.6467443453367604,1
205,98.11165316021454,22.454089448269357,49.931656236931346,-0.8546877931995767,0.500290912000581,0
206,100.31087480042439,18.904258754746703,54.23154161912597,,0.6451111731656913,0
207,107.5751763360433,29.50018300357131,48.98130980733858,-0.896182606216841,0.4237266521028033,0
208,107.56892975456104,23.220143129249703,50.38954801125613,1.1567637080011948,0.6478964856618475,0
209,107.57523843153024,25.479090116077575,51.81329677161857,0.37791842754404853,0.4274478121288261,0
210,124.26365745327361,25.995663877539506,50.56058258393181,-0.20740899977145238,0.2848150031810428,0
211,107.85445255346583,24.558164504414442,50.58496837588459,-1.1857928535809632,0.3365614186455162,0
212,110.677828200903,20.46309035683524,49.27519513262384,0.4846431319768396,0.6645442381092708,0
213,109.770008817466,27.061716601393698,49.53624404987753,-0.6608028937273679,0.4374165414638637,0
214,108.256956256529,27.64502369164898,48.07997895562434,,0.4756804337577664,0
215,103.42365377679828,24.635707032209275,51.69209001777882,2.2090841120635805,0.5830592039461586,0
216,108.79484610246634,23.8627339270181,46.51701668677181,0.8212953412398408,0.5972312999446278,1
217,101.13587392731215,19.367258197535826,51.942176676764404,0.9654584278608042,0.5553441879936779,0
218,103.81590696629996,19.007419937997405,47.19260323050951,-0.587397777918394,0.46377091018085503,0
219,102.57318226085448,22.074778146762345,51.925214548153306,,0.5474294574737967,0
220,105.40937069693162,21.73015386620872,49.292364947575635,,0.43478895608678425,0
221,116.57329283336755,29.443877411559257,47.53626262373384,,0.5625006967072784,0
222,95.66367403704126,27.40347290932116,51.15859729015927,0.9627051777637586,0.5306630927804064,0
223,108.43130095187257,25.91909154310872,51.85753507015155,-0.04537705546735756,0.4869885219053429,0
224,96.93642064405174,24.211777068211262,49.123842703792924,,0.35869187550412446,0
225,102.64034067105283,20.008410368719815,51.44122109735787,1.140855685539823,0.5354472193383639,0
226,110.44475298483682,29.74148006621141,45.4298310106613,0.050105802312504374,0.4483810350909071,0
227,105.32140009547732,22.500488378882523,47.3588074205068,-2.161254568156471,0.5049292894682859,0
228,99.61127611035347,19.283107229366937,52.584817860937456,,0.17144572735814723,0
229,101.42348145370016,23.925586748588955,49.552661451604166,0.44684576319071023,0.6112682773039818,0
230,108.39798874467338,28.487976139357,46.2755733471023,-1.244210698316556,0.263363697015274,1
231,101.34816684141431,28.647492021327952,48.602267639116015,,0.5860512234657301,0
232,106.08229294790988,18.131590992677367,48.15319905494984,,0.3580556034139621,0
233,105.22785919951907,28.635548937016797,49.66807653705415,0.19977865874251086,0.5666211593539596,0
234,101.74199826197092,21.2578106099983,49.25849803238471,-0.5676022919431374,0.4594839846012267,0
235,115.71972044662662,18.467668367621076,50.35786345787632,2.6278812154099573,0.4881587251816188,0
236,108.16959511159006,28.173483244354493,49.86106789677485,1.4254734867279666,0.70713552832078,1
237,94.87428706671196,28.366401071858498,52.71947851007404,,0.6787118984996516,1
238,105.93227157384713,25.1547729581082,50.849097199439335,,0.5521211283838156,0
239,101.69106767615806,24.8932050875563,50.91534322238717,,0.4976400959948296,0
240,109.26216667398111,27.757443271457035,52.33031424778904,0.13747511640171262,0.5879822171653323,0
241,101.0373963078365,27.435714632523357,49.22246249914084,,0.4818941903977052,1
242,104.4263177926655,28.68126568131245,47.47624511328303,-0.10884309788441035,0.2717932328550464,0
243,107.52493639490228,24.632969371160442,52.4139406492645,-2.0962340105411905,0.23895571255372033,0
244,109.32877597085061,29.611765112793705,50.27168349621623,,0.2579045819733131,1
245,98.99851796472112,29.95376197120006,50.27870241579786,2.5024666793467722,0.5496396455582854,1
246,103.32749382079525,19.39853531998359,48.733340156939526,0.717756711226289,0.49240347867670553,0
247,102.62527344419522,28.194525114649466,48.76628933379285,,0.5017759402911669,0
248,101.73335383713145,23.997867092983068,51.693444677541684,2.2344717634373725,0.5467397599427655,0
249,113.82727120140548,22.650796059597987,51.96931159627522,,0.16448840200393566,0
250,107.02490855480478,25.356867718592582,51.56764681149332,-0.5379018228477118,0.49231724561867923,0
251,98.69558022832477,18.671586687144085,51.58592321089095,-0.3541047444225503,0.455827287433739,0
252,109.58930973527389,24.077533425204958,51.13805907451952,1.1134128498105222,0.48603628403578775,0
253,115.61078098506317,28.45068684032,50.26304546015631,,0.5878541122547032,0
254,110.16232630275573,20.561538193667626,49.64924063135804,-1.802060615272185,0.3856804327808543,0
255,97.40315017022994,23.1166787372331,52.420647699883105,-1.8155229764956606,0.4150770244208345,0
256,102.57882963566874,29.273770652578506,49.25255825901913,1.7241271144080303,0.6657913708987149,1
257,111.33455574593312,23.142766053668367,50.73995842776149,-1.1137981407046762,0.2953240087420168,0
258,101.4616526719061,22.30041158798878,48.39197400409151,,0.4563376833090739,0
259,107.21909714073114,23.28643977748054,48.6814019262991,0.9517472260918571,0.6268421467062556,0
260,108.87317026714669,24.233433198210676,49.527690864285546,-1.0484181123523497,0.4384462041124913,0
261,100.36534764210958,25.583896129577624,48.39212324654567,,0.24179460962476768,0
262,104.702373219691,27.608313611000774,51.5957036509566,-2.3725517605873483,0.3331248674761052,1
263,88.79366329965464,23.425226469171772,47.30393149690994,-0.08521109507318735,0.5146381098207053,0
264,99.87806179332856,27.809771221081682,50.19845924676215,0.7459926455478323,0.32661184326247833,0
265,103.7371592430342,24.40464793622497,50.26501619368436,,0.3495655072010941,0
266,98.76108409017576,22.061766124415733,46.37840084336064,0.6456640557136035,0.7296368923791912,0
267,113.16205651965818,25.89540993743297,49.117952358952785,-2.4192562890114537,0.42749620831791857,0
268,97.84929311019684,26.612667056921897,50.51139907609628,-2.3179553114521623,0.53244929049902,1
269,102.79977756651508,24.69658770755385,50.857455986588135,,0.7556769638728564,0
270,105.65370288643045,18.67937967761668,49.59138558279967,1.8491764082050204,0.631857184727664,0
271,112.20636644533057,20.0385945019299,51.35377640896143,1.1534578378477764,0.5267649679980382,0
272,97.82068924410281,21.42357265068274,49.781367485527916,-0.9895870061016586,0.48864203713339877,0
273,110.8158187607748,21.391507271417918,50.02730582415011,,0.6271459547814519,0
274,105.05116530509794,26.081049602962445,50.50330773797311,-0.002515975700400238,0.5824280935317229,0
275,100.09245674476024,18.22018394008359,51.85399925746834,1.9715191705747857,0.6152569890134172,0
276,107.31051737131635,27.06818132459424,48.648563995168935,,0.5129740005634175,0
277,105.99529847786735,21.184109697683198,49.0263562549634,0.7888707019317021,0.5892758938436715,0
278,101.99891561420603,21.72026215459323,48.66220701654157,-0.2514824026762497,0.4342216191371304,0
279,105.3490104249501,24.33491793532709,49.33560456771613,,0.6092973210544516,0
280,103.0734320156912,20.59110721126749,52.85246851615953,,0.45287865695774054,0
281,105.56758672625624,28.61365576290633,51.145450638659646,0.06603409911852043,0.46790961620738364,0
282,108.31065337260523,19.024425351918783,47.73782050966231,,0.34149814046437965,0
283,112.93008408072676,23.332588347612777,48.79910606882265,-0.17035761315244854,0.4475058149329447,1
284,98.81092250586576,28.193067233458677,50.7455344485528,-1.6192990556699334,0.35066228136787875,1
285,115.66516687328134,25.390126733054828,48.18698443813446,,0.666181113661889,0
286,95.23956100238749,21.5079541901116,48.549319918370486,0.13336703694734905,0.41721877612458863,0
287,104.24107452482208,23.04912249331753,52.689919332348296,-3.6067775769094705,0.35814465071531554,0
288,107.94158603242288,26.480332564110178,48.77324874305363,-0.34550930865075546,0.388036302632104,0
289,106.40495933867517,29.679128920366793,51.909333632058775,-1.763820306906889,0.41649858832226716,1
290,101.88650240089703,28.7176646205532,52.510646379061875,0.7479589882750418,0.566389489609191,0
291,103.95938874821363,22.10919370058852,48.53307581766207,,0.3626766133739545,1
292,102.53499532670584,29.97837455145429,48.22007488688572,-0.6395097264979763,0.32825436484288095,0
293,102.05317621527894,18.0420559623727,49.44773582703767,0.8235331306828737,0.4457093374103454,0
294,109.24801048510513,18.33155706970098,47.82274455865275,,0.414006332820276,0
295,106.78507742982524,27.886086182054328,50.242067757005486,-0.34457375911765215,0.491179832238669,0
296,101.53545202369673,20.393552241996623,49.588696176293226,2.3014304629554867,0.6393295440232609,0
297,109.49799937716625,18.72923122075489,50.721160031772605,,0.3393121841877589,0
298,106.53649760438304,20.845776878838027,52.793886912465645,,0.6227722714372429,0
299,109.06431059419481,23.113201847770323,51.63496996154064,-0.33779914377480824,0.44070218143412143,0
300,108.14814420961807,26.766795245200857,50.978479550824716,-1.264989529838951,0.4268029201511638,1
301,100.85502494538964,25.492026318614464,46.06790317406416,-0.5273227137065735,0.41079153535407964,0
302,102.19909479901516,20.851454610725046,50.88675196420475,-1.649083841593985,0.46631148116651533,0
303,108.7364680256163,24.039245377207013,53.4452553214091,,0.722334765747958,0
304,108.05185132716733,29.114569264782823,43.978954967372964,-2.4041534671129146,0.4572257482062121,1
305,104.89549203017926,27.78009332380509,51.37876508595125,2.084412830653239,0.7435597264005737,1
306,105.58663691654391,21.878277417981522,49.68128285048707,-1.4038008026196904,0.28952748155838626,0
307,111.38832447894212,29.787174736268355,48.30040999395411,1.2549800577689316,0.4951780926611324,1
308,102.04214305582084,26.50344480522157,51.60225716782391,0.03633879159070193,0.5583405228593367,0
309,107.7354869058502,18.74939226800138,53.419411801214665,0.40622292457439424,0.671140563717064,0
310,103.98903673783053,18.421928559463666,51.55046145767551,-0.8850650569160458,0.520790789844855,0
311,103.9115939838639,20.02089538812036,49.25761609747695,,0.42383819148759855,0
312,110.49388425993595,26.73427041660176,48.11306035118369,0.20246143282629614,0.4666573381594268,0
313,109.12708174494014,20.204867110109134,50.28925526757909,-2.1868666022539918,0.42399711354611447,0
314,109.06754818000319,24.137841230506,51.74633858476318,-1.443750004399887,0.4113465476169309,0
315,111.52739403577165,19.11912144216998,49.22589394753255,-0.8113681665147097,0.3795543459024274,0
316,105.1050192081638,29.050633893962342,49.419234016698404,-1.1324947771896743,0.4143498168060733,0
317,108.40976485647482,22.127527363002812,55.6440004996768,1.879216418075477,0.592517219027816,0
318,103.44866621703272,28.89758467872757,52.157303891919454,0.010521275771249072,0.3920339332408046,0
319,106.62083176244221,29.33850770292653,52.30025735678726,,0.5400505561806823,0
320,104.34928472816158,18.07354376776417,47.07942818788238,-0.7361547360045593,0.41923078094386806,0
321,105.48497982496359,23.569622246384785,48.58562264141308,-0.7566946253206001,0.4549076461028906,0
322,107.97578512718457,18.295872668482716,50.14936327890848,-0.4320742080075987,0.5819015599720188,0
323,100.90889658383264,28.90431319563487,47.9977248842297,-1.6129941070793994,0.4068504280354345,1
324,115.4619363784273,24.22089053681491,53.20079459777859,-1.2208966658959783,0.53699104954936,0
325,99.96991309250149,18.899328152381962,52.82062461318129,1.1499103667463157,0.4545754322456432,0
326,98.92905693606134,19.323320739318802,48.93290932523189,0.2780146550503703,0.5571963242141468,0
327,110.79055436750033,22.60210829391287,53.56783721321497,,0.5725069195808804,0
328,108.95831346981468,29.282810314474673,49.99149580656012,0.003934225972649656,0.41720991145072756,0
329,108.12059908526078,26.31490981881697,55.1787794347781,,0.4787459840202037,0
330,108.1417275463214,28.41142639426959,50.289372261050076,,0.46854760868206863,0
331,104.93876613576543,22.397479756079754,51.15238550065684,0.7756572580612184,0.5597467846180315,0
332,100.51372814257084,18.51856439459998,52.79980688233912,0.6647399787718888,0.5807171606725713,0
333,105.37902279096863,29.69181164645297,52.555266699615615,-2.357644459840823,0.29099715714572777,1
334,101.61419144243945,18.206075887948433,51.02146413227179,-0.19734327886386438,0.484127350226675,0
335,109.87559866708875,29.371819836973067,49.71771936111233,-2.2587290990111475,0.5461953624069006,1
336,104.2647130924893,22.424129086189737,51.02826539998624,0.9533658051835596,0.6530559694216583,0
337,100.87251401603744,18.121084860262577,48.36763165624777,1.1514998352754255,0.6369593762881549,0
338,103.39307079173503,26.2698867806941,50.30426743772823,-0.9161683464625442,0.4349136228834096,0
339,107.06465727137812,29.76648364837625,47.78138493500401,-0.17513843300207377,0.7041261608226087,0
340,102.18137723598012,29.587508674051108,46.438236719839395,-3.167160445683369,0.4446233965664576,1
341,100.88889802216784,19.931244134429022,50.10085352827888,1.4591847211380398,0.5767011228498452,1
342,106.21843605745956,20.17497367279386,52.524555781343345,,0.5752666020779252,0
343,106.22483285554361,24.78646697543592,51.85160928319212,,0.5403714291564103,0
344,102.46528412314436,25.647657917139895,49.83617540854878,,0.650827979641113,0
345,102.64480847190839,26.873014963990386,53.493979396350994,,0.46749930639943316,1
346,106.16024968678818,20.17260432566577,48.86187721830685,,0.6368641235775928,0
347,97.75957829251338,29.508085041173214,46.16433467640395,2.2189566666276894,0.5928794441123397,1
348,97.96268112811723,25.664871075470856,45.63579741159808,,0.2405367259100401,0
349,101.40777889373783,28.164563026446658,47.63761811880857,-0.25681681776857035,0.5113379937295539,0
350,103.93276424144076,24.48078858341006,51.633249486524456,-0.5451029748441365,0.5434242018508538,0
351,106.55453782799002,22.97132217107859,48.73039463306523,,0.4663043057788425,0
352,112.37678108474776,29.726194879139953,50.921917283714606,-3.5909115995161196,0.3113711622246567,1
353,109.2882981160101,24.985456449838033,53.292566767167955,2.7239365443482915,0.7703434097414539,0
354,104.20030735018287,28.402482993590148,47.79980607484439,-0.16880559629189024,0.371212214378401,1
355,104.90491896048655,29.43950875639548,50.95699946359178,1.3741416030257185,0.5403336451724395,1
356,99.98735317681096,26.104255524103912,51.077926145311444,-0.09035585653738613,0.6441961219669657,0
357,104.90743432003805,24.5872641422241,48.27852402305379,0.7381875764695108,0.5526809142348525,0
358,103.5567068053993,18.04213021092781,52.70842185049017,-3.4821273879242245,0.2732924477797648,1
359,106.61359280169044,18.48023568886807,49.42458588890105,-0.577323559201065,0.47043066272890605,0
360,100.86384528223839,20.410214592613396,49.23249403817398,,0.646173804078604,0
361,107.59673257120586,20.232101182271943,54.223226436835944,0.43309852007054184,0.5013043724851515,0
362,112.66369456501289,21.057105542398144,51.04553348473344,-2.4552616390901365,0.4369951295394007,0
363,104.45619925771571,21.65921565237193,51.850581099371,0.09213734081491962,0.5281058829083205,0
364,107.0085586104947,22.32078592260874,52.70978586304368,-1.2281134887922573,0.47030216659525115,0
365,108.45071995855557,23.046452280826518,48.69905200108157,,0.4982477072628054,0
366,102.99389764057082,19.186396061472177,52.49964219410736,-2.2810414099750767,0.3564651212039169,0
367,106.12046240905208,18.508343183433386,48.99621177000466,,0.4519516213558061,0
368,105.06296200390898,26.08733338887628,48.910753221323404,1.6695216659034526,0.6309156438398831,1
369,105.48838049274416,24.44801789811693,49.456000055383726,,0.6457703237845365,0
370,101.13495108072267,23.329730426641436,48.75587033011009,-2.2110725876143924,0.344635248027942,0
371,105.12255087129472,25.613279294020227,51.644312865314326,1.1510582418397135,0.6101914410227903,0
372,107.48999145622724,27.932152886442488,50.534421310290114,1.2497570556313624,0.6902225609009377,1
373,112.2557180389752,23.132314909394456,49.01755117076578,-0.8707570158270124,0.4410043109067709,0
374,109.79635413042604,25.693433580623754,51.349010066309646,-1.3763675781139961,0.43202657495011115,0
375,115.76591228755778,29.442866686021905,49.44963512522731,,0.3003926040148423,1
376,101.16326218555976,28.07549395033873,49.343859259270644,-0.7910298651903227,0.4381790458992967,0
377,109.36160318360339,23.112009726028916,50.097367769803085,0.3039323937839246,0.5373256643742812,0
378,105.91671002869175,25.736602053776917,50.926920711332436,2.040168015760219,0.5999639909192372,0
379,115.94901466608836,20.124851062991276,50.77969529875484,1.6580075070151747,0.5466847920653485,0
380,100.95850857322424,24.726266218741078,49.27350163549434,-2.4231254164029936,0.451427896193207,0
381,100.80139078909612,29.775939493661312,51.6942224148788,-1.183264872900768,0.4466375242127906,0
382,102.0030367727799,24.219781382430266,49.55521169784069,1.949460561464206,0.8563533399113754,0
383,94.38052137845096,29.131659590281767,48.69003102278256,,0.4659399640409802,1
384,102.3712248915962,22.888019046039126,47.0639567024653,,0.22108115247519228,0
385,101.20433669223151,29.986137926215576,51.966356961998045,-2.557933401921128,0.26090016903042923,1
386,105.75196893238103,24.950640422730693,50.02478015238802,1.729550123269422,0.6396894340904415,0
387,106.70877987888579,18.507227930831213,50.42174471702103,-2.869122308777082,0.29221290456703286,0
388,114.38085419607943,25.041057560296657,52.09160583139903,-2.4642158711799285,0.31866617965804905,0
389,109.75211919093024,21.29487234815516,49.04518753680437,1.5762255912550551,0.4548882951674799,0
390,102.11548172168798,18.389775864430735,47.251201503051746,,0.5963313789024589,0
391,100.50792664325822,27.850239656335958,50.13956140443044,,0.49759694423305983,0
392,107.45959585753253,21.30875564376907,50.61592310416059,,0.5350688605490801,0
393,98.3988339648968,27.55858264855798,49.47430186767925,1.3624193396744826,0.46613140183394686,1
394,114.15729382927177,21.458610995470405,52.947475156152336,0.4341717220460738,0.6022491974339522,0
395,110.89720060360644,20.331916246485292,45.02766686455729,-0.5598272690649964,0.35287172756625795,0
396,102.65412173947648,29.68722688925313,52.240113275799565,-0.7281804320785393,0.5073865892951978,0
397,96.43432735454562,22.339743933060234,51.58230730072845,,0.416194830652296,0
398,111.76936187082707,25.216514537317927,50.91354155540092,,0.42403481440556773,0
399,104.42730077373692,25.31977791377366,43.32819690106181,,0.38777468573639357,0
400,111.1890815598673,24.72568178608202,52.567777566540535,-0.6567692686690212,0.5053905806270371,0
401,97.02786170602816,28.976348922254576,47.94713177872823,-1.5027221933435828,0.3688756384725518,1
402,102.00312488523113,26.09329285640242,48.984616043233224,-1.350796279940146,0.4134102514720031,1
403,105.02621849859092,22.844796049259163,49.658814670419865,,0.6151118508294816,0
404,105.2349029688237,28.348564614291288,50.81483606930395,1.3224954726135707,0.6140384897537763,1
405,102.74967264260378,20.172754789391572,51.2788560843851,,0.38387183676874664,0
406,108.11424966173749,24.53084109132501,51.78568110863859,-0.6487193598695689,0.46220611297683895,1
407,99.66189785308703,29.406604463325074,51.63170702015703,-1.280472069921305,0.342504876314651,1
408,104.28810257489353,25.504771558564954,50.50585440842625,1.405230065361387,0.657255398263703,0
409,105.60147815855949,27.803621405698514,50.83184531811518,0.046493654483860426,0.6559763691523631,0
410,107.57219417029374,25.842728706542314,47.81849256835551,0.5518514689908972,0.44308304193020553,0
411,108.55807439044445,28.072450362454685,48.49794638636195,0.5377051951401943,0.5237685493603733,0
412,99.37678954081065,29.333854558142924,51.79092044734966,-0.46155243080090524,0.5686684795930658,0
413,97.32942914632189,21.27506073039284,51.674418973457364,,0.4150190933445735,0
414,111.38838410949255,20.035932975080627,51.44759883288884,,0.48144054206159864,0
415,106.66157005989795,23.80788900399048,48.971166476686946,1.6918282989711768,0.5897520480996531,0
416,101.25756731721724,26.42234912189059,51.82098426388739,-1.0885264722758579,0.33989330559749614,0
417,112.75575987761262,20.726295038186592,47.677511095039286,-0.6155434796225258,0.48111532773666094,1
418,105.57837317146429,18.049217405162004,52.154719619724546,-1.701585803056815,0.5276490737704643,0
419,110.89648592031914,22.115221390040464,49.47825839750822,,0.4402242180612775,1
420,105.33759240705055,29.626312025613462,53.36834081268127,-1.1537474955430842,0.6046800536017651,0
421,115.30373962440993,26.33960952727016,46.95711581586903,,0.4494801529161917,1
422,113.77670421221602,22.815905327294686,53.52680809183704,0.9870560867886436,0.5872575493034529,0
423,103.75517925760464,20.310913168162084,49.27707134167308,,0.3956900361249104,0
424,109.85785475477178,22.273076085056964,49.24104148797651,1.6243151918279928,0.49365264347882243,0
425,108.22687974792574,20.038073199614974,50.3896776379712,-0.22844830994466972,0.6220194453599395,0
426,111.84315778766174,19.275669855755417,48.6058421743986,2.0315100704877573,0.57607500575545,0
427,100.17538269709948,28.880908470870647,49.855341997395385,,0.6307252501463858,1
428,108.43025729999219,29.971804060505683,48.52474746945829,1.5422426088992869,0.6114697189568528,1
429,110.29212243424794,19.969373275149483,48.597872938041625,0.14182643283386606,0.29183947633706314,0
430,96.20630256788442,18.654270706539357,50.97377190060114,1.0489648102745395,0.6879348345020939,0
431,99.08370743667112,21.956773285754547,48.19686900939297,0.02260682892331816,0.6915733728575794,0
432,94.8038391111995,23.539910169136984,48.46361152998904,,0.453811467204095,0
433,103.65296582777721,20.457854964910254,47.25441750050718,-0.9819381213180665,0.49210206799123635,0
434,108.58771127897981,21.6170989415827,48.99213864007732,-1.4273873934798258,0.4069730876118621,0
435,112.51178526048014,20.41044882829989,52.62320405944784,-1.0151865627463093,0.3417194399844663,0
436,105.37047390209888,27.291126821189415,48.30813271979406,2.690507148959166,0.7539317390212348,1
437,113.14307772785646,26.550935318967127,48.53673346962552,,0.6757953930409866,1
438,98.09949270892554,25.619418189131782,50.38784389296307,0.6613272021624708,0.5780779855998621,0
439,96.48308780322422,22.64661428495046,49.25840713240095,,0.5942886102286861,0
440,104.72226150551691,28.90849129577083,54.4563088666993,-2.838170228858784,0.3881507299435915,1
441,106.92032724469654,29.634390498420238,49.674944070647484,1.0922755696342943,0.5020201065027818,0
442,104.83652625952953,20.083671751504944,50.67043669243474,1.4094364743032515,0.8205887065083438,0
443,94.66278949980062,20.676151696942537,51.88753756959864,,0.3034566068712218,0
444,104.55439980243605,24.307572336004434,51.8491557317257,,0.514722337185611,0
445,98.47765249747573,19.095006831386943,50.46657516311476,-2.1361104640006277,0.5052551080044836,0
446,108.3483627441502,23.237380785877356,49.677745026627996,-2.955008034669048,0.3493290210241128,0
447,106.83299123048424,24.981495177332523,54.04805707275851,1.9894773252893676,0.5975744147391844,0
448,100.30060106836322,24.264882853647997,49.800479449371466,-1.5105735714185133,0.5659282586370546,0
449,102.43066541331653,21.970902996936314,49.11661979114304,-1.0739201090765658,0.5141655191012093,0
450,99.70393239055524,24.509349672926483,48.70830202341196,1.484406814136018,0.6471621953842303,0
451,104.68660451363414,29.505611451106173,46.54639359458649,-0.4578574083786018,0.3353360801617981,0
452,109.77571160250619,20.47220885149651,51.64323150447433,-0.2702480605936235,0.5265416148312235,0
453,100.07136976832228,25.857976300728044,45.30386320579835,-0.30313035965689394,0.3842826884576676,0
454,107.52023257758923,18.520760329872623,49.98855431819016,0.5213981564621784,0.4805705071486167,0
455,102.3487119081378,18.79699685377722,49.59027873145723,,0.5005890457269813,0
456,101.03563583868828,24.62193869068302,54.4799303844629,0.17118911153865082,0.5049384753693741,0
457,104.46484820022721,19.259270163935394,46.33669754257275,-0.7553371881190589,0.5276549711969243,0
458,99.82378838790314,18.26816146112229,48.19779342603129,0.527729384819043,0.6034564344251131,0
459,102.23175347326409,20.058155971776266,49.7278070826367,,0.6081016113211047,0
460,99.01061053705575,24.778190051994894,49.60494132506167,2.8468287565262735,0.5079213435122976,0
461,114.82362566458195,26.44009145422719,48.90091081837991,,0.7076720049781601,0
462,105.17631775985865,20.42974276969656,49.838024181195664,-0.2762482767074696,0.48372969928703935,0
463,101.50137246003708,26.019113246498094,47.480874542260516,0.35823648890556203,0.6392051598119991,0
464,106.0698995536711,20.18971597319075,50.71438575798988,1.4466534664720798,0.3209013885453441,0
465,104.43835975154585,25.361489119575086,45.35702931584484,-1.6373777297658019,0.39159823353533935,0
466,103.89515200233389,22.94351615874959,49.94846128824548,0.15536478266260198,0.36170002936603574,0
467,108.07083350021712,25.8455941120034,48.79928661147285,,0.22577651029996812,0
468,108.78753855023652,29.94063302975097,52.03257588551327,-0.4072978750835931,0.48469068140420196,0
469,102.34749426194736,29.253803582790745,53.51062214126661,1.6090905451490416,0.5469795834053661,1
470,102.1209087967766,18.051381094033243,49.337895662499285,-1.0892136545209772,0.5769410179870594,0
471,103.62474151424178,28.625265172347667,52.781451858282864,,0.6901620208437336,0
472,93.49039417632207,18.7978895420972,49.36776743873918,-0.7933583615754036,0.3636486606480266,0
473,97.42404468900725,29.43655903391814,48.06774695374182,-1.289103296600524,0.3867683186331877,1
474,111.83437133722262,21.381908149196217,53.49180726437124,1.4572289974021524,0.46975262604689916,0
475,113.22483856750642,22.584417964935252,51.041552889468015,-1.5678880347684805,0.5371956162033215,0
476,103.75481980221811,19.099658462108735,50.00887704521963,0.43944794079463967,0.5378767575121067,0
477,107.88278481527882,19.347273099946914,51.374354950197294,,0.5263594885536966,0
478,106.55625077271768,26.720886782751833,50.54843007026034,-1.2776992755579357,0.4673616772948368,1
479,120.3944040422762,29.3319868289795,49.861561184116965,,0.4805593051668909,0
480,110.59787455717289,25.328981939451715,47.34713034538401,-1.4024217562019659,0.3442319096062487,0
481,104.36041204259617,26.59020018632173,49.45892652567747,0.7826878123637372,0.5442398659972666,1
482,100.22229779699788,27.143636935165844,51.24651084691695,-1.9724185719643406,0.37467823489803936,1
483,96.96776839871214,21.153771294635302,49.75445714862638,-0.5094082547877615,0.50923199498808,1
484,106.01731817933612,18.54275557104258,51.80465152226077,-0.3791574894868497,0.31784426867363513,0
485,101.21824627357849,18.022472927030023,50.76731004773358,1.6694330073160049,0.6021075086371295,0
486,97.88873145201163,22.207791395448226,48.24372736382919,,0.44157862979805435,0
487,101.76713557878736,20.89757073839059,47.36165608433575,1.4325202351680888,0.58675650549976,0
488,99.59225998192802,18.747812700590227,49.68564300013966,0.8320365727348182,0.632110789573816,0
489,113.43570817536282,20.154339509924,48.951543103790826,0.822454501343638,0.4854979499556616,0
490,109.40819878474726,19.493986779215373,50.672643619243374,-0.49789978534510176,0.5947770623097629,0
491,104.96013679341691,28.978540567408444,48.56372468247454,1.5313588252873298,0.40249168276340636,1
492,112.39972069445012,19.683206561510026,48.76921534849025,,0.6276701023544884,0
493,105.38684153823809,24.45178156785215,52.106139435189824,-2.594738219895161,0.49411249424003334,0
494,100.69357899335868,25.117271461345975,50.2964059372558,,0.3952319987739369,0
495,112.61562038634828,24.521873492503605,48.59454586914541,,0.4461881891367992,0
496,107.69455021842329,19.188677210591855,50.03528361747004,-2.40993857806922,0.23000747578761735,0
497,99.81376922836772,21.825580341006614,52.75782248600336,-1.3276535380805787,0.5257552023080352,0
498,104.04830660958196,18.61524398955784,50.58757337654944,,0.37466478571847855,0
499,100.62190873307621,22.748038969155793,51.18590161885026,,0.5186267928472916,0
500,98.08600134517832,20.263187175259105,48.495530926945115,2.5092939555187437,0.5131832015020782,0
501,109.63088773765821,24.739590399412556,52.0528387542692,-0.3145487313198244,0.6654699528775516,0
502,114.54708320235065,26.313700726189207,54.636204520927606,0.7972955446023889,0.44258868426513215,0
503,98.00716213090429,24.38543832245648,48.417064714974295,0.758279048849585,0.5403305663150029,0
504,107.81484618345286,23.21084035933675,47.636212051256024,2.3306954196599423,0.6381317419555665,1
505,101.74678715439086,22.648001050280307,50.3510844876703,,0.4111914139193239,0
506,102.56437308117651,28.100301217164045,51.75101009968882,,0.4234200060806169,0
507,102.03803037880566,20.63241678078324,49.817220655899476,-0.5111529741360875,0.43751620685584947,1
508,100.68004615160092,26.810620074346424,47.89358720791468,,0.5621858762783193,0
509,105.24260813972414,27.08978789688143,49.78283167643922,,0.6531180446575734,1
510,100.84524941794481,23.030400087248815,51.19618454555491,0.04621667279596978,0.6648654023697513,0
511,106.3522841288992,21.567607190707673,49.18593634610788,-1.2820659789105902,0.35819283247411093,0
512,104.74880945275432,23.646497832551702,51.214510035509846,-1.7317458403396786,0.4888233832500503,0
513,103.80525976566796,19.118567110712384,52.32942157047982,1.8789675109695703,0.4183085043650225,0
514,100.462181689792,18.55116038674908,50.480461251540895,-1.2888817559671186,0.3578634087180452,0
515,102.11614334715834,19.3392383934227,49.944104457443416,,0.46813980533201077,0
516,108.77695612912878,20.245740377546714,51.658687850452566,-1.0195369938879422,0.33863179698923684,0
517,107.5045859381219,24.050121844056516,48.28779834512554,-1.9000391048747578,0.43334529548182255,0
518,100.11222377600724,28.189639633933467,48.09058033261415,0.9077994004527319,0.534371250663422,0
519,105.49666152714613,20.827707983996245,49.46685543014203,-0.9461173001452976,0.22481136320744458,0
520,108.75693561685894,29.221944128961336,49.01624109037107,,0.7314604668681682,1
521,96.65297359439315,29.458894907220042,48.39331604941905,,0.5550478399978296,0
522,107.71680096189968,29.506855258142462,53.66093694999755,0.8193978675187028,0.5410876288275097,0
523,101.68688120527077,28.050752816115885,54.343986418988585,-0.40222302591477976,0.6109007335639596,0
524,107.8529933429658,22.365900489572645,49.29258991548883,1.0292753347570613,0.6503498556770031,0
525,101.18370421728741,18.872206932031478,50.18343789949673,-1.3838194926721243,0.40099169597654394,0
526,95.9755894966774,24.825824781197937,49.624314359872415,-3.6811353765962007,0.12069192520007321,0
527,96.86228781058419,24.704177327246803,52.21499848023631,1.0603382596801618,0.6094554775125547,0
528,105.24042473330691,28.199709205315145,52.6112911236801,0.24838575725620468,0.41613467038794494,0
529,106.2986125086074,29.951892611353262,46.44547240262071,,0.5781705775578946,0
530,100.47841687447796,24.09788767872177,50.95202160013125,-2.2067291429625677,0.31204717659210235,0
531,108.19296229388686,22.14244837247741,47.38635731767771,-3.054867448253015,0.3020699380683518,0
532,96.6923996886552,20.230820538675204,53.51654431575056,0.07761502231345821,0.36956264165173897,0
533,104.66960100676341,18.05759789780845,50.880496060420796,,0.497429411329463,0
534,98.94491900118771,24.10936430986655,48.35330092327473,-0.20783612464646972,0.4787006556977859,0
535,101.7408194609892,24.66622400043115,49.5173572241243,,0.45267389314884077,1
536,105.23699335658208,27.89926175780877,49.422045483467684,-0.03655176374376456,0.45058415046072686,0
537,100.69793317358024,24.05492361471361,51.05022588577163,3.268807667863155,0.8687415457940457,0
538,103.07722227885087,28.99762018399268,52.08382520835496,1.1278563399797,0.6167574536109758,0
539,110.0314640460722,25.537001718857226,47.70358541605658,,0.43100618841509614,0
540,102.11554065238425,28.084034858653,53.67750900182423,0.04215585585315477,0.22637521776568445,0
541,109.1784605603257,19.779620817692965,53.21138021564169,0.4986553667324113,0.6075095912060523,0
542,99.35146572671191,28.264033563627777,48.24935286481791,,0.720228214817998,1
543,107.64902088957642,26.10172625332618,50.14560358872462,1.1387049335138397,0.5381402211234877,0
544,112.2078431032895,20.042796389259966,53.42161708822863,-1.2267131957165307,0.35761308790095525,0
545,92.64177749936356,20.277162697752132,52.46583717335496,-2.266418651010106,0.40301153292360486,0
546,101.01552372264761,29.118007428530657,49.32651393990421,,0.3625691432727621,0
547,107.8853606359027,18.386584325404474,51.628679629135746,-0.12323378923553291,0.5400443649648856,0
548,103.98477306978504,23.550419319548475,55.994396583438274,,0.6499452537285223,0
549,106.85572936685655,21.761703479209217,50.210319963702425,-1.1469669264941817,0.37555854362185453,0
550,101.9800740664209,25.980929279981137,48.73470349711996,,0.38925247538307817,0
551,105.4329489373645,28.075552650827902,50.344839704182796,1.6926699905536666,0.5766639166546492,1
552,104.2216138230396,22.324537458678833,50.493104190994636,0.6616284225011224,0.48295949793528237,0
553,110.83891030829903,23.122825047874045,48.950926521999804,-1.4351191148659275,0.2770123234691243,0
554,106.27210421650607,29.78301341401697,50.88325013562844,-2.9260453416301613,0.31517396366003675,1
555,106.68801331037601,27.406998116150433,47.491197880544995,-1.371624603168315,0.3727178479107808,1
556,102.94061516938767,28.766449571181496,48.66893226598264,0.23594860824028568,0.6484529167454417,0
557,102.56196887963753,23.265146647819556,51.516489552309594,,0.5681425930020847,0
558,102.8372090609019,20.808914447809382,46.4902582969155,-1.0644753077652311,0.5865075321364316,0
559,106.97226071189148,22.94236158463742,51.80633518398955,-0.8837406583959944,0.5359854672498712,0
560,102.89507759589868,26.593103013978162,45.97603726858859,-0.10906134410443184,0.5151252239428861,0
561,106.44887428448206,19.31316485803175,46.53735084224737,1.176941869437523,0.47140629072743917,0
562,115.37700399322719,21.245629267398105,49.00204251388823,,0.6325801224692862,0
563,109.35562351715846,18.559630805539086,50.5737276856387,0.09290553227647605,0.5394242202882475,0
564,103.3698823391608,23.188172860057577,52.65052720625478,-0.3372905458242306,0.3583324379352833,1
565,111.00606961081972,27.92934883175536,50.11524552631919,-0.7490352482321085,0.37116141836960337,0
566,102.95962313489224,18.29596425957613,49.50689278484802,1.3413613069798944,0.4406935471426398,0
567,94.80937732411073,26.103882321685994,51.15916249596961,1.1136031017662942,0.3504772590266559,0
568,99.95956844541298,29.189950494164876,48.25820235906413,3.067919876499075,0.6922482123198668,1
569,95.64604039487072,20.84313433813419,50.27883031869281,0.9158464475838792,0.42200478519593926,0
570,103.24243257979346,26.323618088731777,47.60110748408928,,0.3870243977813652,0
571,105.09209189594776,29.701222813202406,50.16518103375083,-1.3569769636652846,0.4360351146815125,1
572,113.38218656137641,29.54733672182956,49.74032734830119,,0.5526816021646459,1
573,106.63463686882082,20.81915031634972,48.39146415710117,-1.2224803264651651,0.3675317995439247,0
574,103.90449735595568,19.203972638544826,50.33008127307548,1.2146050297831066,0.7126231527953312,0
575,109.14702790591744,19.779390454750992,50.317099306319285,-1.1398709908389209,0.29034100128281903,0
576,93.94432345496057,26.424428021785708,52.35090802467827,,0.37785026394900534,0
577,106.17807279054283,26.70910650543931,46.78873319387442,,0.4663030496438765,1
578,108.85432596943484,26.090838739538388,49.847902184605914,1.169828031498122,0.4958781051398428,0
579,97.60706877110078,22.03294065290686,48.47947520059304,-1.8505074832638737,0.3409498481899545,0
580,110.71877021603464,20.037323277097464,51.739524116352584,0.40943599426005256,0.4125681965984065,0
581,106.69248203747208,24.969133103427037,51.507824130384265,-0.29675990134051766,0.5189821235806709,0
582,102.923560430496,23.804165349094397,51.015759690137244,0.15270965583938984,0.5301986702532824,0
583,108.16390933053142,26.74600976546764,48.592333483861076,-0.5937057512424506,0.48222702330522227,0
584,116.35346428902199,23.296320944227457,51.77094116588019,-0.6288899210564867,0.410259811815075,1
585,105.90933127529247,22.06367633623762,46.939738142513335,,0.43650562995960235,0
586,106.24110293150169,21.52174292830817,46.52937859281446,,0.40853023778607606,0
587,102.70319550229878,20.537643840596957,47.448258000196155,-1.512033092500015,0.5210523262986504,0
588,100.75077815267605,21.188956514239937,49.93305037934619,-0.5378242494576176,0.6299247273407759,0
589,109.15167908272123,19.137965266129218,51.35032880197659,-0.5962052095785112,0.5813252708240576,0
590,100.71958087045566,22.162284131146674,44.04793505198095,-1.5080946957065615,0.4751689994042686,1
591,105.35783118609696,18.4388377483555,52.64548566375957,1.386322039371997,0.6675337192524532,0
592,102.61171276617442,20.236966165995923,50.26222439235687,-0.5017101276474072,0.35672090662890515,0
593,107.39489912873196,26.961245335433148,46.86445530482045,-0.33999330449416704,0.41162330731671554,0
594,106.66831052643474,21.905627864119474,50.20189394057916,,0.4528752261223705,0
595,110.18769972128949,26.018844203728126,52.18505082935684,3.107453781918179,0.6435566023910657,1
596,102.44991800572626,26.60261010716733,51.198882030612516,3.6406010933323696,0.715780692615253,1
597,103.65062532353315,24.974224112785365,52.19814612510793,-1.170597867606522,0.5394166257220648,0
598,100.10618142108846,29.50437289638478,47.26750674120578,1.8391295717536464,0.6743593070307649,1
599,102.77853369961944,18.257278399477357,49.17198952972319,-0.1377200756063857,0.384017645213061,0
600,106.88650246522425,26.863831807057707,48.150615538952934,2.4056543892196594,0.6214671500708372,1
601,108.78494308322676,29.505439727284895,53.435160410088635,0.5043496296005795,0.4331352232938904,0
602,100.38917337911187,28.34726075223527,51.27872568697326,,0.42975035879354656,0
603,109.3480296005283,20.01471230166016,55.69401917791528,-3.7489043094278727,0.14146788401994442,0
604,111.77818929402476,21.921843675020785,49.064780933165544,-1.3179089601400247,0.44746459622845364,0
605,107.0671745161185,20.069422078517583,48.55065157663539,0.03078100436241401,0.32306159330491746,0
606,114.38397906279033,25.21570036577645,49.7143467228097,0.29799937905596824,0.5543132928380162,0
607,101.13105400448214,26.546255783753907,52.756714442845094,,0.5447322325529733,1
608,98.77672648344291,21.8048852323567,49.26776062124931,-1.0931572930144184,0.4983757472473304,0
609,96.10639875547861,24.474078887811544,50.24887519581389,0.8301705258762292,0.5466973620773874,0
610,112.48022155744592,26.291046840854342,50.193381405773636,-2.0748160946000365,0.5497040078103078,1
611,108.27182828177028,23.05607779933258,50.07899352240438,0.20059458558530904,0.5427742990162215,0
612,104.72207664544773,28.24818636546551,48.69520307907504,1.8569302972335828,0.5065721829329922,1
613,106.3998431315991,27.258599223453807,49.72541786417926,0.578204443667731,0.541420867356502,0
614,99.37255476350812,18.775986526206847,49.639794797297284,0.5032301147489655,0.7211306557968632,0
615,117.22875989808414,25.453503589089948,49.9848706806507,,0.23922475784743594,0
616,105.64610590987614,20.823906611516996,51.88703363630542,-1.2328691646268441,0.300344153795185,0
617,105.54697397302446,24.690219176007304,53.521256069248984,3.08130275038656,0.7155560022534819,0
618,108.62883311949346,29.482661311595596,48.31913047466059,,0.43265753938774637,0
619,107.40504615868356,28.548744054627,49.21601275042457,1.8967143143206018,0.5416355281660449,1
620,106.11942012139566,22.85419683738158,48.34997620318763,-0.9162613340344241,0.32826899127809483,0
621,101.04762772277344,21.49816630013224,50.374203074444544,-0.41673075226419476,0.28415223858811584,0
622,107.35734178567998,20.812868932899107,48.92330108497805,0.7733802680302777,0.3930260095183718,0
623,114.41012248237517,24.39017843707824,50.479593667483975,0.1510395239910143,0.6690445287322867,0
624,111.7271002307749,19.370981439096674,52.207253820889576,0.5722686765016198,0.5277260095106332,0
625,112.96593313319698,24.591300097538983,44.948336628390784,,0.2423842826901322,0
626,102.44392161784407,18.016003673889504,50.98355977920138,,0.5331883296217197,0
627,100.0519758987071,21.88619556895014,49.07962590220424,-1.328807421585752,0.5570430256221098,0
628,104.37106539950176,20.639211765966976,50.920844535968776,-0.79847721219355,0.5829995349586061,0
629,105.27862456144348,29.654625479529386,48.207061124499596,-0.3439220730861169,0.44055076539729415,0
630,110.47095759235474,26.72690783483975,52.39252197661375,1.5559130709597309,0.5509145923737294,1
631,96.5376768514259,22.195840565546852,51.826561236080565,,0.520313395572687,0
632,112.64775159730307,19.114141038367446,51.13670429708529,0.7268956537628775,0.6764494334876123,0
633,104.20996050710505,24.20160713628749,51.5864514356202,0.21240151887019826,0.4551299740346465,0
634,102.8655946502629,20.56137457591251,48.50875906565565,-1.673151380293164,0.3409011065272704,0
635,99.93947812369916,24.437154550780292,48.76075249062142,,0.5708629012861396,0
636,96.72571664067115,28.02434825014671,51.504872401634955,,0.6307341316493313,0
637,109.11585291980957,25.389510625216623,48.464541714462776,,0.5517151721789423,0
638,105.36658983594202,25.605461034540028,52.89127009331617,,0.4868998855569341,0
639,98.55019550129472,24.492363468753737,49.352817857437934,-3.060616297722541,0.3582138615212763,0
640,98.52460613968192,29.12718759157691,51.00378877972124,0.264395722755746,0.48809532552733514,0
641,103.32107650354936,29.18283221304724,54.19849903851018,0.5307750023825706,0.4436109302705434,0
642,113.34510762644696,24.152678412882626,48.58755329186385,,0.3711601493815266,0
643,103.70204324318198,21.669113845722052,50.137523501689564,0.0420313510901866,0.440624961377458,0
644,97.48428523440947,23.515044070553326,52.10836632927462,1.3181585678742072,0.46830200980685804,0
645,103.77128467957027,20.238694946347387,51.90255477775306,,0.4939378350663799,0
646,103.63638215126164,25.63613178381707,49.34436937952128,,0.6008565135797852,1
647,91.51556678529214,24.0011080293868,48.96653912495629,0.11855466692074791,0.5263286684831273,0
648,104.72852566741093,19.23960573375936,49.53372813490989,,0.3164435650936322,0
649,103.84532734895662,20.371773373435385,52.89571553230273,,0.5741454162240144,0
650,108.48103182406709,23.75558347439432,49.441788287280104,-0.09561497600130908,0.5249074008099054,0
651,114.24478047472672,28.6510678886263,50.15623138496693,2.455563321480411,0.6722607681451986,1
652,110.63282514773879,24.79668864757317,49.14642705815315,,0.4257045545696292,0
653,103.65555654722584,26.17842000250165,51.41109712959197,0.3000168599167006,0.6283385002276843,0
654,99.46737045629165,22.068342596926918,50.311050075167316,,0.6817228902221262,0
655,117.8667990162493,24.85693671653081,47.993132378483544,,0.41878193113587403,0
656,105.29609217007244,23.368557871656808,48.06235177193001,,0.675025713676005,0
657,105.06964645956474,25.909558951477926,46.002788866888984,2.6458053480859167,0.7424391826114627,0
658,104.87937456444999,18.606906792948124,48.337357181748764,-0.04334443147301281,0.4512955558174973,0
659,105.99042380383928,23.91960259486751,51.587891607264346,-0.8091390921890702,0.451419180627066,0
660,104.27819794038028,21.551911501727602,52.64752107602454,2.440679136585582,0.6300130925495198,0
661,102.13168996559882,21.91422073533491,51.371116726434366,1.193446309152222,0.44989029963303134,0
662,102.26570529379804,29.531009178696735,51.109264401281365,0.12295380699575412,0.5503139415052284,0
663,104.83623364892001,20.192337752536595,49.7469479009427,2.140265729423554,0.7092655680311184,0
664,102.28287614433117,21.734943030943164,51.549829109827975,1.981488282823979,0.5846858125194142,0
665,101.43577108661418,24.11871090877046,50.572556446163766,,0.50876573388836,0
666,105.53215113845948,28.356323377795484,53.60889794397425,0.373094779948725,0.6585128185892539,0
667,103.72511391289572,23.000040998476443,49.80310937164651,0.8651887318889344,0.5027442491141519,0
668,112.51996494291345,26.92638337065805,52.68601616747226,,0.5381812520042892,0
669,91.74515095803494,28.276489178577627,51.74822816363572,-2.0863058863564206,0.33870348551521157,1
670,110.45753425961232,21.720196269862186,51.47088657240832,,0.3699199073156901,0
671,111.23042596248814,22.71300220246452,45.97701734907636,-2.0373941781903406,0.43231961723776174,0
672,94.63304883795925,22.278674684260274,51.858379123095425,0.7393864545360059,0.5611062794581291,0
673,103.28656202959826,27.994269703415053,49.74498404218169,,0.4666805601684889,1
674,103.14279567002104,18.532162343443215,49.11214701113022,0.2886271062261453,0.5220472302737522,0
675,97.9624415264109,21.70105306594416,47.034173917644175,,0.6839070687005523,0
676,101.11091656204562,26.15290269114156,49.98882573206363,2.141655277368219,0.7736346610755479,1
677,99.44712077267086,24.785321994784113,50.067103193636484,,0.46818479201050933,0
678,113.76135221711812,23.235472311524333,47.39399615637039,-1.9180522061565095,0.4379355595666234,0
679,109.6783919657373,24.479378726656613,47.05343965421262,-1.164774636269788,0.4922519680201777,0
680,111.3577754749708,20.37101502993982,50.973238960256225,-1.7535355338290515,0.3824330219581272,0
681,108.60836032021618,23.168599459296125,51.74341026212275,-2.4807215659826003,0.3600450125870771,0
682,99.35474114391386,24.02043581011619,50.38056581984485,-0.016260509587860898,0.5484330675877536,0
683,102.37739866860113,28.81426946345522,52.301669299368726,1.057650824124846,0.5616475636778282,0
684,107.4468728061396,21.130021953647717,49.827230031297006,1.431051058084331,0.6508544205273685,0
685,98.88936095554027,28.41394202597919,49.8912974511996,,0.5911215875388168,0
686,108.56499215086194,25.730896809911783,48.16594394251842,-0.4078555504733874,0.4694306263769542,0
687,103.79837300920933,18.24408997281121,46.87951604489257,0.5335158676871331,0.3257541394726563,0
688,103.12589596225202,26.695576042792723,53.70932426771917,-0.1627283427587237,0.695282475441125,0
689,108.55479984101746,18.42662253058866,52.262598100499496,1.215910164143703,0.49554606490006,0
690,107.2213165574302,29.968573521765755,47.21497486572304,0.6455472942517702,0.5517935350224564,0
691,103.1951691709046,28.471640252294375,50.31150381566256,-0.5644566352710436,0.5445263969091452,0
692,110.79664901682123,21.568124970480547,49.799907377792664,,0.5016496305103001,0
693,99.59468336200051,21.088934762360466,49.45201505367391,2.24854740822299,0.7930307912681621,0
694,108.07967803472133,22.577292985267306,49.18196430437012,-1.0291234341664823,0.4121565145149299,0
695,107.96550628984193,22.274003583773315,50.76253829393596,0.5363379685953905,0.6457858751240623,0
696,103.45226780343005,22.468053820624572,51.63635105094295,-2.8748875030786465,0.37605361618355415,0
697,106.63066511121059,21.819318553433764,50.80478233805641,-0.016974875078707298,0.7734716232673021,0
698,98.74443211807349,25.453600882179977,49.75896325124161,0.1503929412932985,0.6175641194906689,0
699,109.6201350960345,19.971163964647488,49.68554656621776,,0.4933977465998431,0
700,104.07548931778506,28.151775509352156,51.873628633845335,,0.6467272144843601,1
701,102.38638489740481,27.748829808375785,50.926889876232124,-0.9466775606901492,0.19000714951409736,0
702,110.24504612918444,23.717798494263246,50.14537892607087,,0.6290174100097659,0
703,101.4782815472862,28.23275958334257,49.92819740479978,0.7848486783140658,0.6400873097147787,0
704,97.9576935181822,20.96574084036352,50.690541019224575,-1.0179584890013793,0.5236481199899268,0
705,97.21685413238048,18.210785468447604,49.0633026228811,,0.3250837605016488,0
706,108.0300497567282,25.430495100357877,51.64307763461642,,0.36187483076124316,0
707,98.59785323751859,23.494912883576585,47.84828287632427,1.3128648263650782,0.6137255891079326,0
708,113.77397090992183,24.80597455555045,49.17708698046704,2.9414439351325714,0.8256245703047078,0
709,94.59035296058138,28.792072908220838,51.22221219089205,0.22619833595114974,0.5057545365252871,1
710,113.48228184145019,29.63910688279132,47.73423437329146,,0.5880674334790346,0
711,106.05508733601309,25.613437677067235,46.853982914701,1.5773342757156197,0.47542603144193124,0
712,104.51643444064804,27.168667078229262,50.12615535085848,,0.625461790710308,1
713,102.27540456595526,19.005701201845973,46.60708369110706,-1.324886309088074,0.4062896714499459,0
714,106.99568057176036,19.928587018698067,47.40239289189628,,0.584787165667735,0
715,104.81182648787576,26.79845765943572,51.51318823701286,1.013134907761893,0.4966731122944564,0
716,110.5165094100826,23.176385476656023,49.59042948478853,-0.1980480156220792,0.6577988676053901,0
717,105.5711382433102,23.35158324485287,52.57097389941797,-1.4314980194801805,0.39765385066399217,0
718,105.75150880730939,21.70329217962524,47.590371318125094,0.8110422418430923,0.43356581247693793,0
719,103.18193893893073,25.288276601732925,49.81209526873543,1.0072345735601589,0.44673099690421614,0
720,104.71527188139466,20.22198054499443,50.79916910641552,-0.5015786338454631,0.412678355072941,0
721,106.5390088444603,25.522995351766745,47.65897013974218,0.09202314799685507,0.5416578901921144,0
722,96.44915803671687,20.085586285622878,52.06352380899925,,0.39575902232492877,0
723,98.25907288947144,18.765912416516564,51.02135776633208,,0.33580945549150487,0
724,108.71632047011357,21.96429226438873,46.78142582662513,,0.5517009596563267,0
725,105.85432719063971,20.77368410411817,49.9245164075828,0.11089852526386013,0.1844230652193464,0
726,104.0800833182366,28.66789966267599,50.77191347251726,-2.2126338322039443,0.3463801447462378,1
727,105.09216966532696,18.659441446423518,48.819886652943886,-0.6360193968782383,0.3347752153825738,0
728,106.73790852680835,20.119364310889473,47.040270188982376,,0.41973181596007325,0
729,102.30120159845319,24.584635266996592,50.55691757889482,1.791989865187301,0.6139744856182736,0
730,101.10847637298843,23.772806290169683,54.42248590056512,,0.45603230888645563,0
731,105.9792262754884,18.550224220496418,49.22603180168462,-1.8688535251638332,0.37700072729476497,0
732,100.10813611192484,18.087029136181734,53.13848236256942,-0.3144900190465935,0.6032263869440968,0
733,107.04126377857236,29.8568153035338,48.495422356477064,,0.4561454862186012,0
734,96.48708197881079,25.906016404306058,50.431091270019905,,0.7220190789899934,0
735,110.14577818662822,22.384873570818684,51.54304506175224,,0.5458762783229093,0
736,107.36298741206521,23.645186971958896,49.98317266805727,,0.20003653122832382,0
737,106.28014867156938,21.198601445451445,49.404528702237535,5.537436751796707,0.9702810346183208,0
738,109.91345491972757,22.138485404318516,51.45225504270075,0.21354493738639452,0.5384877813184209,0
739,113.32737222231289,25.788533607218568,53.78291023053844,0.13378726546286868,0.6938641491971314,0
740,110.07185032509065,28.59374158640845,50.60117384927826,,0.3577846977969467,1
741,95.79562884334177,20.20956027697422,48.9678796469393,-2.196853898942418,0.4173804797936718,0
742,98.6021151663215,28.084338064623825,49.620496885480634,-0.13792343650954847,0.53631524470703,0
743,101.8759071115216,19.45867955421923,55.03941529129075,,0.5084014725016011,0
744,105.13045525105417,20.579906683060695,50.269814232676254,1.0531712087651284,0.6798505599969451,0
745,107.58829510234561,18.44610345659575,48.81117260284405,0.3561564859773907,0.7110660251493004,0
746,101.37128093423267,19.689742345115995,47.70986416703492,-1.7789133047522014,0.18171170690073976,0
747,105.9338338223854,29.00763774556861,46.34819781177479,-3.756699913620073,0.39364684181814746,1
748,101.22308533823339,23.513264959420543,50.72716854769238,-0.15033352406730777,0.4030329428115161,0
749,101.94241098504025,18.931990341340242,51.30928398564901,-0.8009620059136919,0.20067105431733798,0
750,97.96669451575889,29.516722056467536,49.206607640069585,-1.8938575861684273,0.4570089463379979,1
751,100.38383376944547,28.547907693103802,49.97005916393809,1.2420873361584386,0.6140317165579099,1
752,98.24157697191833,27.056190250417693,47.65907658142275,-2.3633651237699826,0.4498444613176893,1
753,100.12063373511333,29.201673503370692,50.265856929655,0.925453259184874,0.5833754507495962,0
754,110.2682089830392,20.64155305002917,50.96299064113425,-2.115206962526222,0.48174217420205645,0
755,100.25300555584029,28.036431516121034,48.929671465664725,0.20113302837499647,0.44975177128432536,0
756,118.16191032418695,26.279894356251674,53.380905339171676,1.4009614830279329,0.5963815130668886,1
757,107.46658950440445,28.437110994812258,48.325787346506175,-0.5068999734034111,0.5444716281726864,0
758,105.92418061847437,27.56293878891156,50.566953208037965,2.5348797517602324,0.7620395998439493,1
759,100.70821109909393,22.1579407581219,51.69663443940921,2.876829488390256,0.6482260216947262,0
760,108.50154939704495,27.292782444207067,49.84542099970123,,0.49640856847172316,0
761,102.12181086881112,21.149475635818682,49.623046362211014,,0.535080013342504,0
762,105.6100490732268,21.94310595633666,47.14226769910068,,0.46019385442913,0
763,117.80042269134397,19.294868606675713,52.71468299143257,,0.6177944065085409,0
764,104.51970050137675,29.220919391765626,49.66021359666481,0.6558648263978155,0.3870615506400535,0
765,110.74636663142837,21.49204036080338,51.07473084986965,-0.7861041041641317,0.49979120509552966,0
766,101.48411787437057,24.24746958205742,51.34544097572028,-2.5310342627665685,0.381905709087617,0
767,104.82505754751519,22.69599403759431,48.743403015964496,-2.0851431198742154,0.24064558746456655,0
768,113.85400317817755,29.519137447002016,49.60494279141757,3.573551038142279,0.5292829417339343,1
769,101.86516471106117,22.020590051261788,52.668964701487006,0.48368843670750117,0.4388152745373988,1
770,114.06224278998465,27.342549857072267,47.76560466851911,-0.3685252220869975,0.4471795411461232,0
771,108.53875967727738,28.26499385557416,54.255836149514515,1.8949908886768638,0.7427974725989847,1
772,102.18766612052866,23.227277969771592,48.51025442944745,-1.1241869592927443,0.43271713540248286,0
773,108.1620386952776,22.538061773435174,47.64096508671898,0.8746624011197819,0.5983818136231807,0
774,109.86277224813365,26.972949851191537,50.26461804137707,0.1157880503400571,0.6324499402448135,0
775,108.10904981108598,28.954751763674807,54.41669652867974,0.6900412516554038,0.6418187916980299,0
776,97.14887640054772,27.05918079686686,46.17806812881559,-0.5046148039407851,0.474063288515896,0
777,101.36431412087566,20.725516387102388,49.71796856302061,,0.3570953993985495,0
778,103.76240682224248,28.659692969252465,50.95253003451311,-1.234306609709463,0.4881701254839621,1
779,104.62783285449977,22.650980009241998,50.06729991707106,-1.175826303390446,0.3726515029767957,0
780,108.10336048775339,24.914752941335212,50.76384334000602,-0.00445546848323353,0.6812576918280865,0
781,105.88850500466627,27.97722743151253,48.563933835655455,-2.3342027707109145,0.4700697114079782,1
782,98.32327820644949,20.260737208805907,48.80055630813724,,0.42731248428171026,0
783,106.90098925502981,27.414121628130637,49.7031547056816,0.2032864462938033,0.5614314989208786,0
784,108.05292872641911,25.15395357492813,47.7402238241945,,0.5082530206203161,0
785,107.7989522396552,28.720099701931296,49.910627197119624,0.2853473013850478,0.47743440207789006,0
786,110.4039036277731,20.063644822122516,49.222509412657,,0.5464827277489752,0
787,109.16961077274452,23.04818684449114,49.05990962969026,3.77842531033232,0.6646320754848973,0
788,107.29590039614219,27.99411711440205,50.64101282519727,0.1901076509863101,0.7031742257930712,0
789,104.64917144270676,18.230780441481123,46.35868101360139,-0.5686194742309136,0.4022986862616048,0
790,96.69519533242004,19.346416401187714,49.54181979323369,,0.5584646264284373,0
791,107.14809109566293,29.886782553080817,54.63470753122972,1.5299325637654948,0.49822397888485703,1
792,106.03843843581555,21.364730143084206,47.82778062734875,,0.4169614574433522,0
793,106.35789418597686,29.70651832468744,52.57100099296883,1.0270925379543687,0.3727456404794689,0
794,98.61625712089845,20.190378612104087,50.1093122418254,0.5940689466033243,0.5708509578074761,0
795,99.59471729795868,22.333133316088027,48.794084382237166,-0.4356233652639664,0.4249722406322758,0
796,110.26576426666452,27.03443333404285,47.35871668094039,0.16631369832292786,0.6166546367977783,0
797,104.80222423071673,25.89334088685814,50.27936393057046,2.398383171288114,0.6612486978260911,0
798,108.40750348686312,24.973468799148666,52.906794211629354,,0.5330533379307774,1
799,105.1415918806523,24.35879010966009,49.22157770960647,-1.4790315362566053,0.28499854578874506,0
800,105.14878069747873,28.121285323976885,49.83807715052645,-0.479265640699313,0.5345272484518278,0
801,109.69141902988,20.819382754000713,52.02074170038066,,0.2752168410780945,0
802,102.41977635891313,23.309651123922222,50.68174158269256,0.2060980601293202,0.3670210333913282,0
803,105.48060388470492,19.865427505877488,46.855448440550845,1.9680935156742208,0.6414560237365928,0
804,102.6886235564748,25.15129914876845,50.197774431710364,-2.012108652200781,0.27356530533754986,0
805,102.82751886283842,21.006533091255843,53.024469821331195,,0.30211748505120123,0
806,103.4541393826568,22.00610477212063,49.926117627065004,1.4781477088039299,0.7036208309205138,0
807,106.11066885816857,23.655008599482336,44.51702114104525,1.6367079497947263,0.5257621972041364,0
808,102.60625689168262,18.321247028437533,50.77642998318215,,0.42153628207440824,0
809,111.2787806278676,19.103255231050053,49.60308712091193,-2.802380747018255,0.26362178158144645,0
810,100.52696348890248,26.231150648498634,46.34181117215756,0.7573964319177151,0.465764661888718,0
811,104.0656417791932,23.147639768610087,46.64158381989243,,0.5015053401473024,0
812,102.80134470862913,28.377482663998745,51.95021428657762,,0.2588283137488008,1
813,112.23488942176867,26.336064043730396,48.53523450880984,,0.42769354129570547,1
814,105.98277388255788,18.09721129976787,48.185007238528016,,0.6098938336274446,0
815,110.15922269734317,25.40054796920562,49.92872287813666,1.0895041113590607,0.5095019260101018,0
816,97.57219813481514,19.124698392716596,48.71159400336012,-1.3936749072025476,0.4531115284410074,0
817,106.33525132934629,27.37119815748593,50.20009725555549,,0.5614277002554302,1
818,109.44815397811719,29.89809225934202,49.59455994112666,1.032500900761576,0.7536820607202777,0
819,105.41141994637712,24.374385530898138,47.600008839812716,,0.43772784335496984,0
820,110.32740187532676,26.193354002329563,48.97760440287723,,0.447199058519189,1
821,102.41355774949814,20.84776993073702,50.88550664261821,,0.738150751741688,0
822,112.0467372009279,23.251172925045523,50.08383608047725,,0.4387892807246432,0
823,116.49449061809625,28.273143986836605,49.83611503521634,-0.9168394052180862,0.3787806241981768,1
824,103.18580719780171,20.009075372955014,53.87476848235877,0.9381953100684924,0.6236200685851387,0
825,102.77248739299614,21.186427267365147,51.46207505077107,,0.6441473641367331,0
826,112.2669223855885,23.345204103432362,51.70488252964269,-1.2702282716360065,0.3564982179190694,0
827,112.89786072865357,26.546986702128166,49.66806318441015,3.08445151528878,0.8004422351549827,1
828,102.38569986423366,22.510607457548087,50.44029038070255,2.7215258645846623,0.6411984024440219,0
829,102.89906591452072,29.132787357396047,49.13780002094862,0.9075527112176542,0.5962537651737094,0
830,103.59107695569746,19.13348461522463,51.555099531048256,0.6456051340975324,0.6811083757588279,0
831,98.27774744482862,22.44965037053817,49.77920019180191,,0.6016119895483621,0
832,100.40674026757901,26.507449481141062,50.44475549786111,-2.324994939028007,0.38372533550678223,1
833,99.97929616623966,20.71184118793791,50.321222604310336,0.16921108188219428,0.4413013434423503,0
834,101.16101217447935,25.876957610756076,49.96366623718909,0.1493123728436221,0.778316183710416,0
835,104.8265755630661,19.970603498728153,55.87637613431154,-0.8640175293575718,0.3778975057267935,0
836,106.1710736626826,18.671763418340237,48.66676144501056,-0.4640237580023765,0.5086117214979083,0
837,112.75250246407039,19.452188600983785,48.64857693968261,,0.3724020091331025,0
838,100.00822979630604,29.159817397609615,51.38819349362351,-1.6459093951874868,0.4734354771024533,1
839,109.92161199238292,24.621010595274615,48.809662001849645,1.3827394372609347,0.7819386650536968,0
840,103.93005577887246,27.55614930575579,49.41718727730221,,0.6345968071318453,1
841,104.75268145173783,21.991854010860614,47.827178093288765,-1.4150710279436565,0.4197398550164538,0
842,108.37409746083301,25.11190377462536,50.983115838805176,,0.6689414548839495,1
843,99.3863898921885,23.9394256044599,51.0085144889683,,0.5687902600981296,0
844,106.91204873092025,29.348855512827527,49.36961588015311,-0.780322538842131,0.5485863068598036,0
845,105.83226104106528,26.970895632649324,51.42963337696015,1.0143722658519232,0.5701575971522601,0
846,107.46225632004075,26.766511577958948,46.28374997253282,-0.05068454337024031,0.589563264447204,0
847,106.44584321953909,18.556239233211354,48.58629319697131,,0.6618249768405714,0
848,117.27650069955448,24.596036028044292,49.66004162757814,-1.923676109502935,0.3635049845846752,0
849,101.81130007874341,23.603897446821776,47.6554350061941,-1.65686494315148,0.23275549067658902,0
850,102.34501522499092,29.134107199274332,46.50257392516256,,0.353574566216293,0
851,101.88429736787617,21.088103858274387,49.384208069923105,0.14430914985065488,0.32317759838295124,0
852,102.22261440419872,21.238001439493132,51.388040174121485,-0.08448584473999526,0.48665604303687515,0
853,101.81306436346742,22.936154986578003,52.56421678285302,0.8637512403067245,0.30792500500990605,0
854,110.94508265553776,20.920436560876514,48.90542423358925,-1.3959743468366042,0.41420225062073157,0
855,112.10252123994927,19.550207013704995,51.466431675243186,-2.054153417432143,0.41066906383549207,0
856,102.14626853125262,28.28897815980961,51.273084076151335,,0.5481145363575708,0
857,100.83822213447885,24.69931829284699,52.43721634866899,-0.5824178380471482,0.5213170753636615,0
858,107.35707778193202,28.336352627478803,49.299617939292,-0.42562077158686673,0.5689074682414379,0
859,102.23888477859515,27.97361718484435,46.402999009630655,1.9035685670308151,0.63656894077508,1
860,108.16465908877755,21.384508257476053,50.14037170484549,1.1556258701988138,0.5254271395040992,0
861,106.01461510425649,24.572849331891288,47.97241251806055,0.7998598037331435,0.5293946957952496,0
862,97.42127942501384,18.998612432880847,48.552989781875986,0.3329993919439667,0.43148557337077303,0
863,112.73752600665031,28.9830226083691,49.39756171189364,-0.6512826835733327,0.4902445186552291,0
864,113.9793883654776,22.851152580781836,49.32214473730171,-1.2809177351751675,0.2775345582035879,0
865,101.93605654757806,22.724114206668254,50.28311853379159,,0.5168167388487293,0
866,103.06149220032007,21.63306444741544,51.40631263283923,-1.0417602757060132,0.3522525975515146,0
867,106.42932695362452,23.527964936528445,49.26452883344807,-0.06438298254148253,0.5121653830407243,0
868,106.67228394993512,21.021112638545375,50.79139501321601,,0.4455240185170588,1
869,108.29272136336415,22.498227273561653,50.02963201986101,0.2542796366049137,0.6289862737956834,0
870,115.05102269383175,27.599364583018584,51.87098879175689,-0.2916571908534675,0.3173008046469943,0
871,104.11526386252976,28.011066043022062,49.62281629778737,,0.43765669884399105,0
872,101.00851377730773,21.650189731542195,49.842146648450885,,0.6420997511588721,0
873,98.10340385992737,23.628173166633456,49.25119910400219,,0.49057195463450803,0
874,101.3453498002904,28.485837315360627,49.67550292008301,-0.5755943179273948,0.46733751138018575,0
875,104.83436513563102,18.632079981956366,48.433023743308254,,0.26413262077684097,0
876,113.97278931758893,28.669739543949426,48.23480542771297,,0.7205910760897131,0
877,102.41194350481915,20.63021214782798,51.55153077056545,,0.6374196859253981,0
878,106.11893975819449,26.14247093057251,47.8335966336308,,0.536030361868483,1
879,104.91788551963624,24.990620356615203,49.361763820604196,,0.2873166084381832,0
880,110.94196636724043,24.635288978271024,52.03068557254199,-2.5474497475656834,0.4247404230336769,0
881,117.63466212936811,28.312322697033856,49.29459840999279,0.09546298906975165,0.39644062336218355,0
882,102.3456561353984,19.218865723735934,51.65748090737115,-0.5111824143060412,0.34393647897040625,0
883,102.5528027874089,22.164336303907632,48.817908558546314,-0.4179820955873901,0.5372889015545932,0
884,110.22080438534536,24.459032956137186,47.89767278729961,,0.5375868669303938,0
885,108.40945744813156,27.735466247352477,46.810348290198355,,0.3787788783598077,1
886,114.23353662868017,20.59731700094006,52.62544813854532,1.6978110358440548,0.7280942746479533,0
887,107.91964092662982,27.635158096491317,47.72625763673117,,0.48352357277593144,1
888,103.2035395460647,22.79566178992723,51.494373180250186,,0.3841521333512655,0
889,107.95327415346155,20.266966277204347,48.000105946413235,,0.44385511131312616,0
890,110.54351790291454,27.107837285321793,52.63476783587964,,0.4103005642497088,1
891,109.10241090598682,19.090786817694575,54.4135654492302,2.1088918552095923,0.733170805495541,0
892,107.53637015553649,24.177208488905315,46.626939880619325,1.0668289090242982,0.44917111190280945,0
893,110.33337344794577,18.76650940634266,47.830487131682375,-0.18973418538382922,0.4150789716544617,0
894,110.84647795222837,22.27701426189345,51.54626372760645,2.560831777430789,0.5089008341838264,0
895,111.91079495518764,25.21292158807671,51.02608584673163,,0.7972549769394704,0
896,108.24354943794822,24.673386497846558,51.553843709520386,-0.346066341212655,0.4502447509054283,0
897,104.16440959841573,22.855865014856,48.85248889919125,-0.6158479831857144,0.3923559441427375,0
898,105.73356843216662,23.148575927665387,53.97506832204674,-0.5435459338460229,0.44409193452106577,0
899,111.03254483254179,20.721234640209197,50.23609893337955,-1.4291198939533962,0.5134496154265709,0
900,100.91532164506381,23.470591061089234,47.56607484631296,,0.6964246308333291,0
901,106.8433665443645,29.43905826865001,49.49370299991411,,0.3670011667708196,1
902,103.0333059383632,28.205435013405484,47.592866207542336,,0.5251642063179554,1
903,105.14372411467409,19.742794428916127,53.18188271710821,1.035814696363244,0.4062436897089441,0
904,111.39225931303649,18.357369447851053,48.679337474399766,,0.491007383749126,0
905,105.95549534009952,29.202291752599567,50.98496696948924,,0.7639851263703428,1
906,105.23218274078074,24.320996998568972,49.05865371003564,,0.32489005971803503,0
907,98.2007192951004,24.454053877791694,48.76922538047497,-0.11953695146833553,0.5576044554672325,0
908,108.7312678301361,27.36861594847827,46.1794916374379,,0.4051106881813321,0
909,108.22742090570537,21.776267686455917,51.196349205981136,1.4408897254062796,0.46247958137787637,1
910,115.8162736165273,23.782890826032027,52.598362505258365,0.5303487965627521,0.5945454201075849,0
911,103.461108825235,29.62395495776085,48.1680648372697,-2.5909427679997385,0.6052178003588282,1
912,106.0957516383197,26.065784243188887,46.909541770002654,1.8592191656196793,0.6473033192097463,1
913,106.24691841855378,19.84494038394943,51.60663208547566,0.7281925843868515,0.49502401053334827,0
914,112.88726639881737,19.59872097581224,46.7075173017875,,0.3874015143644682,1
915,104.52352233806523,20.451177099996066,52.43906587189652,-0.5245186571795889,0.6646926060841856,0
916,106.39510762885169,27.20054009304861,48.19120975409076,-1.9498273724581232,0.4332066333607091,1
917,108.0394825485827,21.544524046087393,47.793414514350744,-0.25625703842472003,0.41059554601676795,0
918,105.9330456157818,18.256666160100956,50.49692484226258,,0.5050363412146786,0
919,102.76783192724736,29.330092362067944,47.92372142997713,,0.4964155093886087,1
920,105.97044996449154,20.036560996738928,48.58577783741358,-0.6756967498092813,0.5131365326694702,0
921,110.36815874929886,18.114698233776824,50.707963865342016,-2.4191105535767683,0.5302483537305648,0
922,99.8674235029447,20.845579228599874,45.14177532566671,0.5058621922548121,0.6528829590223117,0
923,105.66484837073438,20.820345445417605,53.28483849185665,-2.886681895294429,0.37548978288328017,0
924,101.49939592530413,23.064063010148676,50.08728026493148,0.046619277355892885,0.49818144262520625,0
925,110.97523314462421,29.044677978000443,47.41406797519294,-2.6987337360486916,0.4046618874744416,1
926,97.38406547608113,28.550219013349174,47.96550926142632,0.07575733572942991,0.44296451755563654,1
927,102.20539076364206,23.482734659789134,51.98329275652161,-0.009178506881622982,0.5975420090203704,0
928,106.8860593753226,22.930798859901678,51.20210587014821,0.6050174515178108,0.5099036927161618,0
929,112.8276201461717,24.660109037698213,52.77356131457042,1.2934285752023893,0.6137615596718268,0
930,104.67124869463507,20.921448143661188,48.63451431039153,1.571382633376407,0.7498944887044205,0
931,102.22400236653401,18.626219903596354,50.593167674301604,-2.415063899063895,0.4345274520994939,0
932,114.40578534720295,29.27068963405448,50.85313582356736,,0.5187048626175873,0
933,97.75993049791877,20.240387818526074,51.39053500050447,3.016411326840081,0.599081820626519,1
934,94.00597021689958,20.380808750948596,52.25456224686414,0.17865085274656078,0.50112513688578,0
935,107.20007225026666,23.669523946247374,48.565472188311304,,0.3240438296874339,0
936,102.48972887823695,23.89936013808397,49.771659464479036,-0.11955168965900409,0.5473424301927053,0
937,99.89383591434644,18.221210516408902,48.77970050883971,-0.5754989104710919,0.2577889116282783,1
938,108.54178223649677,19.775456865287648,49.89477625328725,-1.764687235698231,0.5086062947671577,0
939,106.219003568856,22.537857822728903,51.39686556412595,1.303656282310512,0.638351170047152,0
940,102.17960684631636,26.20476832212647,46.6919289994786,0.8765288374130433,0.5536446344219723,0
941,98.59847800664552,20.741021481983232,52.21874313891857,-2.0017636081681918,0.34661013017020753,0
942,109.36228664140073,23.07617335490115,47.7216357514725,-0.1399118757253529,0.4913784139787047,0
943,108.2510058897933,24.688140776597603,49.38525936060554,-0.8496954737731841,0.2801122236373018,1
944,104.50412068110309,28.663109935479504,52.487883849932246,-2.4023887717874506,0.46226062173707255,1
945,114.23318498023833,21.91284602792548,50.65601943596681,-2.122229186213978,0.3775060867632585,0
946,99.64957616836924,19.602699190361804,50.67905989652732,-1.898939735700498,0.5565761307114775,0
947,97.37237414537631,23.871266710771298,47.63874790940978,-0.08764463016419553,0.5348167970042447,0
948,101.54045965059377,26.960659220208747,47.91182812835232,,0.48879690201770515,0
949,104.77206991822251,19.318317084632803,51.88251279333784,,0.46815571665361344,0
950,106.21669724661346,23.096201900363525,48.82171290903122,,0.3730577141483768,0
951,103.79381971071835,18.2134216951498,49.0101762534003,1.121302457768216,0.5109657361837389,0
952,106.76027698257148,18.402710179767013,51.927902502109426,0.5350441459080836,0.5400471006564709,0
953,98.74230287904778,23.795440358599986,47.900172909260945,1.5028032114328544,0.5448837338996517,0
954,112.2188230203663,21.578367577811154,50.53847026577252,-0.3424692970788733,0.42522528795041714,0
955,104.58924410803715,28.141287588064948,50.08581465233538,2.403835786022466,0.5919521572713312,1
956,110.58647915794064,25.22585167351745,49.99462854827352,,0.5305189828166738,1
957,106.71362673188852,23.447195540915885,48.96312873624499,,0.695205419956586,1
958,107.28376609576893,22.895224452651554,48.84028963707334,0.13942771453555386,0.47443225022579033,0
959,107.84883640116102,23.96694576227476,47.84327167241027,-1.872113928884726,0.3386513556804258,0
960,107.23854280008658,18.485265974551936,50.965330052082614,,0.4617632155890554,1
961,108.21361379933772,28.71352027704792,48.66370161696653,,0.6824075571169069,0
962,111.64576265066216,29.9796378688075,51.9374892423345,0.9175042621478839,0.7031843851214103,0
963,105.98260584850735,20.177845498304386,49.5508899168187,-0.6152433342467951,0.6641476408564635,0
964,108.54501878794257,19.444595577295438,47.883099021157925,,0.7111393323868549,0
965,104.55132152856386,19.722929561383143,49.52437223570316,-0.258311614732933,0.5512436462231011,0
966,112.20058607724737,25.932324698812405,49.178285601727055,,0.26911799936957637,0
967,101.61803848970365,25.937290061409296,52.018206823456104,1.8199007880127467,0.5556509620917139,0
968,114.00470216455408,28.17508994734093,49.26199962149693,,0.4340260700556836,0
969,104.79921024677829,27.02191666111504,49.44757923759935,0.3475332314328751,0.5647025372836729,0
970,97.84612448940976,23.396276080432077,52.82309341098487,-0.6973813366376669,0.4689722094550081,0
971,105.64052207455394,25.35426433878383,51.0165346429267,0.5900197740396622,0.552119954696546,0
972,101.59474171262559,26.259416044416096,53.325412032006994,,0.5368051366043919,1
973,109.20321774494361,24.1528376434227,52.51809000812781,,0.6001912027694766,0
974,101.73688010348805,23.70781181341964,48.22567482327429,-2.205050380216389,0.1490446214109799,0
975,102.7690828339261,25.74116934771184,51.97990170880021,,0.2157956255441391,0
976,95.55229634527234,24.689694587707844,53.050606584149186,0.5768393409575783,0.5181775081266833,0
977,102.73846840375461,25.727307664030924,53.06562626464684,-1.4788703118901618,0.22389623405966472,0
978,92.88060336685521,25.354257287560365,51.976191967153376,,0.5309343860320656,1
979,97.08048588257138,26.630358726163855,51.93504598981835,-1.2136164345200988,0.42199276586356027,1
980,108.80207328072149,25.713642105394513,49.3946779126489,-1.3213634762948971,0.49004351576645444,0
981,108.92900079325416,24.236909837247207,48.32523583130085,,0.6425872995569922,0
982,107.12728780892482,26.181561735412636,49.29556536220509,,0.48184673543128514,0
983,100.16511928435393,23.393783582225137,46.670421997134476,1.164353982724253,0.655483829585179,0
984,104.7614432192901,20.900054711671213,52.68559063084341,0.860465689704877,0.6811185934770467,0
985,104.98198730454716,18.017018641606985,49.43341408116458,-1.8119832342167599,0.4586035479169806,0
986,99.20817655403728,24.71956976575012,52.58266145812992,-1.6076020895505128,0.33303233729135406,0
987,112.51699150883576,25.087862719303693,47.537000845556804,0.5686828567040587,0.3644174097110348,0
988,109.38681145287836,29.664587577308573,52.16524984200442,1.5787535481532826,0.6163754873580715,1
989,103.89517913085169,22.337740009131306,49.01023868364136,1.5557120398711883,0.5377598197432993,0
990,105.13442919497265,22.72959891393974,47.43126118338165,,0.5531419437002151,0
991,106.04191403973776,20.421594976106284,53.25423610431952,1.4839671478503371,0.5266860412946387,1
992,94.79132565787855,18.846411542847864,52.21462333868155,,0.3653490713159592,0
993,103.76411308739702,27.273653914340887,50.42358484037157,-0.30432662551505874,0.36888259905659715,0
994,101.59007876001101,20.9961727720719,50.06787577026993,0.7305396639129791,0.5021437160314655,0
995,99.99189995052542,25.306858332360456,50.879020037638234,-3.118207519562477,0.24980612401178054,0
996,103.59449853557022,26.253276426545778,50.38925715583482,3.1392853861281935,0.5718115646638336,1
997,113.98843263424762,23.65484024749977,48.415448091657055,1.9900427744649236,0.5942207139415492,0
998,108.20421430633505,28.5162253563263,49.175895460430155,0.9705059585408835,0.48783350117704427,0
999,102.14410505108602,23.325538091756744,53.92143566407741,-1.447542311347382,0.6905467046454721,1
1000,107.86291390678079,21.418903476501182,55.34431348525603,-0.10215543686569922,0.5784816432707501,0
1001,111.99677718293,28.75218627553947,53.125337010461365,1.1856302546445328,0.6677455040101439,0
1002,109.62316841456385,28.338771410999477,50.95644788032525,-1.6839923504997207,0.40471108275111994,1
1003,105.29815184960087,19.968479364916956,49.32450193459613,-0.27071134685702586,0.49703965052539373,0
1004,101.76531611147213,18.311532220247052,48.403628212206065,1.3655757747164734,0.5253194941701734,0
1005,108.49111656806795,19.07982667619545,48.5354351791396,-2.2418925026595753,0.6503434649135561,0
1006,106.96742692710875,21.438568782645806,48.89346468262648,,0.5140454714664539,0
1007,109.47596610013866,29.667117620900527,54.30232808285154,-2.6321544444317704,0.3080171778549261,1
1008,108.17585900840984,24.7021938379299,53.612564592765196,-1.4157701333679802,0.3538110712667363,0
1009,110.24776357659667,22.479140784351227,51.49255677987079,-0.7568889085141415,0.49569055726900746,0
1010,102.32382394219717,28.664593135352955,48.078773647174344,,0.6806188752280292,0
1011,111.58697032817163,23.437635977741998,51.78611185342207,-1.0511836537593056,0.5561367678352496,0
1012,105.987998023462,21.782863540812254,49.522765942978786,0.1883225869937265,0.4337835905930826,0
1013,115.37630436312632,29.294634344947887,45.693981122711754,-1.0308422067123493,0.37036355486966727,0
1014,101.55406090955216,28.194211994312134,50.57420127480252,-0.7959251581727282,0.5848305929861837,0
1015,113.67981901582624,28.124020505033293,48.31617391833189,1.8759922616792233,0.8039377504440655,1
1016,105.98955391731324,24.14741691660256,48.383893141819925,-1.7253422673633578,0.3992326358660566,1
1017,101.74290998192775,27.47326078578546,49.499184012863985,,0.6775988888825338,0
1018,102.58057082972839,20.152240311174623,49.00335405411517,-0.0015958282124729456,0.35331139802644157,0
1019,103.3982634590284,24.878675490674922,49.93148636179198,,0.37248102323461957,0
1020,107.12082973200958,29.80615107417055,49.83533889996559,-1.826284248615177,0.30772596331008306,1
1021,107.6141774401775,21.49150116621554,46.248381814304736,-1.719354460648637,0.4552536564823553,0
1022,102.13149998030711,27.5322279509721,53.04055597776566,-1.1079675371369198,0.42670402093929144,0
1023,104.87822703869509,23.885740886496805,48.03324655410264,-0.22508161083171324,0.5125551839262141,0
1024,115.71135179305932,18.477668198665047,48.095203229739056,,0.6671748215967599,0
1025,113.63771585050355,27.15623277378801,49.34289349641941,,0.4121654371246427,0
1026,107.18161834837016,20.022829732705354,49.78333030526141,,0.49190099677012045,0
1027,105.190017390841,25.577682805593,52.91795963366368,,0.3599075113433698,0
1028,105.60015663359131,19.027970328563676,50.5388469041098,,0.6521368984320907,0
1029,108.06758986365209,29.36240876995158,51.13293096821907,0.9672042287947654,0.6580015828060584,0
1030,99.88603717400797,21.500686646164333,50.54907237516656,,0.4321664040753908,0
1031,103.71311731288327,20.71757630012874,50.46292316499755,,0.49083800698712265,1
1032,96.65707963061206,19.549636848796013,50.61945900617402,1.8411060260218823,0.5411405078447756,1
1033,106.99611561302639,29.352026320068575,46.13453171486212,,0.26173608400098913,1
1034,108.2359796985137,26.54284490929566,49.50016303032094,0.11146933567343842,0.5361276609097894,0
1035,102.58406768850313,26.899930664617063,52.32452222114232,-0.25626600569517105,0.5628067807813502,0
1036,112.86993381645016,23.992854736562933,57.88466202161337,,0.6594364918600786,1
1037,98.8711716849883,23.696733423245803,47.59138213492098,,0.5799537472535138,0
1038,97.6781255989509,19.32025491589772,50.8461599206487,0.0552537133018118,0.5297808474861362,0
1039,106.12225909279987,24.7180931470079,48.85790684425132,,0.7247763020359514,0
1040,110.23549151306077,20.962997941305485,54.0953038077937,,0.6148753282794125,0
1041,113.41963845728934,29.72574399360487,47.292434478417036,0.6903838339765975,0.4722720960209418,0
1042,102.7055786856553,27.55897128018177,51.249878980631756,,0.4287924475046047,0
1043,110.39340416715648,22.95590472231465,47.185577800991624,,0.4050279090767053,0
1044,104.80745765249647,19.816095104298398,49.362866663878336,0.6140212953732903,0.4405166079151358,0
1045,104.1368635002959,27.42398029366541,49.93137333850038,,0.679244250624844,0
1046,109.41829968743336,19.464645204975792,52.13938336347922,0.8969805998877818,0.5511204108926807,0
1047,108.2616143920671,20.272005041964846,47.84566634768294,,0.5208263252484021,0
1048,97.11803921507875,20.53824621293073,51.32676609769477,-2.0046313905061273,0.4245392467239643,0
1049,112.38270174862947,24.682687659277132,50.0375554467759,-1.2095530150686236,0.44489854576411697,0
1050,111.90045677073726,27.444679847884395,50.54558677257196,1.2749143292230425,0.5416479790701848,1
1051,101.87218649245236,21.771778544696307,51.91666542937028,-2.9376980481050063,0.2769593639480684,0
1052,106.97901766718705,19.016037771303473,47.43488661398943,0.43891086225840503,0.6784735889226134,0
1053,107.4701509314137,23.57446156229303,51.621189946297186,-0.16782014860377184,0.4345817662803572,0
1054,106.30336882911953,26.977322893919226,48.86219029382115,1.2743728012085394,0.4706674334096776,1
1055,102.2484742307729,20.65996611704866,52.19174690995365,0.6249317791061328,0.5231910238633036,0
1056,101.64188316030975,20.63909457647249,50.66911526907576,-0.9959704195626929,0.6659530007654956,0
1057,104.87222964504278,29.36672432816053,49.58094323696589,-1.0640250574524952,0.36464141669286765,0
1058,110.86364509629682,29.449844725430133,48.81994806181836,-0.7841752094953788,0.5317527613980934,0
1059,107.71800077297216,29.885588784738918,51.64658998871066,0.8700945710559416,0.5188715680611086,0
1060,103.14692833956947,27.69191521889736,52.52190337096185,-3.453320519332867,0.3518146988460539,1
1061,108.85849355324173,20.25821003001535,48.93429691827963,0.23606916653559218,0.6040215468229375,0
1062,90.75728689684962,20.543778249591135,47.733986868437206,-1.3245518808410508,0.2618035251386483,0
1063,110.74382850186052,22.082702898268703,51.388422085890454,,0.42467853645635256,0
1064,96.3014311061095,21.81759037600189,47.1029381159326,0.5167466797550535,0.6166386134804579,0
1065,103.18779529298433,29.47833298893611,47.388975124834054,,0.3850706146884827,1
1066,99.40165052686928,27.468887794580326,47.8745994489442,,0.5041724820203957,1
1067,98.52659262139547,26.688105505938648,49.1690990339225,0.23335553520037008,0.5828061384645695,0
1068,110.8041339368926,20.231558688697582,47.32733622156911,0.13192514291272142,0.41763610805537443,0
1069,102.66149399344054,28.914306712347955,46.12240018123684,-0.18330142967394727,0.5963421822990347,0
1070,106.73251940865357,27.934444554074084,47.729111611325756,-1.8313312797210175,0.49041180847800414,1
1071,104.76539710560408,19.963702095935083,51.284948893145234,-1.602942045969813,0.4436846184273464,0
1072,107.3852041361156,28.45404398353167,47.45691185574647,,0.44345962408020984,1
1073,105.38410945530127,21.266970436445654,49.31946064409166,,0.6580507955786842,0
1074,98.58503887905715,18.970436949985274,53.89339692473112,-0.1733562627099021,0.43194828099108923,0
1075,109.9813340972357,25.881867678170522,49.90165173994582,-0.0776298589390696,0.5622542088991686,0
1076,102.53121708419344,25.845655912611967,50.685061979459185,,0.5465237152831097,0
1077,97.21709050670124,19.13918411478742,48.1079199634969,-0.05040419589180806,0.5615424151542754,0
1078,102.85942419517043,21.82622170723899,54.32694970740028,0.9504556079740243,0.5252834576328332,0
1079,112.50379895317155,29.913773547066462,48.91741102172314,,0.5936826009441656,1
1080,109.25110871056746,26.14112000410484,49.54379063109697,-0.8031093881174559,0.48292598083517657,0
1081,103.2567393279607,26.760901999239948,52.63411735593473,,0.5220829751021143,1
1082,103.25371147840785,20.555007427251667,49.63653151029276,-0.6304231120948307,0.42632570302718525,0
1083,103.39182474391309,18.94538485204697,50.09577756535043,,0.5392058574727511,0
1084,115.3837399178042,21.322820276891253,49.43662335842174,,0.47392565776901246,0
1085,106.90967726115777,20.986780622318303,49.45033524388555,,0.5450313910824345,0
1086,107.15020823595535,20.814529208976637,50.74100402165618,1.9372566084510665,0.5361888195119249,0
1087,110.15141727015921,20.313051862644475,51.105886378396214,-0.08111677395074057,0.6860597589221674,0
1088,106.19394579513256,24.89706828786485,48.71350313757487,0.5077317031564099,0.5032734519389486,0
1089,103.70478927089648,21.937241710101862,48.46783908770614,-0.8365612224727166,0.347378726180801,0
1090,104.0182507545751,27.844140180570363,48.78172782228487,-1.6545969768428683,0.42678200334808036,1
1091,104.64199370292968,20.20736901416861,47.19749197160046,1.2521436520351301,0.6163166617958864,0
1092,104.81388881745079,23.575524850422532,46.819139482961404,,0.5905840312787969,0
1093,108.6381477181849,18.16389403711296,50.594334294449816,,0.47159215459018156,0
1094,105.2597294290365,23.780187869462303,51.87719160635022,,0.6135737899637128,0
1095,108.66320038607789,18.670058650517692,51.74209058629044,-1.4611403317279144,0.552860986341784,1
1096,104.59641709945708,29.732682142471724,45.23601745372668,1.7124422601404192,0.42082637812237467,1
1097,105.39317595158045,27.487105543804955,49.509869825913476,0.8692639734555181,0.4557605032867125,0
1098,95.00899657733946,23.881337719637465,47.79581608881488,3.0373179139941686,0.6359231310364553,0
1099,109.5816383735124,19.039048298152203,50.28747487564171,-1.7316359253598597,0.36032563401609785,0
1100,106.73244237948997,25.10934528948497,49.16435296238124,1.2938497518710703,0.6172879459083475,0
1101,109.99005054929826,27.10516500842253,51.18382381248918,0.8236597573121971,0.7251307085777271,0
1102,90.51872310903155,20.288607036056945,49.961693819197315,-0.513040800372084,0.4362566090307779,0
1103,115.44187352390364,24.81850008944989,46.207996210164225,2.045752320304656,0.7599598361256324,0
1104,104.30205185922414,27.770530780594417,48.06582825440092,0.603517722636822,0.3833426005011098,0
1105,110.54091408368758,27.218973331755798,50.01157022965331,-1.4053395426924806,0.47531450411720055,1
1106,99.80047036437234,27.635904214405834,50.18022085846217,-0.17750852441161438,0.43165342510397975,0
1107,108.06386952531285,28.55188109843664,47.188646384592,-1.423288210654669,0.4765745825326929,1
1108,99.73292218413172,29.252185225913642,46.92708059290776,,0.2891803368003838,0
1109,101.88115519652098,22.86625386244243,50.11249067514636,1.0557392303095994,0.4242479135751737,0
1110,114.57015676933393,24.825229230274527,47.19266538789895,1.4839110678513243,0.6217268048435788,0
1111,104.04658799618326,27.487914312547332,46.66274114699843,0.3318185006840476,0.4535908344678884,0
1112,106.08716436589862,26.365677767349396,49.10971897473732,,0.41143262366116806,0
1113,109.35033865344377,29.946242739172547,49.023107817322696,0.5724126305930355,0.7122491490123875,0
1114,107.47840943986303,18.16413181325573,48.2431990453214,,0.5680121197637084,0
1115,105.75209452571788,22.26159858378949,48.59252608655007,,0.44224327053518453,0
1116,106.82480501233113,21.37233511524243,50.02767144644479,0.17471816254637584,0.4328086931668696,0
1117,117.01707792619138,21.147790201986414,48.55967419264036,,0.35161539582981766,0
1118,104.71190601483207,20.67035738998663,50.141394043329676,1.4305668831143583,0.5634548120515303,0
1119,106.00549523357483,26.509486089782747,49.23906292776533,,0.3798797470311471,0
1120,110.25327198003806,19.01711367930386,50.33530031077331,0.7265275522091784,0.4664674172862915,0
1121,110.52762966478991,26.89930600732006,51.75641113087329,-0.7228664495714433,0.48763209937123436,0
1122,110.9351515278019,26.32111010419528,51.67849569078119,0.0024775756986540613,0.4889977890787576,0
1123,108.19365111014592,21.009649590010756,52.57642094213217,1.4155274547058323,0.6042283112848038,0
1124,99.28497543634758,21.034005397981936,51.67629379379432,-0.09731959945541505,0.5551658596274375,0
1125,113.16715766150548,25.546327024134026,50.47711506308361,,0.3935277450992575,0
1126,99.26827303490656,27.146053265804134,49.13313672471971,,0.2906097754738017,1
1127,106.51317732619516,28.517827357048386,49.22447815436755,-0.10281005449082348,0.27700107773923993,0
1128,101.22862074990321,28.22567476625371,48.24444538712838,,0.3120476716277538,1
1129,104.67930826703504,29.578595929966237,50.009058582103115,-0.774217304037385,0.5349647305598538,0
1130,106.6438120515174,24.976618744038134,51.39477495742387,0.09527333659034885,0.6538913531901661,0
1131,106.60678607725137,28.903866736084318,48.54866479423396,,0.5765754964946598,0
1132,107.10960377117642,27.702159279124928,49.925564282672454,,0.5623858905953708,1
1133,113.06855634529323,28.736011491768163,48.64527554255646,,0.5664090131378561,0
1134,107.2676715075699,18.1395192154244,50.41870866037523,2.2027401065431924,0.6208819473772614,0
1135,103.77921682354676,29.59083590238973,48.9012332321001,-0.9611157985734335,0.39081512241281025,0
1136,109.82043584144179,23.68236195415774,48.5209788574119,-2.320579382583986,0.145455026569214,0
1137,110.9473524446232,27.578195874898114,48.640066610135946,,0.6440569455012413,0
1138,98.86196092431504,19.52644943205337,51.006657547691134,,0.40527772700561815,0
1139,107.98700034924929,22.75129314976769,49.80650118933929,,0.5774047594695376,0
1140,108.5058637115545,21.25752795625189,49.14315653999993,1.385005412553729,0.47428695874211896,0
1141,103.51218248320004,21.499905246011245,50.52280900509442,2.8153489130650216,0.8836494666604857,0
1142,111.8785340665581,19.47906743941058,49.1709675650647,,0.4000695158077606,0
1143,104.24972206483737,27.669165990516085,52.25303578737141,-1.1061296100231202,0.37547462012456023,0
1144,105.6278822673577,18.110907774972937,48.05226769261348,,0.44555762318143993,0
1145,104.13464087858065,21.75006548382243,49.62605697436544,-0.8217120802881402,0.47596003823381844,0
1146,105.07789523790734,20.09292651859698,47.190469556665995,,0.6380067379283001,0
1147,99.518624565524,25.068467287300088,49.30625121621981,-0.7958517445316797,0.4086743718607856,0
1148,97.79974558702853,21.051028831374527,46.64072900458674,-0.5816278717891934,0.2905743507972787,0
1149,112.97252531612486,21.107981454337196,51.492633045118254,,0.5407805525757279,0
1150,100.76519325840836,23.860057727943826,51.533007534011155,0.8650144673089517,0.6506942903130346,0
1151,100.04303825271846,25.83226847209111,51.56834034744895,,0.48597017242390617,0
1152,94.23304943198143,19.455656454781963,50.057744960348934,-1.359169309533587,0.2603466708135719,0
1153,101.8051912615525,20.106137429585953,48.24025919057981,-0.7952695247636039,0.35468654898498936,0
1154,98.3845510329625,20.96609693513421,48.3993187359281,-1.5595775365184406,0.4131564943901644,0
1155,113.21007580068185,29.684978569415527,53.060344110441044,1.2018923190537236,0.4841724992295115,1
1156,110.04908544671318,22.765829999315045,52.871354207599595,,0.5639095327128386,0
1157,101.55924827411138,25.18788108757232,50.24511031390154,,0.37517160184680615,0
1158,116.26217902672154,20.898513752591736,48.96873193183934,,0.573656290421727,0
1159,109.90882743495797,23.885514301889856,52.737246845397024,-0.48073509755798705,0.525048196201959,0
1160,103.37584308245688,18.889430092631496,48.61099367723038,-2.3208359899172635,0.6057541571569918,0
1161,92.50297142563214,18.416905751067922,50.45769841619182,-1.0107331166394806,0.41129121450771083,0
1162,116.45471286295371,23.624802321857523,52.703914610796915,1.1598993221454015,0.5295070485833435,0
1163,98.05213766618202,22.783911450220945,48.327323000670745,-1.3131277566676411,0.552693814520813,0
1164,96.77300626521554,19.64256383630193,51.658447171274226,,0.5460744781849994,0
1165,110.1128521600482,26.251217147048806,51.04112159168774,-1.962028461696235,0.30774790889494497,1
1166,117.19876203169636,29.914841890791173,49.92096691553688,-0.21600136669330167,0.544842063547697,0
1167,111.9213640925526,22.747761854360547,48.01313280173377,-0.8449817318790118,0.4974038031373514,0
1168,107.8195456002618,25.494703631008733,48.55112047979345,-1.8325072256756507,0.22899504990364342,0
1169,107.97377170832642,29.55571130837383,50.57890214570132,,0.4941478872203457,0
1170,109.26707779390154,27.978419669362502,47.15332641023723,1.2699410418015282,0.5825290710960381,1
1171,108.79464294893383,23.56262667963223,50.2614877180365,-1.4543080683539626,0.5719125673067066,0
1172,106.40595711984687,26.849873813519032,51.082101968123325,,0.5535860846148324,0
1173,105.52100551975938,19.53762048300629,51.9704403456182,0.06647802460867372,0.4469194398172342,1
1174,104.6870343605024,24.14524626556559,47.203285851079556,-2.722142680691774,0.29307267551450134,0
1175,101.23017705566662,21.348723326159238,52.632494594322544,,0.47499136991142044,0
1176,103.59662461566613,19.93396425475393,53.39072698835987,1.9294266545501713,0.3538386931109179,0
1177,96.53521592902307,23.115370875054417,50.82030313542719,-1.597690344753856,0.3393573504089996,0
1178,104.50830186602624,19.572174653203373,47.92390283715068,,0.7352945333563903,0
1179,100.05704446424541,26.387821298093826,49.343781423279516,,0.42877572234455474,1
1180,99.48205341392115,23.47488052864003,49.90480550976299,0.9882416657106043,0.47354596806273724,0
1181,105.8994707557674,24.373735590775965,50.540927017461115,,0.35644392438669176,0
1182,111.96001143172299,19.756511264017885,50.043963105287204,-0.25614940373155026,0.5711659966123372,1
1183,109.59158303001156,19.677259933121935,50.56233028578924,2.7839038703009464,0.6469763281743481,0
1184,97.14749698188412,25.00098522312149,49.818506485321755,-1.8812799514780227,0.3840649564535805,0
1185,100.05185931714831,29.820116973953354,50.530214189024484,,0.5820079204517995,0
1186,109.70385593994108,19.155006998852706,49.078953157677375,0.8302344953367331,0.5579715297315263,0
1187,100.08756303230845,21.428777142789375,49.32362656603506,,0.7603835849253571,0
1188,103.87683425001488,28.43350939845465,48.84794965904666,-1.6156962303478288,0.2867964865903201,1
1189,107.75026049512276,18.867264147062844,53.834519069008145,-0.9389771902551551,0.350408625154517,0
1190,100.15827772568183,28.510628656403416,52.92780157234864,1.223883428748831,0.636022215046883,1
1191,105.5268775307298,24.291431800497016,51.11058838002723,-0.3003957888027947,0.5408953539276841,0
1192,98.32987252540897,22.89920128711711,52.65061799453548,,0.5034831708229838,0
1193,101.99316178024394,21.71616677221747,51.59692267795577,,0.5131620953397789,0
1194,106.59890967071269,21.565405897534102,50.36254231902811,-0.39985265445558094,0.5565263601536856,0
1195,97.03503133234166,21.669630989393745,46.98885731796063,-1.3377886055721264,0.3960360885626759,0
1196,107.20237368980199,28.61763697152235,49.47567215974972,1.0893152321429718,0.6846191077153759,0
1197,104.9018110053666,26.685542762097427,49.329924215963295,0.5629320120417909,0.45346430166161683,0
1198,107.76244977208574,26.036676093973806,47.73384965381569,,0.4240077416942051,0
1199,106.11957067032331,27.584989787424007,47.02767545078677,-0.5404522781400322,0.45783250621177823,0
1200,111.82070214986922,21.085375956049738,50.98543869313405,-1.3723599074108446,0.516112052686881,0
1201,105.62612251323954,25.416513744981067,50.64900864474163,1.0876452826730127,0.5508744570616498,0
1202,102.85297229437373,23.52079486749541,47.66520603986478,-0.5401617258815623,0.4767601485742117,0
1203,105.61148751516141,27.38929962240232,48.50824298712762,-1.1547688553605049,0.40310243552726566,1
1204,107.71649014518194,21.711073325679425,52.322444546308326,,0.43039256112472113,0
1205,105.24430035162852,25.71814340243875,48.24460697296688,0.5882315368632541,0.5223385274337572,0
1206,105.20295845601942,28.586548941807763,50.34159780786761,,0.3834260381900533,0
1207,101.49004156096622,22.825805714339147,49.62044340086404,,0.36177849970565756,0
1208,101.68549541224526,18.799465048409537,51.012726942124125,-1.8049031844660695,0.4248357176391987,1
1209,97.98697364100153,24.192609868101513,48.28778469468714,,0.7174602947049687,0
1210,113.74788371593469,22.15166985368431,50.18016695508022,-0.30830649737575166,0.4234820672291812,0
1211,98.78068382304357,26.0667045665661,50.33744515469176,,0.39779675696531397,0
1212,101.53547401102047,29.412395096983275,50.46036161245844,-0.5741341673513418,0.49919671769179613,0
1213,101.40796367215401,23.827299815962164,50.158147715925224,-2.213780584104617,0.29002732907765605,0
1214,109.47462188472221,23.594282761866406,50.68921864118822,-1.3118227862235767,0.3271038459014388,0
1215,103.52525160853986,25.855017602297522,54.38354066410162,1.7756654797261522,0.4450934049987262,0
1216,111.23871036336867,19.241970043122812,55.12259555354221,1.5543421902795986,0.5002597529947365,0
1217,101.63254687878066,21.042074267100176,48.721567718426556,0.8669276735160768,0.46835760908161594,1
1218,106.39497081111901,29.02775190600478,45.363514039295005,0.7342539060610025,0.4083864779356497,0
1219,100.82326473370121,26.039311360365197,51.19099060144395,,0.5428283194703485,1
1220,115.72574563886694,18.161328527800997,50.37250491980253,,0.17934227991489188,0
1221,99.06200790485244,20.455505670708238,52.12208371836716,0.04939255013542333,0.5516462056379406,0
1222,106.54910355113513,26.194047192346787,50.56977179943063,-1.6804007259704405,0.3603005658497399,1
1223,108.16888440466049,27.17279043075089,50.117207879051435,-1.65437170464791,0.3763030470183798,1
1224,107.0689954872575,28.0783148720885,52.257813191754444,0.5520974066204118,0.5862923713670507,0
1225,104.07356170561145,21.50612164058454,52.53756117682769,1.420125658703813,0.6081806738735903,0
1226,104.35089650133287,29.17234315533075,47.226879882438006,-0.290773701633807,0.4224707106479308,0
1227,105.21905735989554,24.63536272293471,48.36678762572083,2.4735006483142525,0.6688541079815284,0
1228,104.26498999185756,26.358468268654715,49.78881408142264,0.31767649056830494,0.6707732853556234,0
1229,109.81939558397455,25.160866353358895,50.19687524784917,,0.3405227269561058,0
1230,116.05261500795676,19.472880656095445,49.5480335932955,,0.4938728297451176,0
1231,102.21254107496082,29.557375912618557,50.86841435572377,,0.46504928754440933,1
1232,98.15098510210461,19.474506958729833,51.9922095786342,0.19268867360972253,0.627177039915167,0
1233,104.55858975824373,21.058583476934203,53.44541942144146,1.014071067254223,0.47951084765129176,1
1234,117.8985466882716,27.763534562675762,51.1578260475458,-3.9869448906798626,0.22564053542056625,1
1235,100.98162716015135,25.423163538013217,48.29533264309378,,0.6332714166954173,0
1236,113.19558402722033,28.057789984516283,49.705247549604366,-0.7676612827443556,0.5337744304383587,0
1237,113.3885040703822,24.18883426048854,49.84929551748088,-2.090639303875297,0.32755877806490624,0
1238,102.23205879146003,22.52391882439962,51.02928047996232,,0.5080356981561955,0
1239,107.84491539592638,29.06214599457342,50.776336066867884,1.6377203004816834,0.5108908249754278,1
1240,113.14198311564269,18.435027810177537,54.10079330222302,3.399342429629578,0.5106933456340716,0
1241,103.10436129506256,28.27356264423655,49.076973729490184,0.3632286109837656,0.537089942361937,0
1242,103.98209819948819,20.769813422253378,50.769501067533604,-1.0637198849422838,0.41117178897220463,0
1243,102.09159543025677,28.184835933047616,54.70942279548818,-1.1542538347777003,0.34770395263563136,0
1244,99.92621634653567,19.670359361002628,48.8295862061928,1.444698543097799,0.7027064351161264,0
1245,101.75361227466996,24.962627564286485,50.29029739234071,-1.4953111787293385,0.33403242318006393,0
1246,98.88029866618872,28.657295028137664,48.11023899775197,0.9336410692916443,0.561079915952636,0
1247,105.17041734129613,23.682475762786687,50.16417379925486,0.4405217849394264,0.6300172462948702,0
1248,101.15013384470679,26.958800085640714,48.43956570372472,0.274652087824319,0.4881270695375231,0
1249,106.16892955895374,27.6560594142667,52.09360180698269,-2.3521778848211885,0.3089735606808672,1
1250,97.22052176898187,26.83793050460135,50.29463771806279,-0.5354373033394872,0.5030029652800051,0
1251,106.65440116107229,29.10395684249518,48.12920548003541,,0.4362081380064165,1
1252,109.16764480804463,23.362010766239145,51.68113539558334,,0.5435375145703736,0
1253,95.03132178714273,20.07750526998187,50.359332077743176,1.3757079922807685,0.7559063447633894,0
1254,106.87028284923787,18.573732764429757,51.90563755444691,,0.5466002412559232,0
1255,111.13834496236646,20.957518435650062,47.7046747441045,0.32092297423632804,0.5356315492635991,0
1256,98.95179490654397,19.718370046562907,50.73764882449732,-0.855510768650978,0.3303004299361215,0
1257,113.36286193418852,24.695384897213764,51.54668338928942,,0.6857451498817644,1
1258,107.09509504683022,20.219344046540783,49.153245019528526,-0.87538595063427,0.4746023667378631,0
1259,101.47494072120796,18.467204487472454,47.481994546063696,,0.39695457323512484,0
1260,104.72115461171147,18.431877946424013,49.916785009259215,1.044724451875175,0.4904301713350644,0
1261,107.7916345626086,27.97883398037834,52.456230587561855,0.6866010638545601,0.4994873446579394,1
1262,105.38002695706206,25.097399177316298,52.25186066126811,,0.48294010766183276,0
1263,107.69377996223184,22.297023622720538,49.143143130488845,0.15033784435435082,0.4108998534387514,0
1264,100.39663203460317,28.730736512882963,47.433829127247115,0.6632399832776597,0.5024500413463533,0
1265,105.8468041201804,18.842359336892564,49.137640559300856,,0.516943717425413,0
1266,97.9314275154751,29.76386487273391,49.063044698536174,0.6884084324468709,0.3804584090011098,0
1267,104.4438696932565,25.395501483053533,50.89289356660956,-0.7585722923399614,0.35694165086567553,0
1268,100.48046179267605,20.20157104762618,49.78999699419176,0.7893675663593984,0.47346792471602817,0
1269,101.32235028705117,26.14882918772362,48.493471576525714,0.026336756374922894,0.6581400110924774,0
1270,111.18046587605218,27.16057511740275,52.208526134521335,-0.7077157823045301,0.38154169661226317,0
1271,110.45655060297135,23.152113400449295,50.280851734889666,-0.3688271433499121,0.4759794808280958,0
1272,108.04569060453588,28.33959127494657,50.870831305461884,,0.38860098761962,0
1273,99.5384361766371,19.808788887557643,46.55002913173747,,0.31395630550564846,0
1274,103.41795775152599,21.3460510029313,45.15147025860543,-0.9549888698548925,0.30814971935248586,0
1275,111.06548849989592,19.121908339007877,47.12490843711118,0.09735827338917885,0.5718981491368267,0
1276,105.70858456819953,20.530534087288224,49.03891314878645,-2.0264865530832785,0.26612104660233177,0
1277,116.59664769990847,20.864745742933742,51.152712035227616,,0.5442068266783732,0
1278,106.96658919697185,29.011598291060523,45.315506259185405,3.5769674675578083,0.7256380929833881,1
1279,105.96024558245016,18.937316265013873,53.18570412874397,-1.6938875472317911,0.4077654379317511,0
1280,103.4544176789875,23.128981442252513,50.34113205354025,-0.575720868975644,0.5652165460905352,0
1281,105.66770452391141,24.388784246722956,52.72058998589982,-1.2505759177930966,0.7477913317217548,1
1282,104.23765081809728,28.78431664562593,48.228059835051745,-0.1753050059300052,0.5389873138161391,0
1283,108.54054338344295,29.972354623934564,51.00771986834498,-1.2223775147024698,0.32687506206513073,1
1284,109.78351158397292,27.04065737903803,50.170391859941574,-0.3648646849386492,0.6306585317243263,0
1285,101.07005269746026,29.649491886828354,51.63537262610911,,0.4647201180163214,0
1286,98.3438352322111,27.445213590430484,49.532417264800564,,0.7902469263418086,1
1287,95.81897313448351,29.558431691657,50.946430418015176,,0.4555177556346267,0
1288,107.53995663456271,26.487248711333464,52.2043906375424,,0.552971452996814,1
1289,99.48316696913064,18.95716110541285,48.69764741221645,1.2611947857490398,0.5630440622227251,0
1290,94.23554703523759,22.82304224391212,50.4844884649793,-1.4373999240451694,0.6938028387441575,0
1291,106.94289302265481,25.759167405629647,46.224275525555306,-2.3461202833674766,0.35453391028210246,0
1292,117.46499758716395,22.208622113451014,51.405006038126714,-0.004563731149211138,0.799938677221571,0
1293,104.96964544230053,21.280607017365345,53.90932508692498,2.8608966365099686,0.6870274371103754,0
1294,109.19245387225821,24.928791205597093,47.51112790450261,-2.7414961933738313,0.4476216661428247,0
1295,105.40914679273783,29.202022520429217,49.81723747914411,-1.9964818823536454,0.5702091502759241,1
1296,104.50555173404429,18.419782482193842,51.760962601828226,1.1287884947412665,0.47766399572318674,0
1297,109.59538241493884,27.230774442497253,50.0628349469331,-0.9634820994179405,0.5487355796317784,1
1298,103.54862727905675,26.672727336535523,50.33019910298645,0.917922850869815,0.5166208084564106,0
1299,106.33696157035952,29.567441104659444,49.21800111695272,-1.2562333604129206,0.45230021991144703,1
1300,106.60848903098007,29.16853466799052,49.14369549382417,0.2129432661137645,0.5189532890467471,0
1301,101.65954773178476,27.146790744530314,49.826611692829246,,0.6880766180470926,1
1302,109.96021174768262,24.244905176191182,50.08334284427871,-1.7918844705328063,0.4634242091985596,0
1303,104.12520121652295,20.451210638802237,47.63711747684538,1.5356412152059562,0.5192625687587511,0
1304,101.22127420253578,24.542828619906892,49.86795602810794,1.0195601949481303,0.5634634268468968,0
1305,107.68254921785201,27.184223927035845,53.13706787741865,-2.233866376648363,0.1548730992316008,1
1306,100.50766009104481,28.74803055165472,49.16173241282219,,0.6409349057590779,0
1307,105.14090578684564,27.47654411052659,47.525490034250744,0.10920919329390916,0.6748546300328072,0
1308,104.95440501677898,20.343203222292647,49.69716786402714,0.13664101487059416,0.5258948556117347,0
1309,110.42947782915789,25.196235770736713,48.570774375751405,,0.3646365961366022,0
1310,107.37349116439977,21.986081514376284,47.32331634935612,-0.5255487666237075,0.5480173252915282,1
1311,104.87486520627428,18.110468008687715,50.27833692346524,0.10514843841359661,0.4288804702606578,0
1312,109.08883149600143,20.40265122946399,48.579435925697844,,0.5363405663508163,0
1313,111.95103774508657,19.358647799201393,48.75057166629345,1.1190869083282928,0.6245052581560526,0
1314,107.78905153175931,28.112629482473622,50.306854760770776,-2.2907415500671218,0.4401079604485095,1
1315,105.0517630992169,21.102075025773743,46.93365080927533,1.9363288447366565,0.7049019672228372,0
1316,98.4408188382492,21.416375626650666,46.51686069949775,-1.73293551458882,0.42799128824351296,0
1317,99.67443168462313,29.51923886158661,51.341744389003864,1.1424426962195808,0.5744582958066824,0
1318,103.47387647822666,22.549040676586227,46.138332798551836,0.11916764890916993,0.5796374198898245,0
1319,101.95243898920359,18.115027681732734,48.04664460938529,,0.3967740173342339,0
1320,104.06514348507277,21.406153780153637,46.40032092922313,0.7922182045560064,0.47082066833332004,0
1321,105.28324962448553,19.43159496722175,49.02772706630233,-1.4181099587927566,0.4742963445426509,0
1322,107.64846377178365,19.233702740830246,50.85611749530233,1.60319333273646,0.4672733688656347,0
1323,104.64750610970454,18.929847481628993,50.224675897464756,-1.066252257751866,0.43859837239358723,0
1324,107.43250821913101,25.119113642104526,54.78374677891457,-2.2424791464080664,0.2500983634398639,0
1325,105.3223720740506,20.272172683558303,52.173831235578,2.3007676575544425,0.5595571195972858,0
1326,95.12266716823065,22.334913528492123,48.137684299686796,,0.46226518766895447,0
1327,100.30332303090623,28.3442125935602,47.60588999034718,1.3007866886419732,0.46661772681451863,1
1328,104.27956222139193,23.09205767755531,55.413375881951005,-1.277207818130051,0.5461927978380166,0
1329,98.95152628579446,28.98829620061965,52.12514401146672,-2.837715805062301,0.4599133697267819,1
1330,107.99964364998102,23.975256640747276,51.17873921453914,2.5128036361316655,0.7570414560845105,0
1331,112.65375416171848,22.78603937807707,50.14970362443123,,0.4807335668023463,0
1332,111.09380925848659,27.004667125088417,50.54704313495004,0.7370278412453197,0.49349059321014155,0
1333,103.93278564534896,18.878101185216025,47.035853449035145,0.9848936708974038,0.6296031640703506,0
1334,112.45363068424976,19.07374059578901,50.314078340393536,,0.48768696053481325,0
1335,105.74333728601056,25.823684567075528,50.14246279491803,,0.5293189623077468,0
1336,103.3145701444098,23.84328855887098,48.19172231379704,,0.36516631437640834,0
1337,101.93298668229531,27.48498300383052,48.92294709286304,-0.048661843318995396,0.5732183681491981,0
1338,103.48765156755935,28.99525004812238,53.030352786887114,1.4131519746293626,0.6330550969777247,1
1339,103.05911590729386,22.66040253205857,49.74965015941027,-2.9868704700459325,0.35011483418673783,0
1340,105.85208111187744,25.156920319015754,54.14234260506622,,0.6658668247203471,0
1341,105.80286990524932,24.008359533543718,46.518641127025234,-2.2830064470089604,0.4460198765966083,0
1342,105.01523010076707,29.779327867709195,48.9557396275485,1.514113236050251,0.5060371533178676,1
1343,107.18469084873175,27.973012888279143,46.90544289750616,0.5859468306769068,0.5073187164400594,0
1344,110.9532313739317,28.940852499328244,47.581155092216335,-0.1438810141108173,0.392027429793956,0
1345,109.74777067720662,21.05208105093125,48.343588588681406,-0.1493823318118947,0.6387547820669212,0
1346,97.57551015775049,27.270317077951134,50.630619253541184,-0.379096640036002,0.5787632158563093,0
1347,92.23039432549022,21.18567869997179,50.53365234216077,-1.231004279165345,0.35705805215686165,0
1348,109.67159955619637,20.504910401140677,48.64141936074479,,0.5464393307522356,0
1349,98.16560650792289,29.33119391586661,45.54440088532684,3.312088616263633,0.6934636642968832,1
1350,103.87617299053659,18.2316530006144,52.95538574606431,1.9534600661770947,0.529077710758928,0
1351,99.1494348697032,29.584664443961156,49.428470567927285,-1.3065047677836508,0.44710746247366445,1
1352,95.9900978120999,19.791142763865675,47.767419659397724,0.40153110349093224,0.6059150249179984,0
1353,107.70731364102394,27.83325698151922,50.54986156214017,,0.601190389989088,0
1354,108.79577580151323,21.311070636817238,50.40889034104635,,0.7225263613811923,0
1355,102.11744799636641,22.208427929168728,49.35464707000007,,0.4342205985693657,0
1356,92.04478853927546,20.60109253586382,50.29706203128301,0.6688469772099785,0.509663455449368,0
1357,102.26877775873758,25.026168509772955,47.68994031918396,1.2691074448719548,0.6196693986313815,0
1358,106.95902002701273,22.17714657009449,51.519825686352966,-1.2508480276001703,0.41916134471322364,0
1359,97.60544215612936,25.888716473935958,48.00626581048626,2.933312125933811,0.5881751622684027,0
1360,105.91679959889578,18.18776781530479,48.78886068939314,2.283004873853331,0.5215719201060214,0
1361,104.92345075413502,18.772498602180477,51.29760363230315,,0.19834686409084262,0
1362,107.89645749800545,19.195933832774983,52.40791793002047,,0.48110496532058955,0
1363,105.59790184207077,23.02792422372277,53.17154913609268,0.6021129389768433,0.36630827374167285,0
1364,100.13465529559222,27.777554071919713,52.111596476933144,0.42296700234669776,0.43316300578789974,0
1365,110.98285750832245,28.65813492454059,49.351855632396436,0.7697329143277452,0.5677310048358898,0
1366,104.20735213486515,20.93772888073081,46.91793386179907,2.3856964084346037,0.587134140963995,0
1367,104.86347730245033,24.892436690868166,52.81011117120579,,0.7017316708215794,0
1368,100.33366020463401,27.220379912311206,52.741391977809954,3.0717398694836153,0.502662996166128,1
1369,102.78358874404245,21.465953159035305,48.65604769329301,0.6097565189906249,0.7543599355395333,0
1370,100.5759864298655,22.90809284083528,51.84237807564912,-0.43569476349189734,0.616273722730463,0
1371,104.13526970038288,24.287690432228565,49.33564441213852,,0.7708629290128113,0
1372,113.55854240071172,19.61849815689657,53.00255376702346,,0.7061731101492609,0
1373,98.14049428534322,18.311787524709363,48.97027067519244,-0.6821008304362092,0.5063561583497935,0
1374,96.93219301061629,19.8336697118194,53.957302575097,0.12632488341966358,0.33599094444949673,0
1375,112.35585163746805,25.5222434550424,51.57224109519649,0.952849532781801,0.5991276447506827,0
1376,103.95338161424067,18.88341913840418,53.595089689371974,-0.2262915401780127,0.34061788380539854,0
1377,101.65463630670041,20.27635637820154,49.07240546070024,0.20086180356742545,0.45720686227679214,0
1378,110.19952343698039,22.054246628343645,50.81005920888838,-1.225805405494082,0.43090151995372206,0
1379,101.97192230131569,18.934440771676396,48.061441603311266,,0.2825041583989762,0
1380,114.13004856773468,20.300391253939612,51.687978504238394,0.15962898411706783,0.6025858962423007,0
1381,108.38962935669635,28.935237467802132,51.79808306567425,0.21004173333883097,0.48912632896702435,0
1382,102.56044295927148,18.231589586723818,54.79404783640237,0.7906793873367816,0.5804647924672857,0
1383,115.78654106632752,25.841183090092343,50.9640795944393,-0.8642845606592952,0.45584445573099885,0
1384,101.9714253849833,22.61290717098222,51.44818840501219,-2.0108314418109976,0.4120763438767973,0
1385,108.71047686004654,26.071784873188456,49.05833924699244,-1.4479867046210229,0.3389139363262637,1
1386,106.49646290203246,25.064300644360856,51.082758745270475,,0.46176838724281305,0
1387,111.50870644699398,20.681985052255733,49.24021758262483,-0.9999169683113569,0.4346272845485435,0
1388,112.80755598363426,28.166513850880662,50.231721517684,,0.37023249836989647,0
1389,105.16002074532884,23.90328459131228,50.34903132309159,-0.4686203457466679,0.6159245532084239,0
1390,101.23291064826908,27.87043222696166,49.29539025330166,-0.9289142539301856,0.3159107789243026,0
1391,107.29986071469558,22.87215043425863,50.12589019308399,-1.03981624129925,0.6817094190394397,0
1392,101.61142315123946,29.81622664698287,49.24940966057316,-1.3066853469507156,0.46486824540519267,1
1393,115.06693623763312,27.245872302015556,49.24053774993232,2.1009848618522997,0.6119819335826697,1
1394,105.68267665541369,29.59140246135088,52.15332930300454,1.0201510250143948,0.49698092632872715,0
1395,103.17339224343945,24.171917746918304,50.35082728365282,1.8717311597253563,0.6592786612215324,0
1396,105.92340152932454,23.684293587488405,50.69413254440055,2.1740096346912567,0.5882729806624605,0
1397,98.26436855235151,27.065445711903095,47.085390462028926,,0.35380643463932143,1
1398,100.14192980744674,28.56349515616116,50.84691666366078,,0.6099414148560846,0
1399,111.00206953972213,29.569749550386696,51.06084692795048,-0.8792679508474783,0.5229675493769909,0
1400,101.71552860514302,21.894622872389995,49.2033227546225,1.6752144665300226,0.7077468434212713,1
1401,99.7654450865903,27.584454886111665,54.170059352521385,-1.1122068048638423,0.4981737671228861,0
1402,107.68326376263643,20.52774717162644,45.42154547163187,-1.5812246345455645,0.32581199945146033,0
1403,110.92852077331499,24.546892160945344,51.56873427154109,-2.1510687909796533,0.18446762683495388,0
1404,108.59476655332533,20.15817778091039,51.42560960990973,-0.4540123664682032,0.4984027546056849,0
1405,109.98023842902909,22.168768341004068,51.08316586399882,1.3724178937924665,0.5911672101351938,0
1406,101.21602455715269,29.17630040647751,50.352425411277245,0.38425082529196763,0.711805522775655,0
1407,97.89094666629079,19.753088397277033,51.10135864525007,-1.8039723977042157,0.39821731842169444,0
1408,112.50666825977743,25.588810741622357,51.73635095911179,3.2289886355428363,0.6988986620885664,0
1409,103.38660080578933,25.11545127512884,48.54822483233601,0.974307959237352,0.6264330385384349,0
1410,103.74583491772476,19.448860232507837,50.59839124436018,,0.6096465707805775,0
1411,111.6409707092453,21.911748525225747,49.633366315953396,1.927543241021487,0.6807715412328038,0
1412,107.7811500470033,24.75577805418319,47.812463199548986,-2.4603233829386695,0.2951629000404806,0
1413,107.27943886040804,20.24614330786188,51.434339949226576,-1.367151207881824,0.3340058062291639,0
1414,115.82501172450542,27.607483876953786,48.871279150631935,,0.5336697687136533,1
1415,101.78240884809928,29.665878114416998,47.00428265044106,-1.2161074920322152,0.221787986429082,1
1416,109.63920064040619,20.577112799549663,48.9217786785967,,0.4754160305540748,0
1417,105.28506562448543,20.242943577486912,48.40220220381374,-0.11661097924695012,0.4282111417968313,0
1418,106.34296139431629,23.459220861569335,52.05695801838022,-1.9161080829448762,0.43641592921552963,0
1419,112.64234213206265,26.973183325680388,50.306386281116154,-0.5412257732004598,0.4464318324396532,0
1420,107.53917878144811,21.379207322823017,52.76476549137988,1.3717548260277486,0.4670444600379239,0
1421,107.69148039524816,18.238558904367366,48.66688753753391,,0.6857947280372445,0
1422,110.362536686549,24.494647536394726,51.748339743793,1.6695219929512017,0.5917280100683584,0
1423,103.17523635228558,29.47920681320769,55.67924582961582,1.5148138106861944,0.6620265746768376,1
1424,100.80395166330497,22.695322264883345,50.71206493425428,,0.548791990503103,0
1425,99.77595402989483,23.041614650197204,51.72329772464631,0.4900177474645495,0.5709004004939326,0
1426,95.16821705311999,29.626820605368454,51.387035328450814,0.37999614015992667,0.3829002345428518,0
1427,115.28103564970161,26.33529133952074,47.15584934514835,-0.9405707508809412,0.5807818128515823,0
1428,99.48395817139158,26.6300630741055,51.1716345949349,,0.5106223107585834,1
1429,103.89373188207114,24.75242406445281,50.61291264129914,,0.4463961689737602,0
1430,103.6159335005554,29.6953105303589,49.48050523320338,-0.4890439748362034,0.5043480106455162,0
1431,106.5370334890455,26.26639781310667,48.231927251590236,-0.9837389171141644,0.5510736401669173,0
1432,109.07868606269648,28.740393019262033,51.38796648065407,0.6207476077258733,0.4938373599752475,1
1433,109.30236744179872,26.392546388798653,48.05519252077876,,0.356834099738367,0
1434,102.08461280715531,26.821389898084753,54.26729120936379,0.46398524808032715,0.4878728649656844,0
1435,104.16439143106794,21.48493106570696,50.22833816697626,0.5271120988736694,0.5415945541591575,0
1436,106.4128997524415,21.64174437616583,47.553385904426996,,0.5864308161265033,0
1437,103.75654436908226,27.39581579491235,48.97200744334332,,0.6311136488038444,0
1438,113.03672788009996,21.560475470038796,49.443731323420366,1.5125541507519171,0.47963746864566564,0
1439,107.45487475819125,24.75324084961838,54.82475330784769,,0.4554148388017595,0
1440,108.67438893024908,20.992227730880423,48.230822106381005,,0.47891786507987266,0
1441,108.31440634333707,27.803800569708834,49.76756547349723,2.4219447515798582,0.6639713470847414,1
1442,110.86736928742663,19.32601621473228,48.92434326026996,0.8649743699686052,0.3906453431910468,0
1443,105.90510779351854,27.95335967713997,50.998516971163326,0.15565237450799796,0.582158258528731,0
1444,98.51584026022077,25.232757606091223,48.95623317258991,0.14596172616496217,0.41400963417730174,0
1445,106.99843975876321,20.24291441792493,47.72188666772058,-0.7052491193427577,0.3874273080574104,0
1446,101.74321553104086,24.50442462607342,49.609410840407605,-0.7556582198640842,0.6392396150059191,0
1447,102.35691659125122,21.389986042168086,49.40121231333551,1.3531757449673028,0.6909167601179331,0
1448,107.93182009377547,21.88160801676596,48.815511244751974,-1.4455054386713337,0.4396460598421235,0
1449,111.19141535716818,22.218336499162564,48.92237928220577,2.422158953343339,0.49000413261289766,0
1450,105.1063578836803,18.759830963667852,52.369391595762,-0.22758487935602958,0.6900630016972844,0
1451,106.54416506299482,29.83154021281701,49.36051957146499,,0.6950236867406243,1
1452,113.5110747231762,18.37841553757469,47.73174467504313,,0.47277444063460106,0
1453,106.20376589744284,25.94996247821134,49.07576807240029,0.3752833799705019,0.6099575459096708,0
1454,118.00841557090197,22.454731773089165,50.10867131893079,-0.5277739053726287,0.2773217840773754,0
1455,107.82754822815772,25.752123491360386,47.32746072689729,,0.3765149599510938,0
1456,96.19618620422091,22.274979037051004,53.2519559200128,,0.5729775523125322,0
1457,108.76670810552267,26.085007755106304,51.735158955012544,-1.6583312915967094,0.4301554065913093,1
1458,106.90579192441389,26.750826113620327,52.86034548723756,-1.0141117604613519,0.31893372776996587,0
1459,111.44876377041373,26.286631684795736,50.78425625097537,0.879479563372366,0.5766077443000457,0
1460,108.36590675634979,19.36754377629783,45.8126050997398,1.117441216424107,0.5592461012150602,0
1461,104.30772008008113,25.882718815856215,53.07066743327702,,0.5623403583105286,0
1462,98.87850881855317,21.359850593449167,48.27286328058022,0.872515327823061,0.6436548452917237,0
1463,103.95488371356987,18.345616446832004,48.4356265119958,0.1933498701245084,0.4827419147786916,0
1464,100.7473977289535,22.977968062667447,50.312650287910884,-1.376585036792295,0.4115637994652516,0
1465,102.09738275097638,23.20251723364561,52.7564596933403,-1.1833223030033313,0.5422835618821222,0
1466,107.94289202210305,23.60608960022936,52.1065742679048,-3.0501771419226014,0.37585357176891454,0
1467,113.34952252175702,26.457889984688595,51.812562240352044,2.576166641696367,0.49169499101619535,1
1468,106.9733576491149,21.70612570970951,49.376345894250896,,0.7855356146523034,0
1469,99.02058468982408,21.78336615724707,49.344784947815775,,0.3043272549451035,0
1470,107.22301334110071,18.726627074895127,50.69188733596013,1.1983615091876936,0.8078150297993261,0
1471,110.98315743322826,26.24185459190755,49.73985831743293,-0.8610335159244998,0.4997438164117393,0
1472,101.95108547840309,24.813913096795005,51.778635814658706,1.3722158045245496,0.505066661258967,1
1473,104.3299141666354,22.193101352325456,51.66023532899045,-0.7441103537386236,0.22609121390119122,0
1474,105.07344097364599,26.462267747008255,51.18268264234541,-0.5450311426619375,0.5504248897917396,0
1475,101.0755084345888,24.44829299072253,44.94807743646124,-0.4325209016364971,0.323342896356255,0
1476,108.2414021692193,23.630939350446475,50.25597672735453,-0.9860330124919696,0.4864278052122234,0
1477,104.3952592569611,24.135894523933516,49.782292238534595,2.098907062849956,0.7983086233947365,1
1478,107.09766221953514,25.636177503204678,50.33605120351906,1.3477904896222181,0.4536216379580994,0
1479,100.5625391109895,25.920031254895193,48.491350722907185,,0.5820516815822965,0
1480,102.81270849838295,21.467493829688607,47.35042817920155,,0.495682650813147,0
1481,108.61190678913886,19.68892036069384,50.92627695995008,,0.49128457503348083,0
1482,103.13583423954117,19.879610174286224,49.28739736453588,-1.8426881678265485,0.41444785960415303,0
1483,113.63481925616702,25.67269063083602,51.1493859874152,,0.5336852673914917,0
1484,103.00181907192699,28.474479429205513,48.65817124463046,,0.6758940728331138,0
1485,106.12342362875943,22.91395534014662,52.83182128098535,0.41911131938362733,0.583484810084204,0
1486,109.66295415936546,20.034241923953548,52.002129685141526,-2.824042012617478,0.2783289955166765,0
1487,97.90817133533484,27.079229979526254,50.59365421709176,-1.5935017865066217,0.599036252850099,1
1488,96.19595594009613,27.98987369303338,49.57342317322811,,0.3776617415858603,0
1489,97.37171842714953,28.5669893174516,51.704817755596395,3.639708433861901,0.7095551312578575,1
1490,111.31292051713591,25.2819771469648,50.785095630474814,1.826868997587642,0.5090569807904524,0
1491,102.24070927053776,28.328742712657018,50.47716837586121,2.365956447706159,0.46957535162952146,1
1492,117.79099642834126,18.18497950138089,52.08573081911922,0.5095881332854485,0.4120613056843002,0
1493,102.17876200671306,19.286829621234283,52.85307230881328,,0.5200128715751402,1
1494,105.92275651598518,19.110912804625187,47.49517763102891,,0.4574612663706511,0
1495,112.71054976283938,26.551256211056796,47.89923178530039,1.4277330795774255,0.6772798370988131,1
1496,115.03046444079561,18.83498140252295,48.439478549042406,-0.10977255381150414,0.6421150232487922,0
1497,115.30751788318199,23.956372469595685,46.9951508047129,1.0390985631955785,0.5797236428701826,0
1498,111.04183115296571,23.67248278363547,49.874502948861696,0.04602952932140225,0.4579821485789893,0
1499,110.12031262905731,21.728442282698893,51.200232910489014,0.41867763712610917,0.6248356125567645,0
1500,107.96263474600592,28.4448620393052,49.957163410095326,,0.43195624285337786,0
1501,108.89180538083319,20.045198422559952,48.93175671677421,0.33693704673433944,0.357285399433582,0
1502,102.24407141835734,22.229553412790878,52.25291551425832,1.500114836317846,0.6689068930601594,0
1503,100.90900558288847,27.29005800027515,50.281112806413496,-1.8993442936038356,0.5374239705011575,1
1504,104.98312771294523,18.36506777271941,50.685965934732636,-2.239383639472665,0.3058496532189934,0
1505,104.14907688737536,26.075404802956424,52.308469609799516,0.6387968664583484,0.7280221596728174,0
1506,102.73385975336362,27.796772716338847,49.75351612229773,2.1608614468614253,0.6663483042266585,1
1507,108.48193723728357,29.187214066058004,54.12042814524936,,0.6703520440565705,1
1508,109.77652604285255,28.51555968589782,49.104369992256466,,0.35650062379165093,1
1509,105.44203443145923,21.832609402004223,53.9958964090258,,0.5715133391691782,0
1510,112.3876504052763,25.03636969587543,48.050529636175156,,0.23662104320235322,0
1511,99.29155442933248,18.927521917805592,51.03496980576088,-0.8259174395806801,0.4247250834632955,0
1512,104.03170270360141,21.094440042576103,48.714935662387525,1.6842721425740423,0.5108972835324798,1
1513,101.41588839698598,19.13066854497009,52.23913223396219,,0.3681398412183812,0
1514,95.6673169146347,21.782247481847566,49.043534784283146,-0.5608111194356818,0.5582581895597815,0
1515,104.5865965707865,28.502246561504748,50.58174238128817,0.8176286346168151,0.5749952793899307,0
1516,104.39126245808359,22.166002076091512,48.698916007916864,-1.1925781347142068,0.5208402437837054,0
1517,112.56724871621066,24.74277723601712,51.87445034733323,2.389467547322786,0.5916433764737873,0
1518,108.15405842277389,23.20057017737929,48.68849747872172,,0.5990543281154188,0
1519,99.87906587835397,23.50699829158482,53.366829689485336,,0.4775796074095272,0
1520,114.27046283167094,29.634864622038698,48.00800578607722,0.8802738521934174,0.49679905921242606,0
1521,111.10516847762676,21.553853619166297,47.308744163343704,1.4089292403165694,0.5065575854593912,0
1522,107.91048851734308,25.52789363427806,51.90310415615817,,0.42140776634870736,0
1523,103.86757950575084,23.040752034953364,48.81671271947296,-0.31495335938724645,0.6006894623723313,0
1524,100.2028038163826,18.733754172572233,49.98552537310093,1.6290847840405758,0.6865447560955046,0
1525,103.13896611964473,23.87196997949083,49.35551769232856,0.1518174178499957,0.8003277607143179,0
1526,110.44374309852093,27.760119948541302,47.37478346569462,-0.9170700314605422,0.42068452796126143,0
1527,114.42293152967305,19.18503562418026,49.84601267172332,,0.37505977509716965,0
1528,112.71621764136094,18.835102168755707,52.5298317899446,-1.6454751654495063,0.24758271946843444,0
1529,102.55575289106864,19.8435782447192,52.00627400661113,,0.5403695844632237,0
1530,99.40191283355495,27.172801336671675,50.46358552525185,1.673559932640126,0.6566606400865724,1
1531,105.70443123455603,26.687944609736856,52.224536586070215,1.0600644026790558,0.7081812120637964,0
1532,96.15780317218574,24.78021322687333,47.880962830611644,-1.8618174839129247,0.3152449238621632,0
1533,106.61583857092391,23.61871684911159,49.349091342189986,-2.6195863803224033,0.4406572374303974,0
1534,104.26198706850666,28.659909776431466,50.79160988146042,,0.36437395568073716,1
1535,102.66981749065879,27.200373886001792,49.739170346365775,-1.165104312370723,0.5761164037762154,0
1536,97.02648466366603,27.74330701562166,49.50635333904688,,0.5308765838559526,0
1537,107.56800053284859,27.75914761620785,47.59871253535781,1.7592952845130712,0.4323953611249063,1
1538,102.33649580169045,25.712605856946695,45.837317222714574,,0.44580153161473063,0
1539,99.15041582144856,23.496175491791348,51.63573284989927,2.520749940265911,0.4312260767756543,0
1540,90.63868893359175,28.376133031027805,50.48644314650445,-2.5202998384820514,0.2576568368490707,1
1541,104.86242547474681,29.112089011239007,51.80399675642018,-0.5229487811434593,0.3635728123934602,0
1542,113.86125798334872,18.285672519100117,49.12552811568325,,0.49482200525880254,0
1543,113.30629607273934,18.618658479195016,48.57444423034481,1.2708078785496504,0.5372718155270181,0
1544,102.71451871706864,29.504919562901247,50.01309593327327,-0.5035709345825893,0.4912797627784783,0
1545,101.9889396981911,21.325927366130337,51.70839929722563,1.5026301506762954,0.5865860776132473,0
1546,107.34387128037511,28.480433275793025,49.53709557002469,,0.5585287502479985,1
1547,100.00807280405854,22.66554142753683,51.603570368656975,,0.482079943356371,0
1548,106.50895949909733,19.429200691312268,47.987383988813825,0.4723927026666332,0.39864017099924376,0
1549,108.83040139192344,18.96531840251201,49.67710573366026,1.0554199261152677,0.5600888677562452,0
1550,111.13466611942154,19.878094788965477,49.85977171184394,,0.5976557950838728,0
1551,104.49922961760024,20.998718338408377,52.45277988784384,2.5414881754037446,0.6104941260837955,0
1552,103.98163124911517,23.862220247169915,50.41525479603182,,0.4868151305603234,0
1553,100.61008706621719,26.417974806789402,53.49215503658839,0.21613932494176838,0.550969437416423,1
1554,100.8655982298007,29.836782917823598,47.30463040010503,,0.4924935443287952,1
1555,103.86760554049236,23.298080919470053,50.25983780882256,,0.53646590487343,0
1556,106.8368275340809,24.21821930811732,50.35879607836089,-1.600609824106233,0.5045060316646215,0
1557,109.56792313116625,24.261788416599067,51.24018639517374,-0.4411937119938939,0.5286694523180496,0
1558,100.98410524659828,24.47321226585523,48.37328012710222,-2.3798963419816452,0.446733683770326,0
1559,112.46344284479761,24.212887885253547,53.36889267882167,1.1997201004885825,0.6041987692522663,0
1560,103.64438199478715,18.105297060743013,50.02592788294352,,0.4260420689476847,0
1561,104.89316352825782,18.020697865318088,47.82586497413016,,0.464479356853492,0
1562,101.26394160426088,19.171995817513476,49.96795001917276,-0.521707746959754,0.438591866801586,0
1563,92.8787986986353,19.218679241150145,49.37367695423977,,0.7402026053337097,0
1564,109.42022698180524,26.458762907457555,55.566470284494656,,0.48578066901188083,0
1565,108.68421948546217,20.458992390191998,52.09988719905003,0.1697511891431052,0.5394435079330216,0
1566,103.59336221440893,28.736569257067355,50.099322711416434,3.1710799880279077,0.46182336714913585,1
1567,105.33495358612436,29.143275954924235,49.77616662960159,-0.7270139474079056,0.48302349269641537,0
1568,107.57969608852049,29.710720054750784,51.90211372496293,1.8411885467322748,0.6006502291782768,1
1569,97.18727071556728,29.26897565864424,51.99772432065643,0.71952741082142,0.2686444747584305,0
1570,102.35473661326853,21.262659863022296,44.1769001613587,,0.4861960272786676,0
1571,108.97132339810913,24.117322136442148,51.285986309466665,-1.9735363356952096,0.23622512754971625,0
1572,98.72855288415376,20.105459642363293,50.05593308795725,-1.5496275756832354,0.3499837047246306,0
1573,106.46778966083315,27.6745158620692,47.377712356426045,1.6960121967817665,0.6842478111665827,1
1574,98.21709097688297,28.661180461729153,51.76042827924835,2.601599290255435,0.645825117196545,1
1575,107.33214991216764,28.215466071570177,54.49237602711653,0.13715985481533888,0.4620129836437906,0
1576,104.82179258851258,23.20040338436202,51.11359189365556,0.2158226439316847,0.4573836122618638,0
1577,96.92434092047245,27.10408661624137,52.200856884513726,1.1646801497347299,0.5164347841234195,0
1578,110.82369677228586,19.170950034915233,53.608238183928805,0.1099530440297775,0.5215865476505688,1
1579,101.32704211600975,18.482937247431007,48.339475698559895,1.6495500569554835,0.462413217108188,0
1580,100.9487378149281,27.03883697170513,46.28485710966616,,0.6343134156144052,0
1581,106.00284598615471,23.104263291944203,51.313732126619,0.20331197047866395,0.39540923063617844,0
1582,110.74318674714358,29.94659117687483,49.5047769271171,-1.0488192712411775,0.2748532831539793,0
1583,99.92089090510801,19.16705059026639,47.25165309525691,,0.5282202822342108,0
1584,105.30839924923986,28.267532178422805,49.84366012772841,,0.21937626657815998,1
1585,107.14408250165286,23.7597967863479,51.45509474758124,,0.5996047190615506,0
1586,108.46552803631572,27.925802346046524,49.70205667047128,,0.5544675725592757,0
1587,105.88220777638612,27.80552738604174,48.42634473852993,-0.6005960171036718,0.39802650435536113,0
1588,103.16486080458338,28.99190401634493,49.55298587940698,,0.3673365280064336,1
1589,100.8620488967564,21.574200135433234,49.96104706939731,,0.5168130407259273,0
1590,105.43071941523188,29.397592241544036,46.14103547474784,,0.6064470042162804,0
1591,99.63930494007197,19.820003524291444,49.71445009365861,,0.38928612920781264,0
1592,90.39324758252697,18.983625331121885,47.311319055710214,0.4992542147289417,0.4786679907005637,0
1593,107.18279902078834,23.179386208468188,51.31805190404219,0.18337282979400527,0.5655013034222331,0
1594,109.51967420543097,27.93987562370211,46.87791484882644,,0.4187621013844059,1
1595,93.1853378222908,23.681053567601346,52.025384409101875,,0.388958341557467,0
1596,99.95134647645031,27.95144013036617,49.18166986157212,-1.949517828495549,0.5617931068260812,1
1597,108.09577130502599,26.75624166953166,48.914048586455976,2.7157891313507654,0.4675457296363805,1
1598,115.2874773485585,20.513140633667202,50.58890919460394,2.2390839430374445,0.469779652106086,0
1599,105.10396853837705,29.386579498793566,48.26793110955322,-1.2784484986493965,0.26898938109199155,1
1600,101.35998529385432,18.72937402355284,50.55749150826013,,0.4719234221003177,0
1601,104.0855177944758,28.77935649052554,48.53578245062326,0.19206636451878012,0.5610756503479841,1
1602,111.87438209574093,21.65332138788449,48.88653097535046,0.07041017435650739,0.3664460003311442,0
1603,101.77017910437732,24.00177699797279,50.81070833865827,,0.5114654348892071,0
1604,101.00403996674873,23.068222472408813,47.722838532531235,1.1120608387159996,0.5528354826019031,0
1605,102.58628238908983,20.062014683002992,47.47132539647529,0.6775559300939128,0.31295583458433757,0
1606,100.23335695870644,22.297762396820318,50.496451014820686,,0.4350947479320524,0
1607,105.61335157997398,20.315213235513543,49.94620029502123,,0.40429847532397056,1
1608,113.1233922923478,20.446637705526285,50.33738548961878,1.2807353630034815,0.6347036228392744,0
1609,106.61539636558014,20.244682032316565,50.65527847344284,-1.0860025845050594,0.3310057461967671,0
1610,103.73823248936856,23.868208564159133,50.11475110761396,,0.5444127172087923,0
1611,103.54094365542228,27.575176410135786,51.216185247934135,-0.8291710762017119,0.5879984694688996,0
1612,97.18404595651671,24.827640405134893,50.19487257395732,,0.7471687371719149,0
1613,109.4155488857358,28.7184790626101,45.98539220064939,-1.9902407083005302,0.45120445295668843,1
1614,104.610814014936,25.63853386292069,46.50423081067629,1.7339234047929017,0.5785626125954704,1
1615,104.09760043204687,26.272081387591253,53.85589836048417,-2.506219142137904,0.22467861918442014,1
1616,120.96553783922431,26.01128675672404,50.00014373411773,,0.5905693673612981,1
1617,106.49376454182843,23.393510318204896,51.90048330343419,-1.7123236011366143,0.39178320301587855,0
1618,101.24104474952408,26.272065866400993,49.30859218874585,,0.4844431314508747,0
1619,102.86821201897229,18.836492957627534,49.88396981121214,-2.4437897800452073,0.22445828676577598,0
1620,110.74222854598378,28.31821766298796,49.093270691458315,-2.024971675532566,0.44219489070575874,1
1621,105.56635205268883,27.33374572132701,54.93185466292273,1.3466205714369328,0.449239461339318,1
1622,97.80861010841316,20.942759498780145,50.506484844728284,,0.7317230677207758,0
1623,109.59614467287602,27.21638945104899,48.930284188987606,0.3590383985514704,0.532754038459443,0
1624,101.65927957230502,18.151711216800223,46.69692057313962,1.1116224982353613,0.6535073877132133,0
1625,114.36648888108773,20.606958869770565,53.947466885471705,1.5673181139809587,0.6742252197335821,0
1626,110.40024032857325,18.78164686405075,49.673443229543395,-1.0262652956989715,0.6564798993755345,0
1627,102.76339052170624,27.362722999414736,51.4884582391232,-2.098442151475222,0.4132659929501442,1
1628,111.40508180867556,27.070489814140647,51.711994580613094,-0.020555079304191926,0.4599661210537962,0
1629,105.33927755263701,27.763632285621966,49.07433895313926,,0.4196313919132177,0
1630,109.2638683756111,18.053780319906345,51.34490555077231,0.5829322203014928,0.6787568751490549,0
1631,107.42366408647237,24.014792720140896,48.791723426496766,0.8220429181318895,0.4090786043143311,1
1632,100.76821672504563,26.45803437020804,48.01914727592117,-1.0224761858539213,0.36106373288798577,0
1633,101.7822508384127,19.864813544868184,52.32892938502442,1.0561628144496646,0.5765073167956295,0
1634,110.1498040879058,25.797488730151496,49.6836212403556,0.9812075639269622,0.5337806327940985,0
1635,103.3261233394673,19.00932119171623,51.03702566720531,1.0849763683335294,0.6510132641871772,0
1636,102.98175768379002,20.17591027325176,50.82184198776354,,0.33554624797626337,0
1637,100.22438710325324,23.709561779935214,51.27586392011058,1.1698832472428626,0.5517995615988233,0
1638,107.11799532796731,25.842781832173223,46.88692613159675,,0.5202989967987736,0
1639,115.31262459621573,19.750429523446755,48.82941893736726,0.9602769671348412,0.44078945129016006,1
1640,99.66233542872864,20.222679969971253,49.35104968500715,2.5166828446327894,0.7137001542949307,0
1641,105.1210972833638,20.453356404787957,48.33704265419702,,0.5154046352815973,0
1642,112.06110277707714,20.864409656387743,50.85801369603278,,0.4410703721154621,0
1643,104.60179304377142,20.718646182315496,52.373786155191794,,0.3342455644481966,0
1644,107.26185898124866,22.741789301971643,52.690369310692596,1.6919042399907327,0.5476086537209979,0
1645,99.6880323592656,25.845475810040675,49.32159046958023,0.5359615140531723,0.424635316810602,0
1646,107.14153548603824,23.256381397613637,50.583931724915814,2.505032982480337,0.7116282876604595,0
1647,104.06427867497726,27.31168690499866,50.8912870089802,-3.044328286800705,0.45106518533549533,1
1648,109.92864997839932,26.631222071383377,51.24251218840706,,0.7363061840642083,1
1649,110.93693025782376,19.518322968588908,48.24372985385471,-0.3917060031309423,0.523820037535598,0
1650,117.94781821009308,18.586099479848926,53.64116053652993,-0.5302814923217567,0.4395640660526003,0
1651,107.89816586606788,28.535298767995272,51.85304036869289,-1.1472117602228866,0.3957430896792869,0
1652,106.62898158291084,18.957972798754483,51.905298687384885,,0.6165326304154176,0
1653,105.97192150788668,19.780070168636556,52.406920113800794,0.9203042659248369,0.5661015687523332,0
1654,103.23416853594655,18.265599306697418,51.06827188453197,-1.713573037559161,0.3969005334878541,0
1655,106.69241921730845,25.540036383583846,47.94537315389805,,0.4861612501567996,0
1656,103.52299294930485,24.988446757900185,49.722054536889786,,0.6700776168782845,0
1657,105.84230488134807,29.842843997223067,46.69789320987617,,0.47016605506273884,0
1658,111.5879876780398,28.643188755806065,50.83014501939817,,0.7177556151856247,1
1659,99.96728717360179,22.930118129770918,49.66157268366891,-0.43505781583377345,0.49646072860833185,0
1660,110.69939280564523,22.45903009095042,49.91895523294614,,0.2941350928589025,0
1661,111.58557533669932,21.56222441135982,52.4080022601713,,0.4354768925267086,0
1662,104.40965736504461,19.828883040454578,49.08601192288708,0.27093865410761975,0.49809445971210603,0
1663,94.39072550495703,19.65700387922411,49.49575368245585,0.4667797450565314,0.5736755543079826,0
1664,101.96089006452783,19.587404496115266,50.043946591926435,1.6604686469515517,0.5453221365081781,0
1665,111.48497273280555,19.369377086241343,46.32001550117273,-2.92869487993996,0.4385988113010461,0
1666,104.88565968850558,20.886144508866444,49.46787268847599,,0.4394178685322137,0
1667,100.00348883852544,21.6800235637574,45.02841017542763,-1.3839867120023268,0.4183222061607704,0
1668,102.47612539385891,29.53894765246699,48.82895687620852,-1.8120455821777273,0.2807282806419639,1
1669,109.20310013252276,24.94167901202263,51.710378106785654,-0.10844849934433902,0.5505252587132192,0
1670,107.73366784100689,29.85114929415937,50.89453311650214,1.052733045421013,0.5259190829140942,1
1671,103.80533950415153,22.46960337390808,48.81035937909185,,0.6804580460980261,0
1672,103.16587794092656,23.491519591073292,50.081596436447626,-1.031283633743641,0.5189168200396463,0
1673,103.0412092547809,21.89494390998335,47.85002086573919,-0.21820739931557737,0.4975396074069858,0
1674,100.38794907750749,20.194651810758632,49.99531319370096,,0.692259835449912,0
1675,113.07687844734721,19.71797649333095,55.86064057098502,1.0246938675900337,0.5917455783217124,0
1676,103.3883976539433,29.340950373693982,53.69160264074387,-0.8291550198399442,0.5593682610934799,0
1677,111.08579260412748,29.84172818158507,50.105244260034524,,0.36745062185947397,0
1678,112.60658025961226,18.53891395810478,50.320288329830746,-2.574726240898496,0.4173825737791869,0
1679,109.9915544907398,19.804150496781197,48.040869370730896,-0.6441170003735462,0.5180663360416237,0
1680,102.84189843640976,23.082289107612272,48.396421784097896,-2.6036833956577747,0.2153417236949882,0
1681,107.01865045168304,20.23600171613289,50.72436864420939,3.1006045310791723,0.8056927729629281,0
1682,104.87902196804542,22.3665647235226,48.95021486872703,-1.2826772353000653,0.3198329124645253,0
1683,100.48149069634935,19.5491561983156,51.80829918970316,1.6634712829698262,0.45327732768858103,0
1684,106.62179640860802,23.478141080661484,53.13937136195551,,0.3514894125105238,0
1685,99.10480104420098,21.26033539403111,50.66524156956208,0.3243021127919827,0.563600699622279,0
1686,110.93839694230782,22.22286066910393,50.203474411679856,,0.32819238807951395,0
1687,102.67691351350804,19.13175181755297,46.638440750178695,-1.9835478840826237,0.3491306571601712,0
1688,106.0057982793642,23.1375366085217,51.4952204905441,,0.5459418296236633,1
1689,106.41643935773071,29.79909133153884,47.712657396921884,,0.6395026695594664,1
1690,103.70547513147962,21.945996562574283,49.163981742733164,0.5268789444334034,0.46397422116044407,0
1691,107.93346900737637,28.51715129810922,51.91915178477027,0.042522311188256084,0.34305816447696624,0
1692,102.62548171688738,28.118389699484222,52.059516328618066,,0.5876479521470245,1
1693,109.35648648728622,29.424701019566527,49.066984945299765,1.0444358226835742,0.6377493174994842,1
1694,98.27010159876626,27.481314147205133,49.182168930160024,-0.22180972166964424,0.5589931585917871,0
1695,105.63189789773206,25.915161924705778,48.601362253486656,,0.6948972712662718,0
1696,114.69464499529143,28.27901333072949,47.60429250934818,-1.152097556146961,0.3770492648596213,0
1697,99.99834337697213,18.907736167888196,48.73040903579152,-0.8415609695453794,0.32621858215130844,0
1698,101.61127514737575,23.553967886385692,46.77373996217062,-0.3094479438879878,0.5155227006900428,0
1699,107.56953924829457,29.871074863380706,51.36612516301653,0.8362065935605344,0.5629524525320309,0
1700,105.89790890969799,27.235201815536787,50.78904721032375,-1.871044459035068,0.40596181576985485,1
1701,106.7531504963678,29.544904536446676,51.121058569741024,0.1143604956340929,0.4310782238052902,0
1702,107.44593565073832,27.35561227360175,48.091191898849715,,0.2054224279770251,0
1703,108.17360734280885,28.49858360930573,47.60985887296989,,0.33176898239986663,1
1704,110.54849920978111,26.47835558763829,50.10702854862712,-0.5767373242374817,0.5268699804176336,0
1705,107.04909328464257,27.12602405300688,50.12820512990045,,0.35429111511135913,1
1706,103.79371172690729,24.27813611807401,49.70546034497411,-1.136383011042569,0.5397072495064774,0
1707,108.36286850601365,29.090852409769596,49.421033461624305,,0.45205667474754946,1
1708,114.49940967447608,27.900466927480338,53.421551555388774,-0.41987406390114634,0.5526080210632729,0
1709,104.33683126808714,28.126619587987587,50.85205002358596,-3.4196847344459,0.4054889653787802,1
1710,100.12735347664679,26.076109211556627,53.941356782932985,0.2863391152642037,0.5163644727960601,0
1711,110.53540334643486,21.654959365046988,52.53793005086327,1.3641349446102948,0.5709566226037983,0
1712,104.39809418023201,18.427557544681672,53.40654185203469,-0.17594455834484846,0.20031652885557488,0
1713,94.13665226992981,29.227861552914533,47.851074467287994,0.7481878101065647,0.47175098216911443,0
1714,109.23710838575211,25.033444185665964,51.18634198199606,-0.7690958346018645,0.40020493566280746,0
1715,102.32335907023038,21.577715653777684,49.13646902201325,,0.3725230429027103,0
1716,104.54733358847919,19.789621294170452,46.673226577280936,0.0025369819284791427,0.4070929656321132,0
1717,106.65990165284508,27.954277986009057,52.99200633911105,,0.6447847796497141,0
1718,105.95249839889533,28.038242333370945,49.41261494858874,-1.9865821884114863,0.31251989411197373,1
1719,108.5472590856952,27.774095617566378,47.88979673946663,,0.5753512184375843,0
1720,102.82256814715079,25.740992303601434,49.17087227350261,-0.37067460135662517,0.3853507664059069,0
1721,107.56552899088041,22.39218465110251,48.40755175445236,4.277111467927417,0.6534775937990557,0
1722,103.70226661208041,21.648843417363082,48.612604064766664,0.3350567920798376,0.44877160429633733,0
1723,108.69405240443751,18.102657241418044,49.5567932196347,,0.30745858065163567,0
1724,108.07683742006526,28.003290704258884,53.46163038608949,,0.45639997696599366,1
1725,100.32280648977702,19.04919236992371,48.667365566910746,1.0957482453956247,0.5220789494770803,0
1726,110.42991058087516,25.56905997648921,53.31854132843838,3.7275479639947937,0.656211818638946,0
1727,102.32018277442975,24.04889936208106,51.697673591959045,-0.4214617269010785,0.4047472508389014,0
1728,109.04028899140573,24.320272307116213,50.79254312717217,-0.5112293880877639,0.44845918318741923,0
1729,106.8364365670067,29.12055414369328,51.49624006450375,0.6461612642963942,0.5539529141641638,0
1730,114.19091838397561,18.379380135254905,50.027311327674916,-1.1974446125176632,0.4186116820546143,0
1731,103.88267008814074,27.28070669554527,52.572100207726855,-3.81623193064301,0.2941592356157808,1
1732,103.25341601940902,18.624628780407686,51.1339605265342,1.5558965839135295,0.6793978685561276,0
1733,104.90290197056133,18.457843271224526,46.67066802994897,,0.4813762856239642,0
1734,103.48410108582863,23.157812377696583,50.59250386377993,1.5751767987320564,0.4636703578627483,0
1735,108.99970950971024,18.756902092115602,51.56794628598523,-1.1414801854660204,0.4343994666634397,0
1736,96.91844695781705,27.469727415514946,49.421997562797564,0.18266869119080736,0.4552984164145355,0
1737,99.73158790426822,24.354757123780047,50.25251174542787,1.2822479212330413,0.6162149918157872,0
1738,99.66098539210404,18.348465391917294,48.774284010651186,,0.5905703020687837,0
1739,109.75153795986787,18.486008237783032,47.24474868787288,0.3494830012221359,0.6305052310948055,0
1740,113.55306686290963,25.352022356873753,46.899246258137524,,0.4397388039124276,0
1741,104.47775390731265,27.67334181190086,46.925864025862275,,0.5272359472854524,0
1742,104.15589138404995,23.253594375297283,51.338089484941065,0.6962543015912284,0.42840129966519613,0
1743,105.3502608155659,24.654968058427492,45.01943658324734,,0.3989811666118327,0
1744,110.80939151304095,27.59795344859882,48.667040146073035,-1.908123531455763,0.2509357217585325,1
1745,100.36323432904713,25.32607408850183,48.468693429509244,,0.37396902385844,0
1746,106.19184491367392,20.697122851905835,49.43568092802507,,0.5519421415298882,0
1747,109.87598814891214,25.356624310433745,46.28713690012759,-0.5935946605665001,0.485838740776468,0
1748,107.50547084969922,25.53935350878256,50.80777618948124,1.230295868064453,0.6403282577726391,0
1749,105.94790808299372,26.809283770573522,47.4536772116802,,0.5527585419386493,0
1750,110.00523046283571,25.450490250681614,52.264811081418536,,0.2971402452437858,0
1751,91.48383853500381,29.630905565496455,48.75646862482233,,0.4353960399308621,0
1752,108.38937659765453,20.367459704604823,49.80877395317616,-0.682233077496138,0.4578701889821687,0
1753,101.72962158436287,29.413088154804917,50.00754771311041,-0.9138352203953433,0.4214982919794703,0
1754,95.84683551571771,24.460073884200195,50.48848210572115,,0.5480507454765093,0
1755,107.5560129976249,26.063473685938945,50.074028754992284,3.766115205821509,0.850451011106279,1
1756,111.86829272581478,19.193539169426277,49.14577890253474,1.674305462615322,0.593750817739442,0
1757,104.31275742686154,22.566911296537285,50.68609706138809,-0.04043455103610571,0.5362042341030264,0
1758,109.76437273601469,27.232549757558072,50.932294260989906,1.8892616399341864,0.3935829324396412,1
1759,113.06139128994323,26.482932181187884,48.46973066578076,2.569353975466205,0.703068163996597,1
1760,111.57457226792023,18.481672657984923,50.85273563794711,,0.680768379282568,0
1761,113.19982264685697,24.559131161966935,52.38344060480339,1.8372821420437955,0.7264295207307021,0
1762,108.71063745535946,19.059338315620913,51.411788392209104,,0.5137071330145206,0
1763,105.37716819450796,29.95027715013795,51.86475048329437,1.7821785849847498,0.8172146716131591,1
1764,96.99017094051416,28.767559062399535,50.34384169781489,,0.5637461958608215,1
1765,103.76968755935026,18.252967925142443,48.12769910785024,,0.5135749520870795,0
1766,100.78376702341905,28.30379494683157,48.38071108059271,3.049305966274151,0.625721676734926,1
1767,115.85471358748907,29.03315520670089,50.639775935708826,0.5093979128732233,0.49613800882313336,0
1768,104.12057093783832,22.24257867076146,51.88552745030462,-0.6514905310413801,0.242615954170824,0
1769,105.61602403392243,26.63401986057319,55.57182382798811,0.7589670225605614,0.6166977543166738,0
1770,107.75742688020233,23.305244954493347,51.96364388887721,1.458593852591791,0.5432298718823344,0
1771,105.21801223186228,25.862789814916127,47.659128485005,0.142141613792994,0.4883010119022785,0
1772,113.47525520215376,22.083808851578297,48.465454855280036,,0.5568189931780139,0
1773,101.88675319132774,21.87071083959922,54.557034631911996,,0.46516970772768274,0
1774,105.97303727618622,23.093206666290946,49.571222136046444,,0.4768769977377515,0
1775,101.28764707150975,19.746813103830014,50.09502926952258,-1.2327366879416564,0.5586692165474755,0
1776,98.39988744389647,27.973667573224592,48.07916615918154,-2.1042244298573807,0.43527011387663267,1
1777,101.94115454547358,22.18437474433964,53.13020681114849,2.277030051070118,0.5985017888690303,0
1778,104.81481601475794,22.801794646870142,51.00066641464125,,0.4708941960020081,0
1779,102.8534888774137,28.728655352425733,48.450797304229376,-5.141362652632934,0.2629912252761286,1
1780,101.53789510063072,23.959485768758057,48.01234942228546,0.5947996189192635,0.44652495117994,0
1781,97.96841268164083,24.531046912210357,50.61440789179574,0.5637406567609539,0.5489730029656396,0
1782,104.58447213685653,29.47797749732518,50.08841234976091,,0.4284645130351138,1
1783,97.476398129845,28.64071659773987,51.66422043444226,,0.44632189398608146,1
1784,108.80027981844802,20.033600506661273,51.0939369462544,-1.3144335518413937,0.3918650326145928,0
1785,105.41219876467251,23.67858035901726,49.471039302462756,-1.1134015361884146,0.41561957120758686,0
1786,97.71224250267535,29.655554729142544,48.912396809077265,1.8191637925553552,0.6561750736587547,1
1787,103.45395461475069,22.468395578743234,49.68011570340233,-0.22331632210025487,0.3788165634366215,0
1788,101.23921797204709,22.458877302194402,48.89863830668647,,0.3863116692541596,0
1789,106.5958725520959,20.340362781469853,49.739608934390475,1.6835849133308904,0.42348914428846873,1
1790,111.70225223011572,19.3718773694295,50.03288185723876,0.7430216177755581,0.5405509508227583,0
1791,95.62413765177128,26.88365748907178,48.20413821323989,-2.611467386964824,0.4556153982258811,1
1792,105.57513039573709,27.240365624418196,51.26135972419576,-0.9249354587518545,0.5869014097081596,0
1793,104.1993360221668,29.628155562036,49.25914457106066,0.48294313070091865,0.6790137408545182,0
1794,108.35670038225233,27.28101853086436,48.31623129942931,-1.4008352010180496,0.3609108257299757,1
1795,106.06598314118844,20.920229928403185,49.29678514343627,,0.6772197056827498,0
1796,101.2401533413059,18.481398939462185,50.484516313240576,0.16931814547887558,0.46823467315554024,0
1797,103.4047303216669,29.82524861243592,50.166076399626604,,0.6082611697541976,0
1798,101.01987071598255,22.08540834652327,50.84423622980892,-1.6844154650040744,0.5461238567603768,0
1799,110.38003569299299,21.74365850918905,51.79669225015106,1.3912913820535542,0.5863717130004038,0
1800,105.10655824335971,28.87146251699259,52.60988040801607,-0.9717929054909351,0.38947478010432746,0
1801,114.50595342876504,25.021198782539834,50.570972325376104,0.5698862674375604,0.18369002194806888,0
1802,104.6966959309269,20.578454086189616,47.86119522552901,-1.7272790353116496,0.2702760664827566,1
1803,101.45796616544769,28.669154912594877,49.4617783949394,0.10529668728675487,0.32003555851357673,0
1804,97.43142803693587,29.920330260656918,47.99136323123398,-0.9538288468251919,0.30768530066832034,0
1805,95.98430161872028,19.04014273380997,53.39370814742456,-0.47309162021258067,0.664230180780564,0
1806,97.07932028497255,28.347019539629848,53.97480176505432,-1.1944212005781858,0.3107747986299182,0
1807,106.33563325505742,22.686188372212726,51.300622394992686,1.5384394167124058,0.47082767135178505,0
1808,107.54362511614967,24.288869358080454,51.71691768527806,-0.7365059626864894,0.3711222886340701,0
1809,97.09404648983933,28.97779170917977,50.501886386473316,-0.21518579237955324,0.7490951832786559,0
1810,109.47519157038057,29.680550349301406,50.73211183092158,-0.14271342119811625,0.4866191061609797,0
1811,102.58469474158281,21.145966924905593,46.805091563341755,2.418405182450442,0.7203406857329483,0
1812,105.73396505992774,20.554209251518966,49.852135269486176,1.335462881087099,0.5843126852066075,0
1813,113.06110314127713,18.966198703098144,48.23769387530748,1.186021137416939,0.36086015511084624,0
1814,109.48419657932766,24.741574231945656,50.56271307507674,,0.5349224500379812,0
1815,103.65734676047084,18.16325274540802,49.880780309222935,-0.9845885814038087,0.4908802460638739,0
1816,100.54403887292357,22.94277957131924,53.89364392469223,,0.5769751057856453,0
1817,94.24092299335348,18.880608199824103,51.83325537744568,-1.7563962231324748,0.588192935277869,0
1818,101.4042334037879,22.86270939515201,50.56902396504329,0.12602032218259437,0.47164612233815256,0
1819,103.94434880586152,18.47918627118731,49.46612062572075,-1.5978922563911833,0.40566387070476234,0
1820,100.06410236424408,28.02260712730523,53.35204291751986,,0.3931216837847691,1
1821,104.34371516453848,20.51686792726279,49.94009070774694,2.5211784792963057,0.7336880524961159,0
1822,105.38425941479385,21.939704524294942,50.66334792327056,1.078905962364583,0.6353275913205827,0
1823,103.8757200909596,28.440575959276703,50.08449920885367,,0.601597403270784,1
1824,101.7499870958827,26.95519273598646,49.19169218858536,1.1756122202456685,0.45360385626103544,0
1825,105.84327335983363,20.628460339704702,50.07301244477104,,0.4525300133852013,0
1826,107.20970324784705,18.862793023889953,46.07606629864337,-1.0373950618558458,0.3429218201837343,0
1827,99.54800461278577,26.588085322264075,46.90458719751763,,0.5858800127154021,0
1828,112.05466189873135,22.688430608257313,50.69926108333925,-0.28773968158012003,0.3281402800837336,0
1829,104.50705933857869,27.192959989418654,53.13639938105497,,0.7926585740160392,1
1830,105.09424811472424,23.343537268502523,50.69644220828834,-2.0045346465442946,0.5285385554127047,0
1831,108.54107211628279,22.15202895566732,48.55926229020669,-0.8304921729281916,0.36662250229008786,0
1832,106.1660806563175,23.414464898548758,47.11429249186533,-1.3694450494580739,0.3898793211631103,0
1833,109.76568316956623,26.98270782804812,51.569054520951276,1.58493479628072,0.5080036993706107,1
1834,106.43562082600913,28.82664343848449,48.865609697969795,,0.6820574992202743,1
1835,101.9378131267978,18.597206359062906,51.28647083710512,,0.6644037996557121,0
1836,106.8075176260305,24.28933849472346,50.779730316131435,,0.6478881192471845,0
1837,99.28136896339669,18.39402514900653,50.95660078450938,0.13698138456290349,0.463556021886596,0
1838,105.54279852888261,23.620914540292304,50.06720341470711,0.6562184839216874,0.6582916309705305,0
1839,104.8338500467777,28.623393949162804,50.767288769939285,1.1597327435364408,0.6751688406229492,0
1840,103.9594157136373,22.339083197043717,49.76109119748733,0.638460769330232,0.5130396475911223,0
1841,104.35731244280535,29.189405052967718,48.72938693126359,0.7482514924174418,0.5364667268285803,0
1842,95.5907547725118,25.567301659807313,48.073001878967894,1.1631215452408126,0.7123274857267179,0
1843,102.25637546129519,29.209864125516077,45.22998240405804,-2.667417151882601,0.47246533043050554,1
1844,105.46422450570557,27.085999504950237,49.637780875190984,0.0030133952185880768,0.6226290682118529,0
1845,105.799281959987,19.241221999785147,53.03875636590391,,0.781429089361349,0
1846,99.8616242953702,20.773816410752126,51.460160185075196,0.6242222707789369,0.585937815170184,0
1847,111.3285392043235,22.730045455002074,50.455418236951914,,0.5197500024572823,0
1848,100.66912575892749,20.041282584144913,48.5319900114217,0.24112724969572813,0.6478501086173524,0
1849,109.84728600263368,23.938939257319927,51.994678451518155,-1.0798596070211512,0.6447891107956429,0
1850,107.13597180935842,23.656417868417886,49.76138137639395,-2.662267103546595,0.3057472517710841,1
1851,101.76886345078098,29.475110376328573,53.149868627578115,1.474705651958485,0.5535494304792615,1
1852,113.87655446304755,23.204734594751734,48.037825473410635,,0.3130650676963284,0
1853,99.0318158412176,27.427521651455976,48.50006094405469,-0.24068079467064274,0.5222409577075846,0
1854,109.59577086805001,29.302926538217758,48.30546011156074,,0.5327411379147569,0
1855,110.0029115902149,28.523865971687826,47.035763259131976,,0.5241379675272488,1
1856,101.64689895461677,20.504011494139103,48.12591062961648,,0.6074061984340133,0
1857,111.96232650032164,23.95235873104253,50.20643251953184,,0.43138307402676124,0
1858,103.74976742700524,22.17287738755111,48.57559795029874,1.1217988030889736,0.5026108647713428,0
1859,106.44346814639928,22.798304341646585,42.28724934151881,3.23471125141228,0.7747293878929908,0
1860,106.30160919385611,22.329681914949013,52.14854659484024,0.6085342905871327,0.4679126587056692,1
1861,104.32845629264726,27.916310522100048,46.63181254130519,,0.3313436926553014,0
1862,109.05404136579891,23.42566866146937,51.178456569773275,1.044890972032035,0.6266102595925068,0
1863,108.96744360276107,24.28433198693626,50.06242917933913,,0.3688788401670678,0
1864,96.2573401338091,29.789368284564894,54.234745632840685,0.06964389009659554,0.6232880778225321,0
1865,111.52170121439076,18.719751266298196,51.99391496304524,2.990936482434618,0.732845891198078,0
1866,96.68754005982163,23.855491677488985,48.99079080903005,0.2366210950286578,0.3370012186732695,0
1867,110.16273102170828,27.288740483353394,48.59587287528937,0.16166648423647245,0.6396367665507157,0
1868,110.63352568413792,19.81394349825872,53.00545536159857,0.030954810536258377,0.6915227358115084,0
1869,99.54516784892401,25.338379135377288,47.04825780579718,-0.5932144206392991,0.5736996298944583,0
1870,102.94592856022707,20.8735773544136,50.38175987183742,,0.6309728427820689,0
1871,99.47147665757032,28.40884935869481,49.737759073500655,1.1629095174904547,0.5333782677837473,0
1872,103.92539484855632,21.92519598480095,49.313547862590646,-0.49773007873616226,0.4274439606997319,0
1873,103.4598285790713,21.948753802810913,50.70702796889685,-3.7361276074512313,0.33443808913005735,0
1874,108.8983026613467,25.178326542214723,50.379119721017354,0.6984262579181312,0.6269118486979592,0
1875,111.55154373059804,20.202754897438904,50.91480148558349,,0.7494578165509727,0
1876,111.97841905394978,21.418663666836732,50.27795130472657,-0.564392112084196,0.4280021296352732,0
1877,102.18915986710849,22.999582201432936,50.835362810034496,-2.206745074134905,0.3357468364436938,0
1878,103.95389063127736,22.243654357681322,50.18673038586319,1.016119477098719,0.4017906292165652,0
1879,96.58280903889525,24.298526616066987,48.681146225567375,2.615748396276005,0.6954794123493495,0
1880,100.97064966751906,25.195681728827594,50.00800252047319,0.794060354572853,0.5007248903244419,0
1881,109.8242581654873,24.800009445001976,48.57122688059196,,0.5992480243511392,0
1882,113.07791411774116,25.85001974390319,48.4392467905383,,0.7323126588996789,0
1883,98.82825564060039,21.692994199293842,49.3276999945645,1.060276478516539,0.6128527146042659,1
1884,102.03767870423553,19.51711472586034,49.761153678528316,-0.7770010241131686,0.49343981741125564,0
1885,104.86797121520536,27.129690497172923,50.07045061269562,,0.6044252458540597,0
1886,106.40080579409803,28.209364591568182,51.83275765472666,-0.04420643507666489,0.6398510789904147,0
1887,100.95198240039177,21.084074786669188,49.003071834918316,-0.09560358084997747,0.3334717449409945,0
1888,107.12030522232045,22.885103473896237,50.39370385294964,-0.38079769192660107,0.4243972717088256,0
1889,102.63080326464542,23.98283060356266,50.236055427887635,0.3384202011878309,0.4937075302017226,0
1890,104.9277386456086,24.399922113035238,48.78274342506787,,0.30493993295939154,0
1891,107.73142124001849,25.91388205305182,50.14748157241309,1.2175775989223618,0.5343567226467196,0
1892,105.03211134905469,18.499238800263857,52.005442830354625,-1.3166179391702943,0.2790556129041213,1
1893,102.81807054736716,26.657724992808205,50.3730124337668,-0.37540683750706194,0.5734475841545513,0
1894,104.45195098037084,18.743652083752924,50.45316785805461,,0.4730415329041942,0
1895,104.55818520397332,23.619462812074413,48.589343338114666,-1.390910127593268,0.4505501334089539,1
1896,103.14994485058936,27.93205362683033,53.93771770240975,-2.9496945934578793,0.3576461322928254,1
1897,103.70601968666449,23.414583759340754,48.703287259355,-0.5745700165462608,0.5270134392850898,0
1898,112.99323585252358,19.789076985218973,46.66443307890504,,0.14657873053903464,0
1899,107.8045972397062,29.820406140071515,51.72036824043615,1.0684663990057057,0.598449692056082,0
1900,103.5225984098542,28.671425544891157,49.77036592070315,-1.7302553588131888,0.38597806004140933,1
1901,108.48477202255368,27.25576359870017,49.39391635810585,2.2277333455637436,0.6520730599996565,1
1902,103.33090255121995,22.938139234790526,48.908892439176945,,0.38162021253352374,0
1903,110.86562318793321,20.206148722671575,53.74342924863168,0.08876129189134392,0.5458054716285479,0
1904,106.84821096099047,29.296934177022017,50.709180557209365,,0.4813038363315715,1
1905,104.46348927997886,24.388213518205667,51.09950244329017,0.21729394327578494,0.5298413231437061,0
1906,107.23858462905139,28.22826552464982,50.32523124716454,-0.12026987530987984,0.422262423571311,0
1907,97.1456192396575,22.10514006911311,50.54009922689039,-1.9486335523882043,0.33521518308725845,0
1908,99.36616265545098,22.023459804953646,52.797249221118825,,0.5641692554992846,0
1909,99.03037496800472,29.826485768088467,49.49829067754461,,0.5271202054087513,0
1910,105.71471547381853,24.2619965819382,47.08612490895854,-0.3251817268430395,0.5193951119305232,0
1911,113.66257499742545,19.688345086328955,51.73610930845555,0.038822643291069305,0.49818862916512785,0
1912,116.15650073096316,20.63609613593649,50.99340322448479,,0.484936931548244,0
1913,108.19025550720379,23.78333135271265,50.21595962577008,0.3696849404233021,0.5119933387007939,0
1914,107.50422237472229,18.509650925860935,50.94150648309557,-0.12983322352644514,0.455420234897035,0
1915,95.99471132923631,23.550407824539604,49.25851155941165,0.7091527025798631,0.6112053261443512,0
1916,102.2866310013299,23.02729010496153,50.04138516570852,-0.7930118909579873,0.4913610895662112,0
1917,101.0610812404588,27.35203518383384,49.73659949228018,-1.597379629400939,0.5491851847221799,1
1918,101.89576200874441,22.259303573870902,48.817023485858165,,0.5585213983855428,0
1919,104.15928090707605,29.790585138475194,52.37834556621001,,0.6359473108982878,1
1920,102.63954711151436,20.169239031610836,47.1754827451644,,0.6312355527851373,0
1921,95.10350094812107,25.09184021961762,54.721764343625935,1.8200686988986639,0.49528470847134504,0
1922,108.73955128058768,19.076391564099055,51.75472441841295,1.9240709372553293,0.5884445990666416,0
1923,99.63628487130097,26.806367807927785,46.4440489305953,,0.49929242872044033,0
1924,106.19623432055575,29.937044256743658,49.55166734101814,0.443717903112694,0.36391228962822986,0
1925,115.37041334874986,27.829663653019587,49.662908168192885,,0.548630131245511,0
1926,100.40307704206788,24.668442488643613,50.78377325788423,,0.45354269196106306,0
1927,92.34856238626836,23.816896288796304,48.02124345852056,,0.3933539925548276,0
1928,103.56997889059944,28.02035953520216,50.06405068673644,0.13946123563650628,0.4540245060652962,0
1929,110.50479817499286,29.23168901652869,49.757761203754704,0.10840721642952839,0.5023696941974107,0
1930,114.79173727110297,29.870478309577116,48.52476327485312,0.7983935998735465,0.40711682429053125,0
1931,98.85225202773792,22.75847073077381,48.246495537057534,0.9835758316073986,0.6348431390417528,0
1932,107.48349611618261,29.891009697534148,51.83760929340471,0.14050654851030014,0.5247671513617331,0
1933,102.67344771609973,19.871115026085977,46.60683491991481,0.18598617609871204,0.7017972118609868,0
1934,104.47025822847932,21.04259731118291,50.9557578721921,0.3388470311230566,0.5469503971081445,0
1935,118.22171673508518,19.068193496806753,51.59502061375625,2.469827130934564,0.6805718743370277,0
1936,97.48514835802423,21.26086219781378,49.56288332332317,-2.5949966869753975,0.28486373887596694,0
1937,106.26869830747287,27.215250619416132,50.10474567944999,-1.4545194918267121,0.3090929962973361,1
1938,107.33846585882716,28.235092298141396,52.32698999939476,1.0105193946689126,0.6124415819751623,0
1939,110.42893162469673,27.346711741230862,48.59029697855188,,0.41090483336225647,0
1940,105.48991576735447,25.572789338012356,48.79669514222175,0.394124325226315,0.5838911648165472,0
1941,106.54025269752051,24.167598150271747,49.00903263780138,,0.7207146096246516,0
1942,103.04175716289105,26.504451470563758,52.33065119844656,,0.6106263356086553,0
1943,106.34563470622554,22.690002591206664,52.58458749376941,,0.5150984757398456,0
1944,103.28403862251295,28.095700217996423,47.208219531072764,0.9432137101623881,0.5741103964890614,0
1945,108.10785944928026,26.126281127721427,52.01248149462327,0.03133074449861671,0.46317054130375923,0
1946,103.15194831978182,26.373656381932904,51.637816612694564,,0.45497559768196855,0
1947,106.88550196951093,24.431231917548857,53.10718962089965,1.035540936866867,0.4952341794705344,0
1948,104.85368593157511,28.622747810534072,50.77021606425276,,0.4172871176077692,0
1949,110.63025125386085,21.02417680414863,49.91147975944285,,0.5196502211282195,0
1950,104.74303138205757,22.573771840332608,52.290433373143316,2.575678730991836,0.7395728427051218,0
1951,96.1348376589656,27.331710836132267,51.397807583003534,1.9902401021554268,0.4706321537006629,1
1952,111.30960750356996,23.912986753552055,54.48979682829745,,0.7149889328343677,0
1953,100.47133849568691,28.67056816109029,51.91741568992366,3.849548359213121,0.8141958412468139,1
1954,101.7311683067559,22.156791837154227,50.30709595284783,-0.2196951029965742,0.5287151272513609,0
1955,102.02169352978254,22.431962025835738,47.65179123924766,,0.5056445101287327,0
1956,111.87219046585409,28.664829472639504,48.83816564561177,1.2905446489550385,0.5459025924967306,1
1957,94.32162893010653,23.57244384218449,47.12809004394397,,0.48525408798395747,0
1958,120.68874266829997,24.193495010429842,49.56987592787827,,0.45453603131046033,0
1959,110.28028404533026,21.993164584028154,51.85213518646569,,0.42921981032664436,0
1960,106.1161945706458,21.320039306148985,49.99265782303897,0.909989186569691,0.5594820754422353,0
1961,104.72552999691857,25.871384530060702,52.043450537520144,-2.2065108683064145,0.5777988566198198,0
1962,106.42777037428829,19.438087938494448,50.67514746687803,-0.1446573317390542,0.5493287378509173,0
1963,107.60561214189669,28.55127169419491,49.19381542049198,,0.4779080128369104,0
1964,108.22607792975029,27.350437641181294,50.175250310339926,-0.6540582636297472,0.45740641814147737,0
1965,107.77802233001724,20.288979164469634,50.94419338211019,-2.6358221379922497,0.2968830662686961,0
1966,105.44790340627624,26.328239349894787,50.278446796927234,-2.6469466406616755,0.31280975555504953,1
1967,104.01330789846337,25.23159505542762,50.30136845770383,-1.1192586100077002,0.5351066386739065,0
1968,104.24363358173244,20.21442060883973,48.461899784826585,0.8085754931430962,0.49103206457409043,0
1969,104.0254585982366,21.27844207260279,49.134047469515565,0.4333872921629158,0.4599157699366848,0
1970,110.66885048433532,22.907838044806013,54.51692159230929,,0.4395160884846538,0
1971,107.96778361140431,26.390912822945687,52.456932980847085,-1.3268827290262166,0.36073795833102335,1
1972,90.2980568266786,25.664680905804072,47.05231820638057,,0.638303424128935,0
1973,108.27950388264881,24.386818172120375,45.266062084987276,-2.6985439170583776,0.3793431117332796,0
1974,105.97368097359387,27.22092651736841,50.15238484289745,,0.29202732637195083,1
1975,104.90645621777051,27.095252875273992,51.78694578885198,-0.36460732682250707,0.4846977976445452,0
1976,103.05740773455557,25.41430984874707,48.96011632515559,-0.8190770701455432,0.48077519746519043,0
1977,110.62056359993007,27.443881000617903,52.043317456395876,1.519756946471187,0.5012584952159042,1
1978,109.73763231061429,22.01116049735051,50.119309130014166,0.2369756666592516,0.3728892225965411,0
1979,101.13561166088195,28.574994339871267,49.67387744054605,2.4761029649997766,0.7576554200638483,1
1980,107.03526143562267,25.37892102962329,51.512230352350365,,0.5576862441734862,0
1981,100.14171632729357,27.86836216574917,48.93624841419546,,0.5742881812505257,0
1982,98.10190917605534,24.555349257483407,49.426587356392695,,0.5729986089600381,0
1983,101.86641387705018,20.621258939864163,51.340334524260925,,0.7950653841529282,0
1984,109.31196736191379,24.508921544139703,49.937208125867954,,0.4311558461500761,0
1985,109.76562522688043,22.453339965319056,53.81755254675547,1.2816101702186473,0.4520771027640262,0
1986,107.56542710048646,26.369988432445133,51.387650825712036,,0.4853302397884527,1
1987,108.62547893423998,23.70952550081683,51.25762765666553,,0.3221764547712397,0
1988,107.5808914355748,28.033353659132253,49.900990707869866,,0.49749400949275796,0
1989,101.79259202388523,26.136870147863,51.749509353419214,,0.5649131738611344,1
1990,107.1596127233697,26.21453319637589,49.35478445439671,-3.2957804115120584,0.40259975786527336,1
1991,109.0020476261384,20.60586400189278,50.56475550239903,,0.42682418674084377,0
1992,108.77145664906787,29.810997197895485,48.16741390599088,-0.5497201896409509,0.5924909682883006,0
1993,110.94456685737322,28.100102511257866,52.078882784461186,,0.2695386352672985,1
1994,108.54151923600531,27.468058614728335,50.58120939452358,-0.6960536411202227,0.5357773840811925,0
1995,106.75724103770791,21.96258270192033,53.96502612739575,-2.311000696786941,0.3178085940945111,0
1996,110.35075119158213,24.427579834166785,54.784596767339515,-3.4959952170560884,0.3800456886696828,0
1997,104.8673937037547,19.645238256891943,51.526638902866296,-0.3934692427429845,0.37886195919341376,0
1998,100.5906267438614,24.461711719952472,50.13685062241581,,0.4753777316225688,0
1999,104.18466518028119,19.750670957799446,48.10787097574886,,0.6138376402941329,0
2000,101.27548677596775,24.636454127875215,51.80949960651765,,0.5304648884565505,0
2001,101.62410862512809,25.784662561858866,50.42056912779046,-1.3190952348205482,0.5523529563707374,0
2002,104.2774066464224,22.68235160699883,51.076069678308926,,0.6316867530157023,0
2003,101.0379003950002,23.98253853997552,53.45957477491249,-0.04994101219725498,0.44699802335912286,0
2004,103.46019235180479,28.50784065209503,48.351153422673306,1.9296456945922262,0.6136805341858563,1
2005,95.53192666523107,19.302757736433712,48.15139166303733,-2.5198488622330677,0.43584722247667684,0
2006,106.06646853686469,27.500794715995834,49.52714812325864,,0.24685628747629368,1
2007,105.00602737681112,20.049054611954357,51.642402299503644,,0.6037021148141852,0
2008,100.91455684465905,18.44049579365554,51.109734480428976,-0.3398464135168998,0.38902416204135504,0
2009,108.29622834216202,20.226895232940574,48.20862297660845,-1.6097690810594498,0.30066776765095743,0
2010,109.6878506881328,27.180518279645877,51.51310580140496,,0.4159604242845374,1
2011,96.96220067815513,22.86151288004232,47.59757436221347,1.0998055083605471,0.6888405681659746,0
2012,101.18637610716893,28.470246202154183,48.32451665130228,0.9774033824232824,0.570510787602446,0
2013,101.1542882510635,24.29649049418719,49.76908536562162,0.3649810371288421,0.38270831667113225,0
2014,100.30048449445567,18.267004223115972,48.89313750804956,-0.7438592861788748,0.3957509846621533,0
2015,109.14737420965874,26.60056331522312,51.77971897730187,-1.6696350414447072,0.37469153044185305,1
2016,104.03086930613598,19.322794904654792,50.57275696600219,-0.07947230984505273,0.515636078530621,0
2017,103.67742579344694,27.472555601543093,53.531122355254524,-1.9729779054681005,0.3941631198929656,1
2018,94.98068817796623,20.01723059766216,49.50562926929117,-1.1273761208468853,0.49315417430200625,0
2019,108.17709015104613,22.14535662966616,49.755595697918515,1.8918758720993234,0.6945910766692596,0
2020,98.80370802573263,27.135257155504323,52.42076521812353,-2.7762536446971287,0.3956617755842391,1
2021,105.29966315133164,29.45077628971706,49.818158393752405,,0.6406226562753379,0
2022,106.38688468979096,22.457207407760787,52.98801049541509,,0.5850936652562162,0
2023,111.80329297919326,27.95280264238723,51.08165642076899,,0.8908099249464541,1
2024,98.45589800440445,20.289507185710065,45.29442706022928,0.5973193176397259,0.5851840252656116,0
2025,89.90243922089587,27.686157242429893,52.35514082829893,-0.6953592692566861,0.5336368996825297,0
2026,105.91924772376848,25.88992871107501,51.825453626239614,,0.6273264769562327,0
2027,114.00255590755427,20.312922086548422,51.90266521222109,-3.3721962990949814,0.3402080653311285,1
2028,111.19473176469718,21.630047524216938,46.17804324290948,0.05551002040097143,0.43822466988001996,0
2029,106.04829707637313,19.581250663164433,48.674020077457904,-0.6033606730936404,0.6004753709372119,0
2030,102.54181907183977,22.59560413277176,48.82259033288646,,0.5841617160089831,0
2031,109.03561298318655,20.44378369347933,48.31775726487921,-0.030121543318519677,0.5138445533398655,1
2032,100.13226900147765,25.727975443565683,53.483845063787875,0.0935542203069829,0.6806404647997695,0
2033,107.38178884678109,29.934061250646707,49.97646432435273,,0.44400462177295863,0
2034,107.52735079583313,18.14410995701117,49.92687811474166,2.4196211752151795,0.7142093536730738,0
2035,110.30104953749439,24.491037759447586,51.104016620631555,,0.7063484481087989,0
2036,118.7983001945554,24.88399917058812,51.13860333577876,1.3444178375599178,0.5770537934202774,0
2037,106.96207983589383,28.97050547616974,43.33021457874834,-0.15495417545911377,0.5379321022106657,0
2038,102.4551818714625,24.07206401720325,48.70728492570127,0.7668535983917141,0.6409441910249617,0
2039,104.87212843904003,24.52441703573901,47.17442284441745,-1.3435569008978447,0.3962036641338863,0
2040,96.15462047555441,23.659833615940663,50.80061218630964,,0.46855421896692373,0
2041,101.52643434455472,21.22685165473778,49.422215171331906,,0.6179679854692242,0
2042,102.95358780943448,18.672349598986965,50.030775129002535,-1.5329753025214883,0.45402781834013484,0
2043,102.37955801032703,22.903892186518036,45.84296050221896,-0.034150006828844406,0.4477335456588033,0
2044,105.76177436016862,18.631097654888144,49.380295550619,-0.4380810453748343,0.48750762489933175,0
2045,100.887900338089,24.60590963359101,52.23026050366563,3.484603990831375,0.7250834291382231,0
2046,110.60515333662235,21.687523718907517,52.81889896620434,0.6530913727198674,0.37572463481309815,0
2047,105.00103532459099,24.403228818305134,51.4377268390814,,0.6900780998170262,1
2048,104.95349839430693,19.61156357274224,47.32906941310376,1.69693065953809,0.6256911533610953,0
2049,103.36052641743541,29.191559588872316,52.518803605984246,,0.6683434530957703,0
2050,105.7759534192949,28.73425492259922,51.44800451000003,-0.6655788043950672,0.4448219280643852,0
2051,109.12549132333817,20.279958110427415,49.765621931870925,-2.6103398718004844,0.5071947497608016,0
2052,100.6643489214455,22.121331399528117,45.94992737098051,-1.3064153259971096,0.43021467956696324,0
2053,101.70941755462371,25.361913262223755,51.90718990132503,0.9941301866313214,0.5636239181975049,0
2054,103.48136985611667,19.148234487670877,48.815667340033244,,0.5054353460017469,0
2055,98.27064538263393,22.25481385339381,50.692331642109565,0.5637304886076626,0.7375118569731953,0
2056,100.90371070139251,21.013347441828074,50.13678772127332,-3.045412727021005,0.2237803038861907,0
2057,102.6188956322767,28.98620074460036,53.076789968876554,0.6802722736460601,0.5835211315653899,0
2058,109.37194590356364,28.230127635470463,49.74926602800498,1.644722335798929,0.5864592605156693,1
2059,106.31280664500963,24.957992895202366,49.9697728198281,,0.3639646121470338,0
2060,105.96794955683772,24.24415604245889,53.15723078095726,0.5573458595351991,0.5861683689037889,0
2061,109.25448981083986,29.168709534544767,48.68355551249962,2.015301980412691,0.7113652061508601,1
2062,104.31314105800301,29.189133395745785,51.628645702815554,2.5201299740091985,0.6791697073586489,1
2063,106.95232424964445,29.631961504219923,49.60276855424307,-0.7552486062869395,0.5857580397852565,0
2064,104.48389123533752,19.504546609298252,47.99491607599014,1.1698955169173004,0.5333986565829443,0
2065,106.32681174699815,19.926693729158043,50.002321973441745,2.144684730008123,0.6023790146313033,0
2066,102.08620671194208,26.12084038415864,51.383410227215975,0.602072086170568,0.4300164890676503,0
2067,92.80591420861785,24.49721371931814,52.70741967995302,1.9276163834952165,0.7946713881839146,0
2068,104.32860418906849,18.22159085871883,52.94938797069136,-0.053792480007450655,0.47863912909197165,0
2069,112.1137406804997,18.74370043187423,49.410471851548934,0.5914712156561954,0.49985207312929014,0
2070,109.63107701120796,28.656964587105662,48.025501535935575,-0.9324138396933036,0.5140455803780213,0
2071,109.82698742295585,28.426449546472636,49.36252220084504,-0.24690023651063844,0.5983629342467724,0
2072,111.18065360903108,22.287251063952542,47.63693849333969,,0.4633205896289294,0
2073,105.44328795480719,28.692607403166416,49.56522760116699,-1.0449289875686514,0.5664222983443641,0
2074,105.98657853702798,25.12410089277482,49.316669432760484,-0.3353795597111312,0.4529008397945061,0
2075,101.91174052282825,27.670867764226823,51.45498040831353,,0.700127481493754,0
2076,103.41963571986476,23.129172853922572,45.588129640171246,,0.5998509146198518,0
2077,108.0788557488557,19.360779928138903,48.53278410782672,-3.0741577374728606,0.4198368455991963,0
2078,111.01942218584408,23.204724751752195,48.54896339111617,2.9648650009854256,0.6525142320407176,0
2079,104.302768621595,23.487597575962774,52.37425450481605,-0.38980764663415135,0.36787183329879813,0
2080,102.74905367574294,24.611330326087234,47.77231124519797,1.4473498035410772,0.43077104491373847,0
2081,105.00263979428298,19.266992554853136,50.453314719297985,1.7416390499876107,0.5127866664371198,0
2082,108.00603374464558,29.896822356595337,49.74374317116044,2.3467451609108205,0.7165929472369242,1
2083,97.7807259193323,20.929641849682877,52.08608505367276,-1.0919427970946862,0.25108734056864646,0
2084,93.51909523431381,20.382628842445115,51.191663729021094,-0.3379069621766975,0.5164992492137566,0
2085,102.24731575254208,24.321635026271238,50.24248746364076,-0.08039414842935538,0.5206693448299307,0
2086,98.89643787042921,24.446498152738663,48.89066625082386,-0.5361507637460171,0.30496289865977494,0
2087,102.45929901176345,23.277848853998933,46.295314993780245,1.978141462258709,0.5192175587107921,0
2088,104.26109840591265,27.262705755903056,50.494171311374814,-0.11524155151719878,0.4143594368555033,0
2089,102.73375795488494,24.19985280874323,51.06097959705975,-2.4278214972125536,0.38387807224994647,0
2090,112.26233767235372,25.316345461739807,46.8502647750507,-0.9495207334706457,0.5991575416002386,0
2091,106.63372382301161,26.684956624893427,47.5326116713429,-2.3676000400453203,0.4891161907275165,1
2092,106.50237179805414,18.3003012187664,50.50465994674335,,0.44684374615479516,0
2093,108.111035720217,24.84773019054054,50.67828337241574,1.0088245118519046,0.46749947666120534,0
2094,99.30583441109616,28.61033365474043,48.018705379815884,-0.9817150084555332,0.29507686634928587,0
2095,110.19555893710134,18.208664915105206,48.85187057286392,-0.6045494469518655,0.4319116792975834,0
2096,104.6211785673227,22.862185245611535,46.32702232285915,,0.3895138811286921,0
2097,108.35240308620607,29.114729402469962,52.75452780762647,0.21111374075286726,0.506940888867092,0
2098,99.64071383479923,22.237852827390455,47.400251185263095,,0.5388805947054113,0
2099,97.23120616991967,23.50474589040289,51.0845187824971,1.2108831419030524,0.5129855638487621,0
2100,109.08944829012515,29.778496716531755,49.93007860769324,3.3832754744047824,0.6236993556712135,1
2101,106.88204763048758,20.391886307406885,52.57918723924952,0.18524389650010864,0.4398827127214826,0
2102,100.48974222821245,18.78306226950007,48.41549181445049,,0.5039365293941186,0
2103,100.65168459362653,28.313071090335654,50.122505420680774,,0.5245247789946708,1
2104,110.62717392207385,28.42158409454842,46.6031461815253,-0.5687744783483009,0.5233420802662135,0
2105,99.05294053566337,23.66493401616016,46.12294632612049,-0.40562534019310964,0.532853760534816,1
2106,113.21336476627982,24.170486093727433,51.192667167730946,,0.5248956741253,0
2107,100.49689632676066,28.029676435414032,46.42994832186059,,0.55215280506763,0
2108,108.19195962804191,26.86271397738954,49.54356493113094,-0.1612270764834416,0.6344150853731183,0
2109,103.35690762125508,21.181788026604128,52.02259089594584,-0.756995061247212,0.5209920578892936,0
2110,108.01593715541172,18.20272026085822,51.493369712189356,3.9027512817572405,0.7156520081592261,0
2111,102.27942998942903,23.756401950402548,48.670829024102815,,0.47934352083029935,0
2112,104.18603546963853,28.306947913147695,46.82299372718366,,0.5676615062362551,1
2113,105.2045958769786,28.750016120281945,51.01898972331106,,0.7001745645855283,1
2114,99.98906272109264,29.474714364913847,52.68451356572036,-0.958869200175579,0.4409510422307642,0
2115,108.70412172710063,28.554758851353377,48.67552384266875,0.05634070112971711,0.36682905994990395,0
2116,102.43393216764207,24.96052266357718,48.393374283185764,,0.25808494365872636,0
2117,103.85700042329991,23.33526719083321,48.950196074262,-0.2427341389294977,0.7026260749316733,0
2118,100.02825312695744,27.29819815840919,51.14321742161423,-1.464650503783096,0.3281738524437651,1
2119,92.18833170602345,26.877859612387155,52.45703521282982,,0.39826097858028975,0
2120,104.04486118699916,24.457721160977453,47.520786377238956,0.539278322299858,0.6497717084112252,0
2121,117.06307710806458,19.047928470701628,47.003436381350696,,0.4041266909376469,0
2122,108.92302143949011,29.112976161443026,54.67999264386489,0.3801054978244002,0.572146275130768,0
2123,104.90369810132803,23.467230450019947,49.645354424219924,-0.08951223732533836,0.6777220713386092,0
2124,103.68554585395866,22.360005382995173,50.50578559138062,1.2911136378554104,0.7759387106668879,1
2125,105.11232946406024,25.55480874202526,48.61613831876472,,0.4359769445924344,0
2126,107.73559557587605,26.086055534003723,50.97992461890543,2.0873285096424237,0.6031627361995291,1
2127,99.09593592345577,20.52825500436362,51.920121749403044,,0.3217917959215242,0
2128,110.57160847334436,28.043266137719474,50.59959234314586,0.985216535963634,0.5474657973295688,0
2129,108.57690657720622,21.479245123948534,53.48171615402887,0.7325566683710358,0.6664549901095378,0
2130,108.59092862853967,20.240207110971802,49.346510820117814,,0.30947626077914614,0
2131,107.19237869404864,22.876798234253968,49.47423505392925,,0.5381533525883783,0
2132,105.09808328846995,26.766720970769583,50.46281270255483,0.697186408663555,0.5153095571242545,0
2133,108.3643061798341,29.58549814127764,50.929923291012194,1.3739028707231242,0.7055452515389754,1
2134,107.95907066870689,27.7113751724572,50.45589452412522,-2.62419475249666,0.5003322525160702,1
2135,103.22979644529488,29.2841805320423,47.43116994608982,0.9423691014813831,0.5064053051619636,0
2136,102.13199113551549,19.68726964891832,50.62503033239112,-0.6864767783363348,0.454598055909646,0
2137,105.50928147630994,18.854121586364123,49.25165283039313,1.6879346614478297,0.6736730074157052,0
2138,112.74510075747594,24.692457142880052,48.83804597185071,-2.758912820724266,0.460386458358505,0
2139,98.80446462173049,21.483569796528414,50.06496410950649,,0.4361484914114545,0
2140,97.6623736712378,27.936659675631276,48.07695462534157,-1.329209899521146,0.5224945546392089,1
2141,105.82380420618259,26.06385445682791,47.729217352253535,2.1449417801845168,0.7718952782299846,1
2142,105.25443850928009,29.648737967829533,44.7690620799923,-0.10377692959924983,0.52037209013142,0
2143,105.86670832185204,21.05750826877565,53.49447465701978,-1.2280001058001955,0.5336176369755471,0
2144,106.2197659895425,23.829409372262788,51.11146263820601,0.3976710080721169,0.6477591630904274,0
2145,103.88398872682598,24.01488572910424,49.76647175738739,1.5436881674345528,0.5993437793092059,0
2146,112.44931719301042,20.870121538288515,48.6655535262267,-2.3290572011171435,0.4649702209316805,0
2147,96.99548010761742,25.081120793856094,44.247935435907166,1.0523832739305141,0.55388781343285,0
2148,100.85751487609878,23.319431832950876,48.54294224755703,,0.49386979744037796,0
2149,104.48372619925476,23.360658671878483,51.43173267432815,0.8655661238495009,0.47712416343959363,0
2150,96.78405594422917,22.352839775669803,51.88434860718774,,0.5181253964938445,0
2151,104.12072797783965,18.203152229106422,51.2845839872066,,0.6457955206043512,0
2152,113.3073508286401,24.26514284297747,50.316783911504935,-1.6696848770578185,0.3262662653413199,0
2153,105.10443244147982,22.022974028403972,52.607748291862755,,0.6121356758619968,0
2154,106.15350452859342,18.015838427811957,49.342925555822916,,0.5821409071598236,0
2155,98.6991761741371,21.695324491943182,52.17037783226872,,0.6971531954763674,0
2156,101.91819295980261,21.343539997077084,49.230835112559575,0.6413944791608598,0.6983590549796612,0
2157,103.12401809838032,22.72137783868363,48.237717382244476,1.417048307759205,0.4784246650326039,0
2158,103.41142451621883,19.582223875720764,47.988574039154955,2.109103919654463,0.5480336507920929,0
2159,111.40821897501884,24.092205895621014,47.87100715765409,,0.3073100351948478,0
2160,107.78845530362562,26.30928423021756,51.318136057604974,-3.512696165803632,0.2759452529420857,1
2161,99.44271021531483,25.56222682865487,48.51450885780584,2.5769210398194673,0.5890012033192192,0
2162,106.23252389216002,27.64505937083029,47.93394230993011,-2.0115697718777836,0.43412796332314696,1
2163,107.49110874248393,23.424099455844974,51.42747043932272,,0.3333930560063618,0
2164,110.70074519260633,24.22910076407674,50.65594078094446,-0.43142146781238644,0.4073497771789632,0
2165,112.90270343284186,27.7248232903078,51.9251839656916,-2.4809573680696535,0.2968931005451786,1
2166,99.92452904086066,23.132414049830864,51.0251990225456,-0.5723800459614563,0.5206434469718801,0
2167,100.94571244394831,26.419192198795162,48.493776839605374,,0.4225152650236669,1
2168,98.71211070542692,23.2152284246159,50.15220483293717,,0.45836928925500803,1
2169,103.82990070446509,23.012834334138752,50.25026598153936,0.4197619573606527,0.4368001280843887,0
2170,107.33179187223168,27.122467494349923,48.16168268305199,-0.5153073381443471,0.3138292259254078,0
2171,109.9366725829455,20.098042985594535,47.79075005181201,-0.5910709280957205,0.6335998263295223,0
2172,104.62024488178739,22.063031663298883,48.63855678176459,,0.4904769159778952,0
2173,103.40076238372578,20.69006732096282,54.07316471334416,1.5664376969249219,0.8493711292745496,0
2174,105.7587899612437,22.309319315611166,49.174511811556904,,0.6975014651092234,0
2175,100.82428549184988,20.76449786839229,52.46573358277343,-0.327807381003323,0.6665349142515912,0
2176,115.44769360847387,24.952867573039857,49.062678981040406,,0.7362154143456539,0
2177,96.96169486440971,27.578049631414142,51.77767763907998,1.315060252141869,0.5816046283757903,1
2178,105.92370289447862,27.439356734614822,51.80498331111569,,0.34783361014601377,1
2179,115.1180310961482,22.37401157458551,51.90518101590409,-1.8918123834205125,0.30772538928932636,0
2180,105.03399922279999,29.86512487073114,50.775654684017915,-0.8659317759040048,0.5686685129033933,0
2181,104.04980482499253,25.12625237646961,52.7547331575623,2.1669059750395894,0.6348487036560457,0
2182,103.21277288594787,22.792803621339537,50.75670793870545,-0.752050973348305,0.5240475554109321,0
2183,104.09804159118796,28.026471350897104,53.42705945868056,-2.8385352367594097,0.43953558865690323,1
2184,111.86424237338265,26.75848815171169,46.76016039362313,-0.34332631333156594,0.5184311231060015,0
2185,93.94069044335247,26.99130404188925,50.69657249533363,-2.9708579513406104,0.30427134760282937,1
2186,112.66716850648163,20.35367219680646,50.56664718507133,-1.5824784704053079,0.5221463235812946,0
2187,97.88021423774927,23.619891688422662,48.126960308389016,-0.8805426094388791,0.43615418479782425,0
2188,103.66673835382792,28.341937569895233,51.15916844352748,,0.5202820947911158,0
2189,102.85377789850669,24.048456091545088,47.01983464884676,1.5362434899103175,0.6485512351592877,0
2190,107.9427663488536,26.201432921052604,48.69163134847934,1.0412039150576466,0.5461638550679883,0
2191,97.00937824058126,25.055204796411175,46.00182437420438,-1.7689871976712284,0.22976585428345267,0
2192,107.31086333040972,28.108281452620584,53.11725303392563,-0.5575683932484786,0.5761803307929309,0
2193,115.12154811643427,21.414730077139232,49.53690101210941,0.11456338305384986,0.6312210521441977,0
2194,98.18412997703595,24.905703334636378,54.333768069632626,-0.3933106866697491,0.29722285650646824,0
2195,105.94853083805198,19.478816016117648,51.60589985303899,,0.37547373749372415,0
2196,101.69008911101696,26.282529320393614,50.89619642670205,-2.5841149869814077,0.5731822123994808,1
2197,107.12943603096518,26.783614060232544,48.827544611438,,0.43674840651491814,1
2198,105.09573888707877,18.514047854267982,47.90729992862516,-0.6044097737089098,0.470134638641591,0
2199,101.79256545477845,26.10949156353582,51.04594314779389,,0.2253697336741558,1
2200,107.43936142435537,22.976281849989437,49.85697198145404,0.9609664800147817,0.4449780589150757,0
2201,114.02174054893372,19.489162513316188,47.3214593690294,,0.3776073032910314,0
2202,104.0454810413635,23.03889057238161,46.96628316698336,1.0302571998977068,0.6489551339114564,0
2203,108.5987897107409,20.33079515634698,48.082592541712835,0.898374006706365,0.5433509043972183,1
2204,98.53363521064418,22.9867143854798,53.64193445053246,-0.8155395646685765,0.520251430355876,0
2205,100.21781811590995,22.612068335502332,54.42655583602261,1.5008224885523065,0.7516118392782717,0
2206,107.36203138940189,26.86069964323269,50.40997829461782,1.1147960173873996,0.4976919828247507,0
2207,112.42058014267982,27.290586697996304,50.29788559248258,-0.46344220625196086,0.5071153797532462,0
2208,106.7780667439283,25.284343852614562,49.327359256340955,,0.5688073849541904,0
2209,103.43470984738423,18.27224210618937,48.131029303381,1.645849178496535,0.4890020955781671,1
2210,104.99645702711678,29.17226734885193,52.75035811521449,0.34802075911149627,0.5352063207621552,0
2211,98.74796133015141,26.23479936115737,53.74715278779427,,0.7655847400902468,1
2212,108.02257663177683,18.410345399054265,48.21316182832143,-3.5834611115291057,0.28680190637756314,0
2213,109.41166531161704,27.825994790569414,49.8343232431508,0.14772764552919318,0.6142210360768386,0
2214,102.7395483358346,20.403193856615953,49.10026739857967,-2.366113630454059,0.36758063075631986,0
2215,102.6497892612025,24.95065427485328,49.159521850270046,-0.038682761230144726,0.6780245636701918,0
2216,106.32939114826024,23.599612439402247,52.37181651085972,,0.38898972674223076,0
2217,102.81640131979702,23.038065388260918,47.37607690926776,,0.6369311300322111,0
2218,104.66933692687088,28.67656464149277,50.932939381872615,-1.407250092655779,0.28175202585262205,1
2219,115.49860894583257,23.248335498751377,51.45647621461173,-0.7885572079529743,0.39048445797426184,0
2220,103.76487149627002,18.904129410877808,49.715697652796365,-0.14329936061330634,0.42215315343981524,0
2221,103.20829923989389,29.35966472657943,51.786135653973545,-1.4617966521928358,0.40021453667697277,1
2222,101.7622909718242,29.04642277487553,50.2953036810749,1.4678395931838857,0.45456284458966234,1
2223,108.72095985749968,26.213192274979185,52.43425984231222,,0.48756895334162703,0
2224,104.09387913390948,23.6147103375843,46.95558939014829,,0.5551934272013213,0
2225,101.75313480839287,19.114313675322254,49.30244947798626,0.9302596901612381,0.3933226712459053,0
2226,111.60652016136505,27.488977422929715,49.85637371429793,-0.1075672745631141,0.43112838726889713,0
2227,112.09801502256819,18.905734973088347,44.6555852310573,,0.6927837786631124,1
2228,101.99788217130647,18.823211818741747,47.82809453284293,-0.09453035744770047,0.5281971960141999,0
2229,95.66730024319692,24.44860610927242,48.37280149128243,-1.2842720392700837,0.25401227761831907,0
2230,110.0375684491846,19.921538882215682,51.8964119896467,0.16197133367472938,0.3680519802077577,0
2231,101.57685087119998,18.092763208084186,48.5863133073708,1.4954065812026949,0.5973607535974208,0
2232,108.95312799581384,23.077361171949434,48.363842025388045,-1.7624674384084975,0.4219432319369989,0
2233,95.14948091144082,19.64660677932079,51.63497156131238,,0.32632789472175505,0
2234,109.46298669149655,19.926184983368294,46.76417870841989,0.07387490387951115,0.7230252408827732,0
2235,98.9441403535961,18.922927664824016,45.857511865112855,,0.7042879108310725,0
2236,108.65382059533262,20.46112504468332,49.276815399861306,,0.4759425595959253,0
2237,105.07136533918217,26.585810157292673,47.10458646384329,0.4806052809145511,0.6113259506384014,0
2238,100.23030290301678,27.707127686613497,47.1806414106807,-3.2155293433928094,0.4315401499624598,1
2239,102.9648184353661,23.430403728351607,51.146867583375965,1.034774141487813,0.6573260210221484,0
2240,108.4315922847835,24.078645790577013,51.75194767582516,-1.7545027544328735,0.3482663301009659,0
2241,105.52947226557617,18.39186041513043,51.57772843170425,-0.03352192584703488,0.6922688254297019,0
2242,107.92206490236242,18.831795136455803,52.21755332061446,-0.9890735031576452,0.44368660521867687,0
2243,114.88220292257742,21.090812707794203,52.4822686400296,-0.8279355221764415,0.500802431993689,0
2244,97.17879194144474,24.526781048557773,45.74281958234614,2.5409369094269825,0.6272511964941802,0
2245,113.08606287484312,26.874613784819914,50.90082391985894,,0.5099764468297987,0
2246,105.52177968761606,25.260036736056396,48.94078360086088,,0.5956920762153053,1
2247,100.50607975838436,22.705534259841457,48.505151508019125,,0.392732044185854,0
2248,98.34843187130505,19.419888876037657,51.12082926441741,,0.3493857161817566,1
2249,104.05439804611483,27.369278818646272,46.5394090402085,,0.5099653295593862,1
2250,109.60825055962229,22.365432619188685,46.49778278825536,0.38168421703023864,0.431041447159185,0
2251,104.36225439811233,26.832648173793476,51.267145488163436,1.6607338637470197,0.637787060986015,1
2252,112.55577465123673,24.155746102972103,50.9755720350218,,0.5551169249094852,0
2253,97.7441215497422,26.863944642741902,50.27346531174302,,0.6727341448859981,1
2254,104.93955526076972,28.887474737430864,48.240173190553726,,0.7201973470163714,1
2255,98.73803277793441,29.052354192645623,51.48765926916425,,0.41391167978322624,1
2256,106.81815941312485,24.421281360007242,51.36060578412095,-0.2648245634744735,0.34094368753168663,0
2257,109.4344369504865,24.138100377187666,50.17060903009491,,0.5074163957963586,0
2258,102.89619103159474,21.188141586034046,47.64535791746046,0.06674525356805538,0.6204340393639037,0
2259,91.97893071686433,29.229597978351496,49.149503308540986,1.0303101284582519,0.3630900391268583,0
2260,105.99474073398247,23.495030006395453,51.67566735504889,1.1955250572508103,0.5503726201575428,0
2261,107.18369275866755,19.531094871448527,52.654382445603574,-2.039380478698447,0.4555771795209732,0
2262,107.02147377480848,23.192458975518598,49.34692679324734,1.9216163170747418,0.8613050493065154,0
2263,111.17891095911077,19.52463900285605,49.500654064383475,-0.7452261982290665,0.5835644537813072,0
2264,99.64473160175476,24.0303802110849,49.67662178394988,-0.8938567587971358,0.46856880039659177,0
2265,108.40108052725225,24.73530617827455,50.549786017821944,-0.8986835890583107,0.5071417431817792,0
2266,110.96253756238987,22.053069137923025,48.83786539987995,1.2128646089858746,0.3708736944208012,0
2267,96.10706207996742,18.859807370777816,44.21162988485683,,0.3749977040483198,0
2268,106.59825912959488,29.32204242759887,52.385538003294194,-0.9953274665065611,0.5153291937857349,0
2269,102.47910084496164,27.280237361801156,53.5893778943251,,0.4843198028573665,0
2270,104.59238663449177,28.06657296606145,48.775200280788575,-2.6920374883738156,0.39427224424104856,1
2271,106.73838241769168,22.402420731434752,47.86669326216245,-1.2632456459272303,0.44024918307137456,0
2272,102.56385717943223,27.129972360233406,49.72579895521955,-1.8593753229796492,0.4065221440928661,1
2273,101.62145960419194,23.824474742030333,49.62499223254245,,0.4901053650606879,0
2274,105.17076208744012,20.41300186087255,51.991037154325916,,0.44421097684403893,0
2275,99.56377030568599,19.493080522886558,50.109278883290074,,0.5186479953354988,0
2276,99.57087435557408,22.140610431864683,48.414754339257634,1.8851257463198747,0.46984582417310955,0
2277,108.39686641478252,19.650625337701676,47.3631810988839,1.5509637259449311,0.5155885406234224,0
2278,99.25602982420672,29.979227714448825,51.731268369639345,-0.7928950723775656,0.579945747301575,0
2279,108.33156250454606,18.590267882784264,51.1990224823285,,0.48335512400677216,0
2280,107.31295646426976,23.29372319242892,52.12111975618364,-0.04883414133212788,0.5571422404614744,0
2281,96.37096635604702,23.42512226868461,48.06362649855781,,0.3502005042071135,0
2282,101.61217673832172,21.607583142980108,53.67687379905666,-1.8258893053646164,0.37021636804244173,0
2283,110.97054701523686,24.856218788483346,46.51261098588552,-0.2509300157266686,0.3865966285528243,0
2284,100.0941723443016,19.799724289818535,51.41920204280296,,0.44702720212350355,1
2285,102.67797868845307,27.406948567046804,46.180834465606196,0.7684875813077504,0.55674222366344,0
2286,107.31030446625948,21.98937261897166,48.41933723660306,,0.5927884666276145,0
2287,108.91695254641297,25.0961110775837,53.122045860895916,,0.3794317487982485,0
2288,103.74230556977753,26.58767083280351,51.66272850895198,0.7778951016862952,0.6038427868788858,0
2289,102.01244902654179,28.668505412281934,48.90755916902564,0.2678808096806456,0.36137703022806167,0
2290,112.11184930849254,28.0294492374264,48.962325914356626,0.9350597724669436,0.6334192443816974,0
2291,113.6944983189879,25.299708337242713,50.20124422167088,1.600298381462384,0.4671892850029239,0
2292,109.89429025390898,22.660718164606642,51.028281981521445,,0.5876342387567043,0
2293,105.42659071282512,24.038456040899568,52.50315876536539,1.8683823554701195,0.6436597021147903,0
2294,100.95867139179536,27.22481752054563,49.08753199078301,-1.33410068083957,0.2462760097435249,1
2295,100.84777796721717,28.530546510713677,46.7764298730256,,0.5027659233905766,1
2296,107.61257052632878,19.24538313812006,50.31393725409752,0.6431582852033118,0.6316676482434567,0
2297,107.09199110444342,22.61827514991664,49.08513832498321,,0.598130280136702,0
2298,112.00799296473215,27.31339918096201,47.39873259050311,0.3924488469284543,0.4427626139358204,0
2299,108.25225046268069,23.179821151127534,50.59533783062559,,0.6674147431953895,0
2300,97.48459849120091,21.986733168795407,49.573772491814424,0.5902426102559635,0.5989570688176691,0
2301,110.2597380886146,22.935872361879234,50.61302441293959,,0.5895454021560169,0
2302,100.00969686342793,25.23413696143621,48.21111159962564,-1.303830567977771,0.4757605477874083,0
2303,103.08014364023825,29.997661729605618,50.973421060651,-2.5499697099365193,0.3298378901575118,1
2304,106.25100103125847,23.915909149254382,47.36580360649004,,0.5933533792654014,0
2305,114.97833744891982,20.501933699451126,48.34453722060683,,0.6793972651770663,0
2306,120.5495927800268,19.954158903349136,49.51417153782545,,0.4603518188607892,0
2307,108.03361529568092,18.50819696971697,53.483636829919426,0.6021937488080535,0.45175420703629654,0
2308,104.08401690639806,24.705806819019855,51.569650737096985,2.139745909077874,0.5341969615340794,0
2309,107.67252824240275,24.53486509786601,52.15438500853558,2.1022744698455402,0.7415954950254982,0
2310,109.43827712936918,20.46280712136371,52.83415406668629,0.6432238314026737,0.6272290300619763,0
2311,103.39666187221404,26.343952877430805,57.20566427162175,,0.5107540076272977,0
2312,113.97605677956162,26.89328449955617,50.08317813511687,-2.2779495735046136,0.36618520057266957,1
2313,106.15035379595702,21.109178464585334,52.84080184625971,,0.27591672560116165,0
2314,107.48871544545698,22.12919716835684,52.025270508803885,-0.42113371202710964,0.47050320396083534,0
2315,108.3296212602723,29.88566006816708,51.99206500661505,-1.2784974171512282,0.31696361368702114,1
2316,107.10793305307227,22.49117361420881,53.54847923608036,0.37267989442914645,0.5345339423706331,0
2317,109.19470250234806,27.129620061073222,49.16137393803105,,0.7618983384376017,1
2318,101.91373406726538,23.43270511955928,49.00262995212724,,0.5157869641523771,0
2319,102.20849123026984,27.52013793433171,50.63953102696372,0.36581979274681065,0.542149665676144,0
2320,99.49922883514152,27.228278865391776,49.63460045615623,,0.6582355316028548,0
2321,107.19750615310113,26.013072302382426,50.63700170599635,-1.0929064730341786,0.46738421587551615,0
2322,108.89468251756057,28.25734015554695,53.12549757010602,2.196134026003202,0.5574084051151345,1
2323,107.28886433075942,29.270621938532223,49.043706554587445,-2.342949893917771,0.38389114583132283,1
2324,113.37246216673769,24.959799845425007,49.39064207481254,,0.6641869833042499,0
2325,104.97201990585476,20.849626886672947,50.34862200705315,,0.5634270142547273,0
2326,108.34370827796256,22.7835475397289,49.54336314794966,-1.1337890801316366,0.4429734877373839,1
2327,99.54149561930343,27.09966856215952,46.17198834397303,-0.3131801351069066,0.5999553058658172,0
2328,103.064501487628,25.810601821486436,48.83974471460212,-1.701379054734089,0.46642283425833786,0
2329,108.47768878782888,20.133580062782986,51.37474648447501,-1.637460071703348,0.2978367535198379,0
2330,109.24551055371572,18.614874493757096,52.875093501865294,-2.386581000935895,0.44381221615140476,0
2331,103.53016526167909,26.195539122504776,47.690762864924544,1.1512708533010672,0.65251941814328,0
2332,104.64200374070967,21.012948288352145,47.681435201538314,,0.4666692339982523,0
2333,97.41063126659596,23.996042924748643,50.060467605434674,-3.2427117957201395,0.11099046062733084,0
2334,103.21485399596695,26.96096127015113,45.848809870244324,2.7574582742272593,0.5336796468335279,1
2335,109.45191581759893,24.752001367875998,49.11005959402574,-0.018012354955259637,0.48884941348387556,0
2336,107.87602508053283,18.999630997341555,46.52791588089721,,0.6227178248705564,0
2337,107.50332860690605,20.226962841402663,52.73812259968493,-2.2086192533776146,0.30047383391280635,0
2338,105.2488684359048,20.63193820837103,48.46133769129919,1.9812386252472975,0.6545739579278116,1
2339,105.03531579314088,21.09437104373814,53.305668372678056,0.3003751397502512,0.22578064350933139,0
2340,101.69839430263276,24.78484070340605,52.22704270691668,,0.6034426400188555,0
2341,108.49414210101267,24.04758935790472,48.70736540460517,,0.5508903286600377,0
2342,107.10486472194695,20.437920460370506,47.856080726307844,2.002311634081905,0.8099754598680352,0
2343,107.460094239964,18.810658121468244,49.612908501664826,-0.9724211637783042,0.2621703130878193,0
2344,102.3698257866621,20.057186453696616,49.79070675148359,-0.3119430118398067,0.48295270112758676,0
2345,94.23328540064378,29.81257575142324,50.6922938879048,-0.9175531120942719,0.26430020923284525,1
2346,110.48576355876848,23.622563397497668,48.446913420939644,1.3426446941119248,0.5121614613893511,0
2347,102.60581271995798,28.408146056425352,51.492789747044405,0.4993338440456111,0.3548511956418845,0
2348,100.6861211797844,28.18502960002612,50.530656109999796,,0.8102647388100757,1
2349,108.46739455956997,24.138234689554483,49.31920968656827,1.6691082045858483,0.5479006234231936,0
2350,103.03993680040435,26.48025250152652,48.575918689163956,-2.590889236408362,0.3493525888485802,1
2351,110.29968192023311,20.31302412495255,49.630230033802626,,0.5970343872810101,0
2352,108.08502974788348,26.2607604591229,48.36619749634486,1.426291436648576,0.45808689255367036,1
2353,108.4178466160024,21.268614951159474,50.116877389767176,,0.5778320071271653,0
2354,98.17022144399733,27.98474516104981,50.17087737043982,0.5246891497944433,0.5902538720383564,0
2355,111.059719926932,19.004689597306918,50.52341456695268,-0.18550435737405604,0.5825186183984753,0
2356,106.30625265616928,27.27766407462333,53.53248481934371,,0.42440798769370924,0
2357,103.15361430376899,19.199242878823434,49.73511056060085,,0.5856767929715394,0
2358,105.71694233671126,28.574270842731707,52.00919573424896,,0.6379036710203139,0
2359,96.11882383550841,21.650454217620045,50.459174793951405,0.100957956989028,0.48180859435036966,0
2360,107.04326405740335,25.852720377966897,49.52351139620309,-0.6482908552429578,0.5570875647922084,0
2361,99.85314245908964,23.850027343443358,49.761681460097535,0.2852043673530882,0.5415273806970832,0
2362,98.23664857078232,22.395637743148068,49.8823471816639,,0.5435852647975593,0
2363,97.38820406891054,25.74530199820196,50.55953541545643,-1.0283049447385226,0.4303041625718698,0
2364,110.56344187494963,29.370275766614856,48.08135846956206,-0.3749153868923538,0.43310322687741754,0
2365,101.85368303153605,18.495236968495462,47.069319233110065,,0.4584334988323121,0
2366,112.6686385495825,29.02623427059725,51.308594786948554,-0.8448245782913757,0.559871399858762,0
2367,102.32099268473851,25.308979860252162,51.79624766516252,1.2236615300780371,0.3970489429508473,1
2368,96.46321021203526,27.687771609228626,51.49127166560561,,0.5093333936686614,1
2369,99.4173778002567,22.60649944121133,50.30994403711294,,0.4173764939547678,0
2370,111.1790581000347,23.662115698051366,51.534449254906576,1.539444877903668,0.49908311336411276,0
2371,104.22050911031667,28.426209021613968,51.426858052034284,1.1901649432414652,0.47719734227871646,0
2372,102.25856351754699,22.978175637717875,51.57525871790991,,0.49464197159607765,0
2373,105.80009112926393,24.41591480098902,48.28091835731577,-2.300797112691309,0.43727768964916847,0
2374,107.50891368083772,18.242339077011994,47.80609640569074,,0.5970662214851278,0
2375,110.58699407951231,19.903176070056507,49.222861506495455,0.2544969315029624,0.5312916673310638,0
2376,112.24249614946463,25.700238095697596,49.96523178091469,,0.5638412085601087,0
2377,103.20115677105457,26.603722812766527,49.51615774573542,-0.6990720300145732,0.7030790118503102,0
2378,98.36976156958981,24.991211241413993,46.24661933732425,1.116973423674474,0.5694378126151124,0
2379,102.93267419438362,19.719720435307327,53.44338522427029,0.5227443786427514,0.628251059213465,0
2380,106.30140253291444,23.34486514293402,49.45190802222853,-0.3552420642034451,0.5786562402469465,0
2381,100.18120536894695,22.261137196358277,50.345408833153904,-1.8381818208283673,0.5858703252616433,0
2382,100.21424542552478,23.94793612842106,52.489097981526115,,0.636146569136013,0
2383,106.71893940774943,28.44394841464913,45.31005546095759,0.9073578347338156,0.46093627363929734,0
2384,104.75673824214775,27.310337263903822,48.97661225617657,,0.5496434095981075,0
2385,105.16398497705794,19.00787401666991,49.22576545284039,-3.9851609926709965,0.32585582470820484,0
2386,101.20752332649965,28.683710373294772,49.32737990909871,-0.05684138567408983,0.5786761915950732,0
2387,103.84799642897116,23.661205813797885,49.653026818572094,-0.3618055552134951,0.39457005528938316,0
2388,100.37883427865847,26.92634573863198,52.894269596889686,-0.9277435275815109,0.5802449310168863,0
2389,109.45099205562393,19.680470775172225,51.34691775145445,1.1313529178464266,0.5570913608063334,0
2390,110.17624667361876,26.048634308484576,51.91607053725766,1.0722900512509161,0.6375524279557191,0
2391,95.76906068880953,20.835912211313495,50.09424054362185,0.6552370757885818,0.5637291695967924,0
2392,100.35244569903794,23.260570765691178,47.201253907708995,1.556836372151614,0.5901008964395809,0
2393,97.51735372454961,18.202354440985253,45.84060592970798,-1.533447771050764,0.4467132524958388,0
2394,101.74988032796551,19.81932765516571,46.941184553536736,-0.68048108515396,0.5331751468804242,0
2395,104.58281015104819,19.104965917483437,50.71953140833204,,0.7014748991460774,0
2396,97.75177390150735,20.8769300752591,50.06353942539527,,0.25161211007501094,0
2397,100.39070093437343,19.200217080291868,49.57967270488798,1.0907538325553132,0.6085379865201712,0
2398,99.98021313959251,26.302920319434744,49.262846186519724,-0.7833012721975428,0.4652317159901975,0
2399,106.03633664699473,18.348478826510632,54.02344315088549,1.947555006670132,0.5796670936130461,0
2400,105.34672168518125,25.412886007499978,48.35419281804705,-1.3967391026252847,0.19383522255598234,0
2401,101.39131223331373,19.68849396990689,51.855638912232116,3.197975474250926,0.7179195418380481,0
2402,105.884104360697,29.34193748613476,50.003825872041986,,0.6397002379820503,1
2403,102.26659957706367,29.19712887731825,49.87812097642801,,0.4094506672587119,0
2404,103.64172444836973,20.706037230251553,52.353275097233485,,0.5902107810911796,0
2405,113.36726045149268,25.373055578676354,52.92506076538289,-0.6006420907629105,0.44068887235536647,0
2406,111.70230525895174,18.336063833669503,49.520901086230324,1.5199297473470175,0.40175717066553507,0
2407,98.50209381536202,29.18146251661409,51.598405438484285,-0.2639674971851562,0.49562009705655474,0
2408,109.14866208939587,24.275847698300517,50.727782724300106,,0.46159936058186507,0
2409,109.05698277245796,18.518677817013348,50.01487427761983,-5.299227281518348,0.18011529445600993,0
2410,99.2586835562369,22.10999991609765,50.408509885314054,,0.5060177748132166,0
2411,109.09388821877431,18.92219354233481,48.62398237031032,0.41859376302793894,0.5317408856074134,0
2412,112.68965959206277,22.71533327248032,49.38780121333783,,0.7043229542097937,0
2413,99.38727596877793,26.039116105935875,48.83872944049459,,0.49237763804448686,0
2414,100.41248589492868,23.638678896497275,51.80275343285784,1.5043652020763831,0.6553274440198422,0
2415,110.08830733421752,22.60466609663345,49.809597768917875,,0.4346191083764997,0
2416,106.35747655412824,19.429884546485578,47.40457195076992,-0.5059184542971678,0.6714362734346605,0
2417,107.75738137619761,20.939268548323877,48.55312555367382,1.5810535237928782,0.5353685163256552,0
2418,106.70294608200248,19.201719452860214,43.60147070957564,-3.6970117270039076,0.24664950121657445,0
2419,106.95347960464072,27.68998477987993,49.011014796235706,0.019475743354373756,0.4909245752233249,0
2420,98.36763935844459,19.62287793581667,50.0752901301943,-0.5999420243337974,0.39720100823225285,0
2421,110.23658853310724,25.144480398586722,49.72772830226605,,0.4771801969745379,0
2422,110.84794996213887,22.11288496306615,53.960308703062786,-0.7923694424697301,0.533141763302301,0
2423,103.85304627965986,20.7117406158622,51.14981208183007,,0.23247900134928723,1
2424,104.78261525093069,25.673621273905244,51.0609037061783,1.3822754540020412,0.4973604371001626,0
2425,97.34446248722139,23.484027712523286,46.713461930859445,,0.2538789089850439,0
2426,107.57127378008917,22.80174560741471,49.27071589176573,-0.20905546241085177,0.5037641668988436,0
2427,107.86028720857072,25.11422405870666,49.02667438535261,,0.2487157004704345,0
2428,104.68904491500345,23.89521154188001,48.42783760238398,,0.6257570780067117,0
2429,110.62176679935251,21.64181050261873,48.40023866897331,1.0126227612182905,0.6162401307436668,0
2430,103.3296138451003,24.70873545318302,46.38375409211675,-0.34980304508877313,0.31924804322205386,0
2431,107.823029629468,26.033982918608334,47.44829359063734,-1.5711120756240775,0.44050466650208797,1
2432,99.90167830653942,18.320317903042252,51.7481868055299,1.5572200440301351,0.6294669305835263,0
2433,104.88223924562881,23.590460746892106,49.71417061601363,-0.10147916489817235,0.5889560791967101,0
2434,104.12822871048581,18.692199415002527,48.98719516345133,-2.427564848501193,0.2317288239132942,0
2435,106.1265396102047,20.236864968817333,49.98917733069458,,0.22411200582693122,0
2436,103.15236535583321,24.726104808935677,52.3347813574023,0.6564501451094646,0.6830874294224824,0
2437,104.34263702164166,28.394266983186967,50.008421041751575,-1.913709289148278,0.32212556501062417,1
2438,109.13023585720754,28.59366815026182,51.08074826186208,2.7894712404054203,0.5867331445194156,1
2439,102.81617881380892,18.839328121663577,48.30679031522349,-1.405605426538996,0.49302918104833793,0
2440,96.9671144963066,23.029261035440477,48.76274009850656,-0.0005410880359142423,0.38305284327125616,0
2441,113.7479195210271,24.996077796054614,50.707953770127354,,0.4853484561534104,0
2442,111.90727039345244,19.764838854604122,53.78530741667423,-1.0940666088552686,0.5344710988325424,0
2443,98.53868652447191,27.18518660093726,52.85954971902975,-3.359740545866953,0.1899027509724002,1
2444,108.44853902622597,26.930823101246865,51.165656138912276,0.28634264642434115,0.46431669938166614,0
2445,102.48512614724328,28.840092164481536,50.302867520321435,-1.1298599851533873,0.3308346387434211,0
2446,106.3174360766553,18.101832145001318,52.802138711254344,0.1748076414246647,0.43134684018205965,0
2447,106.47112064506747,20.600210927868034,51.589356646090245,,0.6093900290951639,0
2448,103.82796099841839,27.92624057094386,45.41267595525868,,0.660253207001992,0
2449,101.08117167206802,26.046960609923225,47.89213830428955,,0.6429236719917507,1
2450,101.5472947384187,28.732678244381887,50.67628065071586,-0.8192745190906836,0.512257242508213,1
2451,100.41904042259378,18.6861558543632,46.42606486889805,-0.703266981513744,0.515322141047722,0
2452,100.84088895884777,25.163567588597314,48.20482199048627,-2.498695954130835,0.30783160468454035,0
2453,104.66410854975322,24.82855889872409,48.600370112684054,-0.292775926648942,0.5091762540859038,0
2454,101.42120005444625,18.428092996326388,49.48766818750833,0.6148049839124494,0.4012094101815631,0
2455,108.4102603285631,24.162264922949802,49.42513958354758,-0.7252423163565405,0.36788093519071113,0
2456,112.43623077667964,25.31424373571909,49.42175914566634,,0.5225521328893346,0
2457,102.09973379314978,20.295518090425286,51.65061503448063,-0.26626278823378663,0.3805897612235746,0
2458,106.19702250267689,21.279954997495956,49.46955226909893,-1.9533993569534847,0.27505732383540593,0
2459,107.49842555151467,25.684168155572845,49.23073973585753,0.4679776067746569,0.45220909759303796,0
2460,107.36001135459637,23.6196113711995,47.30165579171297,,0.5991959625018132,0
2461,105.37977633958043,28.296163890819923,52.04869240397165,0.18413673211403703,0.6649207519950735,0
2462,108.71341209179862,22.10858119211026,48.65700497210503,-0.8504248248156245,0.45422275606379237,0
2463,107.41124476340329,21.199915900658414,47.82593934399745,-0.9831037844863423,0.5090647032301647,0
2464,98.81168788836351,29.818391284138112,50.42618114973794,0.23611621132944777,0.45545639835199847,0
2465,109.34578032194636,28.933629241561,48.46611747523387,-0.34589986806320216,0.2761403272748849,0
2466,109.4364541863337,18.347912939987758,48.94809452041141,2.586417373753898,0.5399686206241894,0
2467,101.18356947910709,27.248743383678793,50.51692034863814,,0.5290703851446672,0
2468,105.18968917723801,19.324017285902436,49.34703475244089,0.8175063892015322,0.5549722476600232,0
2469,108.41664496405535,18.32982233795245,54.62321875060127,-0.2662212022521217,0.47659132939557536,0
2470,103.9534309021032,21.284346191596185,49.8503429133616,-3.0390351727147635,0.31988367991251515,0
2471,110.36489023883006,21.23215054873325,51.23567643775844,-1.2113923914265183,0.38196707722812506,0
2472,116.8193624730968,27.831825148163574,46.11661190501411,-0.9709401788764772,0.4858392455274027,0
2473,101.07006983682508,26.528006951314023,48.27870173617054,-0.41247657943487104,0.34298699319089254,0
2474,98.09477698423113,29.77931312798417,47.82617261016657,-0.05003924908493056,0.5777043086789023,0
2475,106.51909297802437,26.538154803741822,48.09124055339474,0.9841124482282431,0.49057053353477176,0
2476,108.60781252563072,23.019066639072577,50.831075987674005,,0.7271957423496496,0
2477,103.84566813077616,26.3871319313426,52.07113013555482,1.7388047872048573,0.5554086853842712,1
2478,112.26630331660517,29.993508806236825,50.689261009269025,,0.4285897796487183,0
2479,98.30697100138376,26.521702590750337,49.546710752867384,0.3857444162552425,0.4630186019018716,0
2480,108.46459311515805,27.14017627176382,48.73828992257516,0.5157663416682013,0.47876805616119694,0
2481,101.97069589620553,29.260380182283114,52.22719950237302,,0.5791522771693675,0
2482,113.59688953103648,19.3638151357402,54.142510908309724,,0.5919141484564635,0
2483,114.9625767658406,26.457411521372723,50.270111409567384,1.2056614841207889,0.6589912408021886,1
2484,101.16671706108326,28.20967149560939,51.87872612814314,,0.4474869052307713,1
2485,102.2522143204571,29.452543202650716,50.68674069959095,,0.49457441351894454,1
2486,109.297939434899,20.531631476540394,51.51100981293118,,0.5362474073926311,0
2487,103.06434675105243,24.047148092690932,47.67090644377977,3.2273115955425085,0.7810002685934975,0
2488,104.77294391033881,26.166658171733783,49.02372743971575,-0.49468677186820487,0.5409352577116893,0
2489,105.12694210271205,20.969612754016048,50.79093888009117,-1.4737258550042727,0.45436940659384095,0
2490,95.40163421901173,25.20567435900329,52.424981888163956,0.6574881442149656,0.5751486627116076,0
2491,104.93081126952882,21.090945389975992,48.36373155672465,0.7454785794356686,0.4220054454066014,0
2492,101.55136112967914,22.001484246379768,45.93340177791975,-0.11065929559453812,0.7516366538457695,0
2493,102.53438588800114,23.29822435813038,49.0034711471175,-0.330391504456335,0.5362929968402976,0
2494,112.21816001734408,24.350281184958803,52.0202614286965,1.4233559340931279,0.6339592659601567,0
2495,98.71746552860373,23.392390459501808,46.8322088178243,,0.4331108996260515,0
2496,109.06602593373988,23.91834623745515,47.646160215736835,,0.2446716889164145,0
2497,103.60518534834095,21.583065075459512,50.31183717210222,,0.43430440181509,0
2498,103.60119915752082,19.907581128271566,49.76805749447707,1.640841896430882,0.5896368084276756,1
2499,108.95185948025856,18.568199727922075,51.18893296310645,0.4282413049295155,0.4391282830578578,0
2500,106.70025647284446,20.35174466990001,47.54254647910884,-1.5974911459819054,0.33697012188749076,0
2501,107.85306498609765,24.9833236980694,49.35004281166266,-1.4467595898941532,0.39373682424936396,0
2502,109.84092330266431,27.433385373637588,52.390370804806196,,0.7176590186257161,1
2503,103.34345808408338,20.030971169314736,47.61420761272643,1.62482662216056,0.7068167586121099,0
2504,101.93881632746125,19.302664293271782,52.953824592620535,1.262325422285219,0.5802125666082302,0
2505,99.57424736721102,26.991484326591003,47.865166028222625,0.0183704114600137,0.4441806479829069,0
2506,100.87294735010522,21.661899966447475,51.69876315475522,2.2627098601806135,0.5768970389944529,0
2507,119.74547212654363,29.417993270728232,49.25408297957375,-1.6551071789673877,0.42719804127763505,1
2508,111.22339790368393,26.571815647324478,47.710183484722045,,0.5782755758495909,0
2509,98.24462816895989,21.921072566916372,49.0062019056948,,0.5102504056279927,0
2510,98.38771021628214,21.474512973524458,51.08985837635799,,0.437397012634211,0
2511,107.40933030859246,24.284380635255708,49.98629201019702,,0.607363308112909,0
2512,107.73632398688983,18.949736019338513,52.236938822886685,-0.2153362630222614,0.5342569103247213,1
2513,107.74441917658682,19.412118151743588,52.871480121869766,-0.6520497891918869,0.42788823488649397,0
2514,103.72522103223152,20.11029457579431,47.6339386693643,-0.7427364721318881,0.29091407416910653,0
2515,104.3727286999855,27.296683119654723,47.48746171017931,-2.9795186182666864,0.2625304009334717,1
2516,106.63939762079679,24.16628831122947,47.39041245275832,1.1448054289134841,0.7139998040584145,0
2517,105.42946503146665,18.126805473293317,48.20160780790396,-1.5099451091981901,0.25514558523524156,0
2518,93.90349813626233,26.08219832966531,52.20842904163949,,0.7711329296217682,1
2519,103.85100184712402,23.084282143925964,51.12072390133347,-0.43141882472248916,0.3055709687605841,0
2520,100.74296782869843,24.130228379565576,48.909944854155135,1.9641596961689363,0.5208929620994986,0
2521,105.87605709454256,20.569394920955226,49.97779481875433,-2.7135465490240214,0.3268507739242772,0
2522,119.92629501301705,24.621386740729243,52.80861101033188,,0.7330915348852055,0
2523,106.83740832737152,29.749838877017865,53.81602170195824,1.4828335987677175,0.5767547757084039,1
2524,103.432351569138,18.881336292069136,50.518768666885606,1.9553454515466506,0.5763667565011629,0
2525,109.60900750988625,21.40700879597317,44.681437631905204,,0.29186248871830334,0
2526,107.41343943604606,20.915971114329956,50.594574189519946,,0.49949219689407204,0
2527,107.10047245225921,20.982591729014153,51.869496259082695,0.8647649291341203,0.49196640199960884,0
2528,108.03425296607836,22.544476290784527,50.44926463171215,0.22266296826616427,0.48823275916895126,0
2529,115.28271782414771,27.81731741693001,51.453029837469565,0.4400394638457521,0.48616652269376637,0
2530,99.34555782337043,28.954304279572646,50.714130748920766,-0.5404299087139982,0.544964722022888,0
2531,107.36816038405728,20.42658104950768,47.53070916503627,,0.6924886513772355,0
2532,100.3680943500923,24.515399255377353,48.227523133273074,,0.6065960600045524,0
2533,107.77756323171124,25.642787665985765,49.35769562573969,,0.44507269515995984,0
2534,100.40656744256952,24.261929692366138,52.130829556476705,0.6801318682578776,0.4614187308784828,0
2535,102.91316593197458,23.208916730363036,48.46823186335876,,0.5225534846971196,0
2536,103.52455042881047,20.303706070310852,50.91180526633529,1.926080098571155,0.6869734901743799,0
2537,109.87908359672355,23.858632310390863,50.6073851878424,1.2436744263852169,0.5818502539282713,0
2538,109.59227221971207,22.814577932535947,53.17239453015826,,0.20095668775296843,0
2539,98.77141311776808,27.546760350027235,49.91664044374117,-0.9190530157419676,0.530022667839597,0
2540,105.27467055499925,27.163252309955944,46.490483163447486,-1.5139451895088305,0.2894036537358475,1
2541,101.45210072625413,19.607984174468047,51.29374092979356,,0.6305876358692672,1
2542,98.70747544662333,19.06222863075681,54.27611042326801,0.9529676753731033,0.5674915202736973,0
2543,103.91491474787814,28.897847318730037,51.42476668973291,-0.8935293391646735,0.446934947318177,0
2544,103.4575860577209,24.426100667573973,48.42467681637918,,0.5366071170225498,0
2545,117.13358243172762,28.293611247391087,47.83610824164207,1.2078469094503657,0.4993170822426255,1
2546,107.16479912680349,18.697813446796815,48.09406233298519,1.3573802244887003,0.4712076329354308,0
2547,98.11191249622881,24.318187398259564,54.00662376076409,1.1971615696266156,0.5286938059727557,0
2548,102.17612997914529,24.473118174914838,49.34534511895713,-0.6383360379745794,0.5657851316655524,0
2549,110.106916477147,28.3284243905058,48.674713212343946,0.4587654666212663,0.5859055604392788,0
2550,115.44221386434963,19.17131997875649,49.68312671174553,0.1663726464500763,0.5170334331147456,0
2551,97.0700834388102,20.885346764110913,49.366185902788594,,0.5623767908674038,0
2552,95.60037807430477,22.878459766644156,53.13530071957501,-1.3897407643140327,0.5449985860648141,0
2553,114.35482587685891,28.390097705039306,47.97104501796739,0.6179475668147029,0.6097456019550118,0
2554,106.94807088685452,29.266599780846803,52.361286463320894,,0.3969354487434159,0
2555,100.65853634061817,29.912695435123535,50.24418419290217,0.8300275662633172,0.6198252820439529,0
2556,107.67314543061218,29.51032183750226,52.41405302685537,,0.539090903256211,0
2557,91.82126130491561,18.071301070132254,53.165238087468104,,0.5729592736164062,0
2558,105.0168775329858,18.572500097446465,50.16959526782619,,0.3735520239135758,0
2559,106.63910586421542,19.771281829891063,49.36987278080167,0.9453542980880733,0.5300960585159694,0
2560,109.62135069768915,22.186345161243278,50.132357663730204,,0.49361453572457986,0
2561,99.93052023853731,27.959016371843504,49.810458655989734,-0.46819561878816685,0.49356564905569883,0
2562,105.4284358070168,28.711874344025766,46.68606708852254,0.18279477535390282,0.4918454226664948,0
2563,100.37287686970207,20.242012875534996,53.104960747570146,-0.42983783504411066,0.5005619575123007,0
2564,106.27691877837158,25.435969819436504,50.49157003476238,3.1628855750357623,0.713471432550595,0
2565,100.52326838818487,29.008343820783317,47.673801629897895,0.15727903566165924,0.47842743463090137,0
2566,102.9594958041989,23.56478083117585,45.864953359603184,0.6772576630670903,0.4601335603484178,0
2567,100.02092302604885,19.242522863433408,45.3448015341393,-0.39597644537581705,0.2795609146248269,0
2568,108.25568120911828,23.493763801015497,51.540960873375006,-0.7194518493761848,0.541092779187941,0
2569,109.29225558328332,22.509538827456687,48.76204486318581,-1.9530039925525156,0.4102263266804228,0
2570,103.82689715021293,24.931895952792082,49.090198663789735,,0.5648725088132385,0
2571,105.19118997480014,23.263904212885244,50.97630852907765,1.1526562460949012,0.674824450557476,0
2572,97.75704292683228,18.208151122244615,48.96790368779644,,0.34856564732848366,0
2573,103.50161675996607,29.927972800964053,51.09304883210703,,0.43809623346134974,1
2574,104.74897691479127,24.52248285276685,50.19052812875343,0.2698627896302148,0.4170872754344509,0
2575,118.10396545514988,23.683569065815313,49.83174083370153,-0.7465452094454539,0.5282733249453488,0
2576,99.44016487112918,29.455408458048648,46.85449918861702,,0.2607326794416795,0
2577,112.32088619376219,19.870324411044926,48.360537287122284,,0.4856345704283702,0
2578,109.98429386732904,20.27085123054298,51.205070731173734,,0.5925462372652296,1
2579,106.40318202245068,27.6961769887534,48.6359563702719,,0.42547399683561526,0
2580,113.79310242097567,21.129972960300105,52.41073911156898,,0.5887381872249201,0
2581,106.86052736303431,27.590725275498322,54.692802647986795,,0.398542048350582,0
2582,106.94579597833965,21.25840179490203,51.312770601682644,-0.5003437158057544,0.5177424602709191,0
2583,104.73439673491227,18.39825156270002,52.98566378273031,,0.465265845812475,0
2584,111.11784441209313,24.204176686640594,51.441454476592135,1.651441422543944,0.48207410454343697,0
2585,110.48234616905442,20.360237209522335,48.931475954655625,1.339234674835439,0.43728686805408995,0
2586,101.87161356251895,27.094155515189655,50.40030332961485,0.043107662110202775,0.6117990981755339,0
2587,98.40376402700616,25.69439559878578,54.02664189219488,-1.9938465817955584,0.5944247300613681,0
2588,103.98509681302171,29.083232015735014,48.952892514745095,,0.45835517832859857,1
2589,100.99980717801176,27.39586028718883,47.92134540224385,-0.8206588931464343,0.5158112041918903,0
2590,104.68237712692323,20.16931145808872,47.731611153769464,1.447838563299995,0.5391878702491149,0
2591,111.1871906734207,27.601898839977558,49.5649412323329,0.43550645286245593,0.539778123231142,0
2592,102.71349172456605,25.70084453776828,47.99305582271388,,0.4230703393578238,0
2593,104.78588309344212,26.0274197011275,53.348038854874474,0.6063178719003313,0.5120586000155349,1
2594,105.29011367404198,27.987154631641786,50.432713069182576,-1.2587198687562857,0.5720500587636362,1
2595,109.24215441102642,24.885888830267284,51.943452619521004,-0.7833183397682182,0.47850855861503866,0
2596,93.76555333007697,23.592042172236155,49.4026692188406,1.457607018782558,0.603440351953957,0
2597,101.96649852617351,25.639692424304734,47.71960560448776,1.1482561256712476,0.5412165012495778,0
2598,106.05641846139736,21.57548914750031,47.38121210913344,1.639649824238135,0.5759485636684958,0
2599,111.00039478213431,20.19116557304519,48.184016515643755,-0.03470027862631836,0.6201360131829142,0
2600,102.54048776246897,25.399054056854958,50.695050988053424,1.3245368367992807,0.5808174449427862,0
2601,95.61723646979063,20.806180429025734,51.0397658635359,,0.47296928546896466,0
2602,108.09855722983067,18.95898131215928,51.206392146117366,-0.38634890190794036,0.49890276269387746,0
2603,101.82318805587185,18.006650215023047,47.022654632436286,-0.4894398366071862,0.4390767444782234,0
2604,99.0516667045482,25.299832816800805,49.99918162820346,0.03579752733674094,0.36099587480144824,0
2605,101.87827305143388,22.345785401762843,47.94787633821522,-1.9297366294681177,0.5607705832377557,0
2606,104.07737321172075,27.02773164808147,50.802931935169056,-0.3375073546850424,0.5899540334557506,0
2607,101.97627667730893,22.50211677975723,50.958154110994904,,0.7337786628423943,0
2608,93.97216971450466,23.83204137885872,47.655653905947126,-1.6387922427171508,0.3108085009588879,0
2609,109.48533098443566,22.88501967378462,51.9360592143927,-1.9939819228725486,0.5447929293206328,0
2610,111.37437520639361,25.806897493312153,54.67764588305649,-1.873032491493342,0.6030354541278607,0
2611,108.25760995669754,22.273669944179616,51.669671475169324,3.9927891661119617,0.8041216997328773,0
2612,99.31157164787592,29.565211799307708,49.67433192089779,0.6972779713055663,0.6996461398173095,0
2613,103.99254233026241,29.233763839182362,49.36690859358052,,0.5595149570003735,0
2614,104.96739342385271,28.176334831887374,49.581872036654985,,0.4204632706376154,0
2615,107.99397194780956,29.043603246872976,48.47853230644598,0.3414590988702264,0.5678361419867322,0
2616,108.3417024435904,23.38967626151269,50.5047964133041,-0.9606749635940706,0.3499319818427732,0
2617,101.32913100610752,24.437164761473905,47.72307481769139,-0.7758251230636543,0.40147132999684587,0
2618,105.4099777820678,26.905111110698932,46.2206044268042,-0.23652469830304496,0.5198018079437746,0
2619,107.2864020230762,26.353751099262492,50.4392033636271,-1.0871326323523594,0.4638452154703918,0
2620,112.27911161073384,28.68814314726565,50.04246613155164,,0.5165374451070172,0
2621,108.52253269912362,26.595972327080343,48.85765996712561,0.5296373659955185,0.3472729689273283,0
2622,108.94528343687759,29.974616498741526,47.43460675477927,,0.40978971685273896,1
2623,105.4191331396468,22.182069597979094,50.57948805382807,,0.7506460563376427,0
2624,112.05229572601752,27.995972906873014,48.019649922859095,1.1297349163292993,0.6313241130723891,0
2625,107.04881397979749,26.371617873991973,49.72211129826933,-1.9051271077689775,0.4861209426698778,1
2626,100.69456044913215,26.296637342580222,53.52994370825289,-3.716855263650918,0.3392830629231165,1
2627,112.01684985062596,21.910027138139988,51.30237953915077,,0.41051483861692106,0
2628,108.48951636269514,27.42722150907627,47.26173467523661,1.026540974410871,0.6014741372381474,0
2629,102.78477989435758,28.80451226817119,47.450296857975395,0.7357048416751574,0.5068139305547362,0
2630,102.60253516300378,20.622581538246756,50.303638185487515,-0.16627276552291906,0.5817920004137456,0
2631,106.48287772570382,25.50596204540045,47.24935863588196,-0.9021636917146283,0.49762261074371517,0
2632,107.31592397633793,22.7056179492333,45.99654903753142,-1.356197060987895,0.4260179322718379,0
2633,105.98646132815603,29.874577431538526,51.064744022593445,-0.6038746066642607,0.3929067578910352,0
2634,106.55654336721443,23.74599378998018,50.641871508641735,-1.5185699607414034,0.5360190460167388,0
2635,113.4997868728819,20.73984208556331,50.90119666255826,,0.5259891129185523,0
2636,110.35771576117443,22.582291502661988,50.52607036363581,1.996426403734233,0.810118287846084,0
2637,105.95317795632512,25.846060677799514,49.86937857665521,-1.1568596988740993,0.4947789414555894,0
2638,109.70655290383742,18.913072456194914,48.67562290464668,0.9163219245779823,0.6068077853072413,1
2639,99.8373804823623,25.24322304265485,51.032269932175886,1.1451357194763043,0.4107299044341153,0
2640,106.98963524973405,29.174697110146777,53.0597669768103,-1.6194019778038742,0.4500783390626124,1
2641,114.04653174866556,28.204353451894207,48.997541985113095,-1.2650578118392555,0.4050942840755913,1
2642,103.90977052303813,18.8120824398958,47.9585195795834,,0.6628139866149203,0
2643,100.76183035690458,29.920678544868817,47.72976116117752,-1.3886460594760468,0.4640361413421059,1
2644,101.73955555703469,26.38472308444655,48.26653953333256,-0.08622862381620504,0.5942158869117821,0
2645,99.55183481328805,19.947369891768282,50.40519704895215,3.0599757332527884,0.866258298058834,0
2646,101.07619045936148,18.148993070033082,45.72074487289288,1.469748385592046,0.4936511887343791,0
2647,103.14745950704986,20.055391635505817,50.87834084886465,0.127845677603349,0.6010629398327062,0
2648,97.97216490410679,28.058111048228863,51.28782602059231,1.261095861796881,0.63141410977088,1
2649,105.07809166974802,18.259671899341964,46.40384328011424,,0.6937353223896684,0
2650,109.51138586893323,20.79776764341704,48.0416391274448,1.5273477498052108,0.6469058444934208,0
2651,100.46121909926539,27.087667144018504,50.15936195969083,,0.4066711321233887,1
2652,112.59641961820884,25.03332643077762,49.71306053939121,-0.2088989945624177,0.5747003733747773,0
2653,107.55396044263797,27.392828524322304,51.03927493653718,,0.4356511179022384,1
2654,110.15290292812028,26.953806045921453,49.71772635696727,0.2420327823477433,0.6575386543434708,0
2655,101.71082723073931,18.607216645461655,52.52953905354993,,0.40034880469089884,0
2656,109.27262613533308,28.710137029129818,49.357661201912634,2.041094769963495,0.5628208607256422,1
2657,99.54033049802344,20.724382011387224,48.033934026560495,,0.7269156645928754,0
2658,109.45123750418254,24.640709282757165,47.87311626747649,,0.2646719288948868,0
2659,105.85919669896765,25.731457878333345,51.470937018563376,,0.4610608563366226,0
2660,107.76625609992392,20.023538530621146,50.05924228391383,0.5710447953446709,0.5435082384056502,0
2661,99.12202697187574,29.71477508041169,51.26743180145039,,0.43936676758472143,0
2662,100.52465078861698,23.85787147304771,51.22624499845837,-0.048559179576817366,0.6556668443351911,0
2663,107.98614109126693,18.69171234716872,45.96030029447232,,0.6463461330387732,0
2664,100.258259978879,29.247144537334083,47.71983479795311,-1.2436952752955677,0.39908382577069784,1
2665,107.31603146049561,25.035214118319217,47.95874991899236,-0.6715115489345935,0.40298349145354884,0
2666,98.16431096769877,26.390318375776516,48.36787162301648,-0.4611485181739748,0.50512513194061,0
2667,109.24087106333334,24.30210947921069,49.15928934684695,4.737110139278435,0.8534509106841984,0
2668,98.83738342615746,28.01685545732361,51.99829918923437,0.9123639937607508,0.5594590108247954,0
2669,107.76149968839762,18.39760154631853,52.3969647047678,1.6981025085717631,0.5714630920028049,0
2670,108.12815466823001,21.220540383325773,49.41421833959401,1.1521885678175767,0.4880810595064093,0
2671,101.51614090785212,23.635780276832307,49.49743827735051,1.2530907989779487,0.6000584237578275,0
2672,107.91013283542364,18.91924339576452,48.58913255188543,0.7103603059984325,0.5673750675370138,0
2673,106.30221131666778,26.470880031919897,50.17837539447709,0.5479038000886383,0.4549733333948133,0
2674,102.30579071903631,22.72396096866769,50.40504176546787,-2.1761169817028048,0.493835768514172,0
2675,99.95722657961896,21.27201588321773,51.61295111000453,0.5367968345144093,0.6974441726510985,0
2676,95.1868715416371,18.04054616170095,51.596877451965106,,0.4967740273570659,0
2677,106.74825023649846,26.637963740999446,45.3957638978619,,0.5711230320249775,0
2678,97.17598614318972,28.00571170647434,49.694910104725764,-0.10628874996067054,0.384192100430546,0
2679,105.47672099720654,22.74048642817798,52.768200061780206,1.144746439091988,0.6309562744919752,0
2680,103.68275891958875,24.770615724400386,49.12377014539017,1.4098988567237705,0.6169123645289348,0
2681,108.39571387719097,20.732239511155182,52.27848363672658,-4.368240036968646,0.24897755020366855,0
2682,103.48977250255068,25.466371755361596,49.38709639997762,-0.6508392272489373,0.3931087867423531,0
2683,103.35276106826454,18.145649499782408,50.34984693488393,,0.5454530064205565,0
2684,108.65935352144147,23.8637267651851,47.7262186152017,,0.5561978652054497,1
2685,106.67529014542059,25.73046578208831,47.80150288486697,-0.4510625667810006,0.3856797420728769,0
2686,106.58077978591389,29.01830127875681,51.45098314452603,,0.6872415645355259,1
2687,107.34633794904263,22.57602980546741,51.76363656040133,0.31086699270131585,0.5385090809158454,0
2688,97.32213938396447,27.182282435772358,50.05285781240099,-0.7282949646955699,0.46947448479792736,0
2689,108.78394339993491,25.172244359322008,47.544951514723216,,0.6682485950421889,0
2690,108.06234397006801,29.124145355100968,50.08760911321443,,0.2148585068647525,0
2691,99.91658435711751,22.780532107913167,52.51446992134856,-0.7469963338405027,0.2819462221962064,0
2692,103.77959763162899,21.829144078475856,53.48573294010352,0.5904381219627836,0.6674437785518019,1
2693,104.80346356186185,28.645703984329725,49.36658413534817,2.419457084909207,0.6080806426007602,1
2694,104.32751607799133,18.590932816899468,46.68026429948442,,0.5213391650301201,0
2695,106.66929983284267,19.63662471520412,51.680727199109555,,0.4087441235628433,0
2696,112.15683390915592,18.988853215008533,49.44807380709,4.126422800282495,0.7257060749290551,0
2697,110.40883363836414,28.117319478916833,51.88608128312208,-1.098615054539239,0.476794827840694,0
2698,98.43890403284297,18.127289080443834,50.56214445003524,-1.1320767554131606,0.5874776264288583,0
2699,108.11034995153024,28.339885865964575,48.2331117884763,,0.548162228551912,0
2700,111.64466659767704,23.415213544455202,50.11648872131876,2.2725395761570715,0.5833461888360122,0
2701,106.93404260344602,18.04830334624765,52.61667673410866,,0.4699412269648666,0
2702,110.45490212592983,22.819742126544504,49.701692022065515,2.63185889634459,0.7425418010416904,0
2703,115.06135222850382,20.241610092540427,47.93038967310925,-2.158683734112582,0.4811877813462761,0
2704,110.11854773053491,25.492805849665956,46.82271166280669,-0.18182707608176774,0.553052125328086,0
2705,106.24654297820864,26.15230547905976,48.455670626270695,0.2601984985029745,0.540468109856404,0
2706,110.22544237042376,23.850330844859997,49.179727476458034,-1.3239478744768531,0.3756698850611122,0
2707,105.72443916548445,18.48623430527604,51.63999827183452,-0.9318515473983011,0.35012754138056945,0
2708,105.11951521642477,25.87354565240642,47.75830146437676,,0.4406466787124062,0
2709,103.24292882143133,28.104465403266254,53.10750377145927,2.1623336137668505,0.6475133094758484,1
2710,112.81706679416054,26.64389132791682,47.325695578317614,-3.1719155437440323,0.3912322298063059,1
2711,100.90785667028999,27.959495027463824,54.662972185113674,0.27035457818897185,0.6229481771698384,0
2712,112.66183862339058,20.40611428261065,53.451037113508946,-0.16996335542370444,0.547675017453801,0
2713,107.49932061870186,28.66665527587779,50.282332498775986,0.16109453343592559,0.6131418715863921,0
2714,98.00346912599029,21.866321407775555,46.70461293046082,-0.4751497134243028,0.4631878512645929,0
2715,106.83824646495711,18.160857771023892,49.88915187603516,-1.9357304543344913,0.4802977236269074,0
2716,94.49986746174189,28.12069975594885,49.226318084026985,2.3134454670669315,0.5155252221603114,1
2717,108.12754008415519,29.30185522757672,47.451425553898154,1.7389943974960496,0.5809311346872099,1
2718,109.42615741494495,25.866698369008184,50.58201925449488,-0.1559837833453237,0.30905225040887896,0
2719,102.03822022173973,20.777239565561096,48.35271374028871,-0.7324698187100143,0.46653497467506627,0
2720,105.61773847977791,21.020933571390366,48.570188305900835,,0.5767706012286622,0
2721,114.77078716875143,23.599114481227435,49.59264273085529,,0.31309707314719126,0
2722,102.47126647869031,28.773972955217033,48.850182342588596,0.5307301119036172,0.5987190048125033,0
2723,99.705462064717,19.795171873770702,54.15631323422006,1.1704853854542665,0.5858427906818455,0
2724,112.40831701231299,27.911684035001844,48.9285707340009,,0.4533000774442965,0
2725,114.81293595265397,21.495633704461802,50.88176202278895,,0.47485998636989474,0
2726,105.01847835923924,27.703034033149173,50.29104498442072,,0.6279722125015791,1
2727,110.05731517704179,29.043254371218463,50.70550045051775,,0.507675457023969,1
2728,111.70737957765441,23.12992646393184,50.85817680722187,-0.749332841055497,0.40077377790188706,0
2729,101.28757883730808,22.38060784926637,51.76272297321224,-0.24949954234823724,0.3487778682927366,0
2730,102.57347082316066,27.626655827655622,50.532892151237284,1.0450148621473434,0.5729354014638146,0
2731,111.15437256577367,24.353794588552727,50.44979158977264,2.0682875599426676,0.5452263956201581,0
2732,113.42507139354255,26.213388581558366,50.11695413693628,-0.3437217644594344,0.4650704108007,0
2733,107.81440430087177,25.473950843534155,49.72316429532005,-1.5671783063481237,0.27619882637314597,0
2734,100.60092823248974,19.834666147737558,48.17640423667864,0.05347018614514526,0.6067487950583867,0
2735,114.9353055584972,28.13748432347474,49.878263245159594,,0.6411640527174512,1
2736,102.34514551094017,20.349301336957634,50.482534750531066,-1.4367096527006014,0.4336305144784454,0
2737,103.32431109414274,29.18738572884937,50.80432911314559,1.328761120699219,0.48314503449544416,1
2738,106.7116891724481,21.006855497065775,50.360569545980475,2.003940834180908,0.5724585711230835,0
2739,112.77080210357387,26.806571679284904,49.53408997310293,-0.5400222897382293,0.4852448631458154,0
2740,109.26987988276112,21.415864721923104,49.8858401936082,-1.0510868665785607,0.3861199340233707,0
2741,107.07432750180955,21.813424903042367,48.892707030898414,,0.5215355762058269,1
2742,107.31644265059053,21.720022233387663,50.626447982013126,,0.6651204004156449,0
2743,105.21757334321732,26.974707048313,49.55774354417176,,0.37710386588553535,0
2744,107.79069757259253,24.681781415632717,50.36112187639494,3.110564147234707,0.6739843774678688,0
2745,92.35219961152849,28.595429470169968,52.00160608676511,,0.4339818848080932,0
2746,103.51696270465101,21.688472630448537,48.581282180715164,,0.5442321353117306,0
2747,106.2066096745839,26.30391026468093,51.19339076182097,0.09996000325263633,0.4869252700789041,0
2748,99.24492958190247,27.03538319595733,50.066420359770746,0.36233519130807146,0.41340130212624976,0
2749,106.9316165890578,19.817785356359497,54.04238719916151,1.9007529556323735,0.5734766440130523,0
2750,103.97764389506939,22.807072287837734,49.56739934307298,-0.29514659314155467,0.5202060961164536,0
2751,113.77737849157745,23.793809932204933,51.39032916630213,,0.7468821582305418,0
2752,112.86509862607429,22.26824867873249,50.030706903511955,-2.0567909942498854,0.1861794471545452,0
2753,102.67097215440918,21.865351151629657,47.223390983373015,0.8211191880961951,0.4211443459063665,0
2754,104.24581144216653,26.2370387279717,48.95862180896171,,0.881637426962228,1
2755,104.63026217195804,20.590396771913863,51.76094221085679,,0.33240971193643215,0
2756,102.74170261920189,26.512688943013544,49.13461107878345,0.6779324317829232,0.5348598138740582,0
2757,105.97512492014063,29.220530356688766,45.559487370320774,,0.4105760480975527,0
2758,101.20858965556205,24.782370254133014,49.93719396615099,-1.9219273799937606,0.33986122632282806,0
2759,99.34692332531237,25.337210840873688,47.81532740409798,,0.515348433879191,0
2760,108.11355611950134,18.82719242548907,50.26363546519344,,0.46884584914186717,0
2761,108.14764792110905,28.373722843413937,53.102294162796035,-3.5783312145987356,0.42678960069205485,1
2762,100.97842120170004,21.425373446398385,51.538914621605805,,0.7535816244248121,0
2763,109.476777153813,25.38061398634278,53.073311657479955,0.6239465645056738,0.5738277245913589,0
2764,101.84211135417334,29.749346036937627,48.876975957111014,0.11084332515540628,0.48193491247393366,0
2765,106.26582619018991,25.146031206873694,49.71366733272894,-0.6329652961384629,0.49419872227391864,0
2766,109.10172006306227,26.696513849572533,47.91112760638444,0.6079411657396381,0.6108996149614254,0
2767,104.83193717648143,23.343835418685025,48.63191310991981,,0.6340245270716206,0
2768,107.27370456070567,18.724390122180687,48.14623033542764,0.6019820605900682,0.5671037877280046,0
2769,102.41785178056215,27.57119219387746,47.386554061576085,,0.7328656335420303,1
2770,104.01766708285952,18.41998609516783,52.73171325066268,1.9429068507500182,0.5354941371450164,0
2771,103.9707028455983,26.407893946654248,45.81607940994716,3.0083895954275945,0.7644151093498551,1
2772,101.26710826729881,18.275058877795644,52.74027780960911,-1.2552632736730827,0.5076728225924096,0
2773,104.11612918442108,28.347662838920048,52.49211784984046,-0.8601322706508259,0.3959933487939215,0
2774,97.25690850568127,19.891632429995767,50.99958535095799,0.5417732505624571,0.5503572507959202,0
2775,102.54423126428948,24.171257945310614,47.77098546381186,-1.1686362881066774,0.47171114342439946,0
2776,103.57562253315164,25.165808453797766,46.83564977711359,-0.927022608558331,0.43944562553641525,0
2777,103.7191012375231,23.490544888480947,48.90319263747287,0.7128443722599448,0.52034866861921,0
2778,103.79251277064611,22.089161872186647,51.25024091267985,1.3512635324697753,0.4150804134549292,0
2779,104.69117900069935,23.61377155417166,50.00612727488135,,0.526767875158301,0
2780,107.39720759043033,21.736989046573903,47.913001009810486,,0.46171670574922735,0
2781,109.37258537066262,23.25746816497036,52.29640956931298,0.6947294453069559,0.4774796332990078,0
2782,101.75117386575866,22.30695589197637,53.36876665636308,0.36413660384065527,0.43264042334975944,0
2783,98.98399572305428,24.794457882085744,49.546801671970805,0.026486167769979085,0.6074334437004004,0
2784,99.78977793878448,20.855089946939803,50.21867380719469,-1.2240137478120263,0.42840680394493075,0
2785,102.56398539402537,29.86387865896815,46.98230263274101,,0.6459333403634542,1
2786,103.24039341091745,24.010439440585987,49.17122656778193,1.0000121699339348,0.572275358403323,0
2787,101.1500196690127,20.329944928974115,51.020879956001984,-1.249229069826303,0.5415540657771545,0
2788,98.51941667875053,23.724800994807268,50.709713080515556,-2.66537823724054,0.3459188836411462,0
2789,102.71939586262906,28.39698155429789,48.98466430158059,-0.04764198493528177,0.4314504241610386,0
2790,105.90713310056985,18.261681517492747,49.45151298304711,2.182860453224624,0.6354279431748107,0
2791,107.97514732917783,26.154649429287467,49.1055785269109,,0.41993782419594666,1
2792,102.2128847344584,24.575613561527135,49.44307057256323,-0.4324954097302682,0.46946798596804734,0
2793,102.93501088928284,20.034695932441625,50.846469605036255,,0.5953189332775868,0
2794,100.36650845576345,27.809717271659046,46.06492582926175,,0.3889938106541292,1
2795,104.84280414812612,22.426615468488066,49.85130097038416,-0.319999374301623,0.4741999390589377,1
2796,100.75785682904592,21.52562434578609,50.69995107125138,-1.7091858668288133,0.40985826011743576,1
2797,107.865639066206,27.937502302282812,48.859030628717846,,0.3246141785774594,1
2798,96.07066754032944,25.662300554299975,49.041333912070236,-0.6036273115530307,0.4687097810720238,0
2799,103.20185163773769,28.779109004097894,49.0992111183691,-1.6847218351982551,0.4810933045795204,1
2800,106.50553669595871,25.558604444054392,49.04190005292568,-1.8094510547277187,0.439098659077984,0
2801,105.91917258161253,26.88981189518538,50.01176755570075,-0.08884762731300636,0.513975671397995,0
2802,118.46516831990249,28.037350755115355,50.258005516027566,3.340708590803529,0.7395365741622627,1
2803,106.74900012283953,18.65687563091924,45.7989713675324,,0.5763242398437775,0
2804,99.97972701578995,27.312587506432564,51.30576074294458,1.5157991505575326,0.5771815514130587,1
2805,104.52267876455464,25.36447778219492,49.42000223130608,1.1958936576282673,0.6333107235775165,0
2806,96.11876833266774,18.834093558182317,53.865926350937066,-1.0462704190188257,0.46134644088395554,0
2807,104.5970012535162,24.10293506242458,47.616702922202585,0.4662483436742406,0.4996528877694678,0
2808,100.83471971499621,18.989496935807445,48.26537098249133,,0.6291540950853685,0
2809,109.57695137780081,26.83136642067867,49.59418204283348,1.2425062016726867,0.5586034695269122,1
2810,102.25229862702233,24.558020566774594,50.82645089937207,0.29182651105257784,0.48643997983390863,0
2811,104.41617042102376,29.442882448947568,46.098465345257,0.7800697412908407,0.5545457095846165,0
2812,101.82221079297798,20.197624458861238,48.341799895767785,3.6943109477537286,0.7014246319797596,0
2813,113.69425675926665,25.272401430244543,51.18264032114769,1.2591648257345187,0.4525957688932275,0
2814,103.39378616941045,20.538985614845895,48.103752107134916,,0.5096860949401887,0
2815,114.162785217396,25.368779816728782,52.740052752752455,-0.11105550939689515,0.6790985094386722,0
2816,109.07075881059133,26.67179642833028,49.09223280230186,-1.5812270948871703,0.322977526074791,1
2817,107.41033363667692,26.66765195195446,48.20125359731621,3.520553921919445,0.6257701237321235,1
2818,106.8436657365876,27.78088788819132,51.22048851557904,2.4058045881653154,0.8982928517321604,1
2819,106.96898649108125,28.2426027354998,53.215234773648895,0.12481955440817136,0.42402770888825553,0
2820,95.36163710327195,18.927260715206124,50.832792517487796,,0.7922005166238084,1
2821,103.60558302924622,22.119205884868848,52.52085879844652,0.948600067432466,0.52455938780255,0
2822,109.2257898559216,26.24547024431767,53.353270681273926,-0.6462696264237267,0.4737005179097859,0
2823,104.75551408262947,23.983035448694544,48.156282640144845,,0.5548671598336354,0
2824,97.97405076598213,20.2881113610575,51.876782668119176,0.5979652076949771,0.5724683225328154,1
2825,104.73797774711265,24.632514842000376,46.95305898139291,1.2567851674145987,0.40486394072083237,1
2826,113.52052758127746,22.889227833193726,50.84980506357277,-2.0536377894843256,0.4159441562656029,0
2827,111.23445857767359,22.68045933185166,49.85736421897036,-1.2154712357959045,0.3988902532737484,0
2828,104.68997995316984,27.717044609227965,52.48590040608413,2.232706245184763,0.42532792276483855,1
2829,109.75724638529043,22.891180005986175,52.34450302596968,2.5397062373460844,0.7390742146362265,0
2830,103.16746489815974,18.31745406576509,51.1395667010688,2.1226690904520815,0.3953831778564243,0
2831,96.4806420658664,18.696760066693095,50.596855798965635,3.327970355380286,0.8812431408082855,0
2832,100.37767005935223,28.274928500299445,51.0167373534439,0.8660524473207949,0.6049979408814605,1
2833,112.81444384254098,29.527209720150253,50.12354174275309,0.7606250442456461,0.40193167333451063,0
2834,103.63003459085348,26.26091203746849,49.87760851778419,,0.5653188472099345,1
2835,103.78308010312492,22.37241952920096,52.885156344504885,,0.3814221951673508,0
2836,103.5008090186256,29.263203789536732,53.12577963935635,-2.9823913834643276,0.28039804253876693,1
2837,114.52068294786504,25.95363703650883,49.716681604595585,-0.4822290185515601,0.29579151779549634,0
2838,113.12979457681031,28.13200259039205,50.475272806021486,-3.087789133249872,0.25921425334819914,1
2839,116.09390116724067,27.19022764844411,50.16331044954555,,0.506455585624931,1
2840,104.20477394799974,22.54967178927111,46.776603116125614,0.5825983028256789,0.6109445237038048,0
2841,106.47812244373547,23.744426410209428,49.327128844775984,-3.039253869594135,0.46475669313321893,1
2842,97.41678725289604,20.233585852417193,53.1994084020962,-0.2847955382452231,0.36168134522331447,0
2843,112.38467213059137,21.504169205288807,48.500448249936376,,0.6746281686119253,0
2844,99.16110224366032,27.33750793543826,54.229086924602605,-0.1884992262536155,0.30654957336156874,0
2845,106.08387781881315,28.7277407025973,52.34425261917877,-1.4975564154569887,0.45255665671601975,1
2846,99.51348736183579,26.693525079016943,50.80299630109242,,0.5822953478761989,1
2847,102.05566586630653,23.58208435987966,51.12168657195284,-2.633469918665833,0.19034526118628856,0
2848,100.8136878447515,19.03811122727697,48.16558660732995,,0.4387018433725168,0
2849,101.96062369662091,18.683375384381378,49.4695424955506,-0.6508089334871171,0.5401870747830063,0
2850,102.3043864842551,22.491906775354245,52.88279822064352,-0.5264912123991579,0.5581948868770582,0
2851,102.25865602537462,23.565860625211958,48.770941321652934,-0.6446199951659538,0.37365732573430177,0
2852,109.16666955890153,25.30944746655956,52.1222635138976,-0.21035992419711558,0.6368401773259538,0
2853,99.4756860346874,18.077874256643966,47.245919621125886,,0.3264049318500041,0
2854,106.10270713506934,29.876674685595674,47.60368317504998,,0.6910546352870033,0
2855,111.0897957615278,22.367266600848517,53.802769331172634,,0.44016220052234034,0
2856,102.43401817743302,28.17713596561346,49.97632570751935,-1.1337636870618806,0.5704333208506089,0
2857,101.41040554626198,24.419600467984854,48.92300022601132,1.5162415464976857,0.6128948899514304,0
2858,103.84737687409874,19.565273454400156,52.725481653997925,,0.5939117854148221,0
2859,110.89862604180355,27.57078663041426,52.49164310992701,1.028522769302074,0.6224393911230274,0
2860,105.97053815476679,26.517924899038512,51.841509130514474,3.2255825892268293,0.7757577837246808,1
2861,102.343928526962,24.329233019150735,48.86020416117579,,0.49224316921141953,0
2862,107.4193832559402,24.174637096005362,49.42616484812465,0.03219039003746655,0.41161913599332844,0
2863,99.48853925081788,19.049755269011136,50.62325764744946,-0.3964814337755108,0.4722820156109248,0
2864,108.40679755221474,25.87018738288649,51.38879868429447,-0.6651212210882208,0.39999515582149564,0
2865,107.04303653850884,28.9349418690516,48.983032851962925,,0.3639984771617095,1
2866,103.46095764430558,19.1189390306563,50.34147422124139,0.12609721679377844,0.6717825848197297,0
2867,100.80707100776385,21.162137407786858,50.53478260159481,0.5325729098942344,0.5889014345703463,0
2868,100.56659538858271,28.827695681305187,52.57353951275051,,0.5884815236627586,0
2869,107.67408668172955,21.41212691783752,51.508931657870235,0.09654574030061713,0.6120916412571434,0
2870,111.14490251244531,25.847324066159118,46.986396710329416,1.3892562072299728,0.631213859638038,1
2871,101.81346126485603,24.417817979317732,49.57273938302923,0.04415503611358068,0.6889155012890565,0
2872,107.29193351775743,25.155931260046344,48.142433260033165,-0.6139528323509426,0.2598379255511744,0
2873,94.56486490698965,22.98946681892704,51.136174841223344,-1.3904822729617767,0.3307166251722334,0
2874,102.076911346714,21.599897646644532,51.846306701010086,-2.323462817366893,0.31375967431433827,0
2875,104.84470533564549,18.582401408756027,50.20311197122049,,0.4719594905981467,0
2876,100.45158291509082,26.93137127152997,49.4637459387443,-1.0485819382309962,0.4588631802205795,0
2877,100.31746812605202,26.95312154633072,50.138339586071965,-1.3885007149309394,0.44656823379644955,1
2878,101.66110221765557,26.04870888094468,50.41783854695551,-0.6263073424904595,0.6662182567373649,0
2879,106.46096364163186,25.723605457435447,48.71980069656619,-0.4175831798006945,0.569499755195236,0
2880,104.06335490796813,20.924605586010316,47.56257779846127,2.4577686538541603,0.5721357895439004,0
2881,93.80884383337514,18.268139205195496,45.89972191488929,-0.49222065463675635,0.5248249153179035,0
2882,94.39649923682467,27.704584762625277,52.53436426347777,3.950075348102465,0.5148057553622589,1
2883,101.96567411071412,23.893662428349923,50.99273248726993,0.09554580697977377,0.5190028129985955,0
2884,107.28843293026776,21.68205756843142,50.72502202268834,,0.6631558501340415,0
2885,91.26247578637383,19.223182881366842,52.5303977759059,,0.47683495637080725,0
2886,102.50134911924185,18.75265909081666,47.489063980615164,0.5415561297671427,0.5069580696154616,0
2887,102.3687607174129,22.186400661542127,46.52873824828996,2.366772199856231,0.5490848610651599,0
2888,111.94168889104223,27.656844777203286,50.76846383303818,1.6833446909104495,0.4909127027232963,1
2889,103.07489094143568,29.024684992005966,50.58654275088686,,0.6150508453667443,0
2890,106.91494492370464,28.761016375356775,46.537386380654496,,0.7772106701143773,1
2891,105.70628570043732,29.040010016995858,50.719042124280946,-0.7475890679304343,0.5136201007016262,0
2892,94.347167600964,28.892704117552114,49.19955409520087,,0.38157100736091176,1
2893,108.84103608315868,24.32669701920475,48.38582388052484,-1.0143461127179307,0.38302733470423495,0
2894,106.07698252728144,20.632987662682847,49.33315258343517,2.628409785125332,0.5907204909876234,0
2895,107.54134319837294,27.576558994041847,45.11694285816306,2.176140031629144,0.586806212162588,1
2896,124.63118853218162,20.564555698230947,48.817251553216124,,0.37339633171979203,0
2897,94.57943530250705,21.20648732107883,48.59141086103159,,0.4287835521480622,0
2898,113.62348324880554,20.79905186187058,51.114204893872284,,0.46433424913255406,0
2899,103.56276240299822,24.17978884434967,49.683539726978225,,0.5004932618534952,0
2900,106.43664452201504,21.86193009802896,51.27773774735776,-0.7409039572341809,0.32296271789773207,0
2901,104.77243877349379,19.8498725955041,44.90092131052664,-1.5816135716188775,0.3520852722862572,0
2902,102.87881833300978,23.43808094272659,48.3218035548579,-2.414307115468535,0.46522398394183007,0
2903,102.1508353588062,28.486886865422004,51.11199410314289,2.824806552496352,0.7285949252665538,1
2904,106.64754367786504,24.846634259399664,49.38227073885369,-1.0255023059151274,0.3284718902233593,0
2905,97.4141315166416,28.540027270651045,51.690921065948736,,0.636256972844182,1
2906,108.75289583760883,20.35046622094965,46.39079418122155,-0.3320563647702858,0.5163286096166669,0
2907,102.91902797557373,20.00368648407065,51.46222167937895,,0.3443683467882552,0
2908,99.34965330479821,24.906925508381043,48.72172156442992,0.7636025848935044,0.5738799285476303,0
2909,102.74993571002094,23.559946818555275,48.52760583123465,-0.586585285399394,0.3126255657609102,0
2910,111.28574608431286,25.92207169976348,51.982094093854904,-0.310651658494871,0.39177823177819304,0
2911,102.32332456491889,27.53552149232138,52.32380225991301,0.21735890150965204,0.5707637396410984,0
2912,106.7922680910481,27.01568754782612,52.06939939217456,-1.2183192536230336,0.4420340631888772,1
2913,101.34521862142263,29.30713408390273,54.077283850096535,,0.38655680619950483,1
2914,108.7896092496181,22.77907690988414,52.533607216886665,-0.07690442210150672,0.47864651041636214,0
2915,108.42753869395102,20.47664090697817,48.4091268325354,1.4458765539507534,0.6259840858507794,0
2916,114.24304416648206,24.61095167937463,50.2832762562713,-1.3523868883676329,0.4908903449229198,0
2917,104.12218027250393,19.328917442294227,49.27960418303013,0.23094339939845282,0.5906969812455206,0
2918,108.34327402378953,21.466213479979576,54.058179719898135,2.2582607228237954,0.6254799561673741,0
2919,105.49033769769473,20.494656663157734,52.20973990939742,-0.1346473309107717,0.4544264494114084,0
2920,111.47935890931507,22.75876460156497,49.62223972657309,0.12914155769378843,0.45075543693272374,0
2921,101.40583806195635,19.334598900026585,51.755819595506004,0.08281853040057918,0.3984562607143998,0
2922,108.72502656438641,18.382100934577174,47.53560306737379,,0.4085451859211684,0
2923,104.0265135194166,25.88152805556038,50.50052347529095,-1.490031777650064,0.36485997881321375,0
2924,104.67905911445752,25.322987739477657,48.12415501479383,-1.4838935539816118,0.5859631977267027,0
2925,105.45876242224186,26.500307232463932,46.622815598745184,0.5522747955109099,0.4229199806574451,0
2926,106.26120198213339,25.92463728325613,51.56907247505967,,0.6605766388932954,0
2927,104.4188547843902,19.371536173708602,51.8171821903751,,0.5336073735503568,0
2928,106.07356591585263,21.492946576507755,50.91442527242397,-0.5678142806331938,0.45096199055928937,0
2929,112.89059028781092,19.55431931880423,49.634065918866995,1.6399628113959697,0.6221169496309377,0
2930,109.9272484280761,28.11566882458276,47.46728269030718,,0.3811985312509712,0
2931,109.34577296248449,26.96284386426628,47.67730625856551,0.10611333268652859,0.4253081598063119,0
2932,102.72230236988065,20.41832403501891,48.061440040522406,-5.009034993905377,0.12543437230960258,0
2933,100.55379585885838,22.09571088587872,49.532653416550154,-1.2261144174095748,0.40066844884516695,0
2934,109.77650279118876,29.599379907170572,52.15235746720983,-2.2816468533559133,0.2949981431542194,1
2935,109.38023396264897,25.129912294555815,52.1208084221573,0.9406102605961641,0.6787448307603875,0
2936,112.36335337875491,27.613867167613886,46.70286480077424,,0.4487931524946763,1
2937,101.98009687015386,21.17509241722475,48.613533326566106,-1.6079795795776635,0.1817514369982712,0
2938,103.85225672319827,20.520635042151664,48.55967796085632,,0.4893839128252705,0
2939,96.80257918737283,27.40700314615858,44.93683374299751,-2.135238549309521,0.4739836147272022,1
2940,103.03764446969564,26.230469462777283,51.13224189389982,-1.5656446474013763,0.5847446127755497,1
2941,109.98285255289724,26.171735150541164,49.50768035136296,-1.0653319962974104,0.4237840781565255,0
2942,102.66752310385901,24.631614981950328,49.77371492673805,0.8102044827672976,0.4888202173347099,1
2943,108.20239897600412,24.762940113318585,52.69174211675128,,0.6035129297802401,0
2944,104.04748447001094,26.828370063675045,50.17661802656871,-0.8790126725159022,0.4975549803277153,0
2945,106.6202851411078,21.240029773454342,49.138539070067964,1.9836879624124157,0.4862959974000078,0
2946,99.26154305092166,22.23322159028347,51.14415524200989,0.07110532591719035,0.479110230147411,0
2947,105.42604724816951,28.45964124624066,52.11774369315113,,0.5127569057008707,0
2948,90.04432014549639,21.706382412145892,50.592935132098454,,0.4997949837597145,0
2949,104.06551920919007,24.55571485655159,51.3783791973963,-0.29597063007909813,0.4707471700261719,0
2950,96.84763378142429,26.431673568080207,49.70886470051423,0.6589500551083874,0.439369302205834,0
2951,111.02997258273408,29.999097921998118,49.83628450728067,1.110481779273067,0.5893983548073537,0
2952,108.88703676382255,23.223495977943983,50.22604142059766,-1.32691695545378,0.4291968756224904,0
2953,107.3333549098304,23.137114519499328,48.49375809913467,-0.28395070435425945,0.4811020097727341,0
2954,112.6050311357969,28.11106055320401,48.8638767712608,,0.5169428177028123,1
2955,100.25541739587581,27.66603733511836,52.75575928363695,0.26578298147778484,0.5773079313229205,0
2956,113.73681598957779,26.77291058081458,54.015912191724645,0.43004078164372284,0.4267085101304109,0
2957,109.66095782130192,23.558755648908345,53.18439582807636,,0.7491889304922964,0
2958,103.81722356390527,21.887269441928588,47.353485286462906,-0.7518667489269928,0.3444812055697212,0
2959,110.67810073591473,25.304765791018184,47.16028493083005,-0.05094093285187777,0.5736745477094239,0
2960,99.46853243794183,28.51467951757969,47.618581136109675,,0.3704450397904192,1
2961,100.87742919236163,28.60532949850304,50.268774883758965,,0.36708699513967324,1
2962,101.9570513838015,19.30198014084526,44.382550815284674,-3.5477149402581203,0.2671375435529516,0
2963,102.35511145967992,23.14020340575781,48.822396866761,-1.10500318634306,0.21877978340210896,0
2964,99.71721178619873,23.576663474384993,52.81419857832223,-1.4975479595239123,0.4980949170818806,0
2965,111.11541533547663,29.731384410285038,51.96487766145781,,0.4885327713344606,0
2966,103.70572799815085,26.135976182911016,48.98181069885298,-1.384009164890202,0.5709026045606052,1
2967,106.7625248417844,22.886957007144847,49.13328911765873,0.9961582492648628,0.5330885726607165,0
2968,102.1482431679316,18.312694631827117,51.13448341361381,0.2586155115733517,0.5372458003453287,0
2969,95.89698349725741,24.78462192119035,51.8705375104884,,0.5398698080266545,0
2970,106.35028679195712,19.152911707660273,48.93372546452048,1.429511936060352,0.4840825424053859,0
2971,95.43872512290112,28.013399488173157,49.53126795656112,1.018629027623773,0.5102540162938165,0
2972,104.65682976957265,27.030223926844343,48.867980542959955,,0.35442045614257,0
2973,98.15842480583595,23.526109918898143,47.337301117249574,0.15641630813493465,0.5465626744373674,1
2974,114.93637999615405,23.150529354500396,49.560512503956375,,0.4346497154407473,0
2975,109.5568136108736,28.768067586825225,49.408144919582476,,0.38762009246240214,1
2976,105.5287689563574,21.46150020501754,47.47871176802269,1.430681770631573,0.8539071159594676,0
2977,111.31853338827334,20.98823954528125,51.29216187527546,-0.12609694090394588,0.4533901740693574,0
2978,100.76842011267132,29.270369193909147,50.96664135725178,-2.253917946186919,0.4186799818846333,1
2979,107.71739689335047,27.71095004104179,51.39143940169015,,0.5348576801764804,0
2980,105.99905216859356,27.847507116806334,48.463859289071266,-0.33592337643412185,0.5989632568419293,0
2981,106.32010040666835,20.342325771311106,46.032848643770706,-3.0897059589313187,0.3693605353812238,0
2982,111.36176750053384,19.719551897171215,50.9346622592913,,0.3698280334458502,0
2983,108.662460513899,18.31235459780562,48.671774570740574,-1.0509167379916444,0.6767058204800874,0
2984,106.44361831412512,20.84449810702416,48.2186637335086,0.315768087665829,0.4298199398587665,0
2985,96.72556281885852,27.290285900571895,47.48589385071311,,0.5397175815543491,0
2986,100.19976852360269,20.880461025169797,49.44935494382569,1.130653396046335,0.6481809131449667,0
2987,104.38645533202138,26.749239403138514,53.15465459410095,0.9042944323954538,0.4634013229950885,0
2988,105.46686187138326,21.02289918440906,48.98910095728897,-0.051543557537968736,0.5739840313166417,0
2989,99.34898137663038,22.74350997540806,47.82039391166613,,0.5812202750779398,0
2990,117.05838337789211,29.7979474789369,51.30386680206006,1.0498068659998294,0.6528139694144963,0
2991,112.58197027626787,20.937740775409626,50.34562455954257,,0.6143590549776972,0
2992,108.01059160196242,22.51644752757921,45.76139726462358,0.8498821585955405,0.533485755130625,0
2993,105.36018430641873,21.613046165582563,51.32469263950657,-0.5985525047334046,0.3700250498430403,0
2994,103.93895515049424,19.315499835960026,54.2569355370032,-0.08586540155243123,0.4565591647459494,0
2995,100.24040769988882,23.8787297055699,44.79892814514195,-3.1229310593273425,0.3423718177875833,0
2996,105.38740259259431,22.544287959996026,47.52858795195575,-0.5801214937164033,0.5598210464836831,0
2997,106.28876270071375,26.338645029687363,44.302945822696785,2.6398320236501607,0.6640496089436511,1
2998,98.79119712259188,27.811134563418555,49.84939115851833,0.2225629159306441,0.5649188999963187,0
2999,106.67088208622448,24.53099657394766,51.98077247322271,,0.5429383742499705,1
3000,104.22370475587626,18.386357065048042,50.211001499592555,1.4979061427239213,0.6595172086399802,0
3001,95.46096221061305,25.42706827481666,52.78399139622534,0.536738123433566,0.5067958079195611,0
3002,100.6980749461025,18.66468876025127,51.66110058066027,,0.457502710738154,0
3003,102.93197233289177,25.3962758831883,53.404294647004356,0.035486268285485414,0.504611819620906,0
3004,114.43843828670096,26.22035939123026,52.32042153621419,-1.7028286870177718,0.37106300209438625,1
3005,107.78276562266879,20.37321153141022,49.19411386278099,0.27541825593042557,0.6149416435845247,0
3006,98.32259215450054,27.83215378466125,50.13345291246968,-1.2566249286059115,0.5362329509716548,1
3007,107.43018144708819,28.933021578888585,48.26264616903806,,0.6902009763008308,1
3008,97.26348005530818,27.757043569365834,49.538687662263904,-0.7653609326569926,0.38536200777350704,0
3009,110.41345526943536,21.661310282544985,50.12366334403624,-1.2370558637018174,0.47322812192266217,0
3010,102.6443767409106,25.039716149347612,49.83018535292929,-0.1692479824672179,0.6007743053183484,0
3011,104.53181905630414,28.977781790294735,52.68450705260722,0.5480877286945698,0.6776940287601521,0
3012,111.62898323771095,21.8479767146742,49.339663874986336,,0.2585869420496544,0
3013,98.56418215707875,27.8403338671851,48.135827172885286,-0.7818998959853799,0.4606163871867747,0
3014,98.01440907443504,18.113701575140357,48.260777930193626,,0.4889655505435756,0
3015,102.08200336826998,18.043760433416114,51.31020054324506,2.007552824304791,0.7594616981562594,0
3016,110.19189425509659,27.11653992406761,47.193723183822,-3.7930736464406625,0.08941133587070119,1
3017,97.4032696226158,27.137370985525454,49.59762765969816,0.9227448055248569,0.4414055775399141,0
3018,90.83922200944716,27.467726254227525,52.655000490910844,-0.5753483466091611,0.6145358446791788,0
3019,102.744205707955,29.160322054657946,50.58519689148166,-0.7419155203435022,0.4159322334618807,0
3020,107.7587039995546,19.41487574184341,49.85078922176249,,0.3187694900205146,0
3021,111.00130874869414,20.78381981980426,49.92817919272314,-0.5458433754513843,0.6239115453806463,0
3022,102.68419318957301,28.84469904448569,47.94087081554565,0.9312258013679917,0.40337982034585584,0
3023,102.94286696441999,20.12683437326824,48.28573057913092,-0.8051797067329127,0.5619446202289792,0
3024,110.76950367127874,26.186751210919006,49.60963665417084,,0.4683687882351419,1
3025,95.65129150152289,24.365556000489782,50.542546060218584,0.9358001764386069,0.4025368778148926,0
3026,103.05739612408496,18.998324122218087,51.89630002360422,0.29695818772930577,0.534862041684423,0
3027,105.95211944962529,21.423163943298395,50.18512123434287,,0.40271488614071044,0
3028,107.24609360642518,24.244466597291613,52.7055483515085,,0.6164725719632869,0
3029,102.45096653404559,28.22820140020601,53.21039603041905,2.0040295301374726,0.7804059673353723,1
3030,105.1722050585292,26.490461875376084,51.59053442496441,,0.39739494987956814,1
3031,92.55836323293505,25.462597937459197,52.44996281611177,-1.052847158098635,0.6101363741344664,0
3032,101.70875793833076,23.95239467929698,48.01857295722381,0.9519453095880409,0.5800264409114781,0
3033,107.26754356277233,21.584207805769612,47.701602130623876,1.4050214166660335,0.6658383132757053,0
3034,100.0885298287266,19.430938935831133,51.03594675258033,-0.4505108224639026,0.24215117614812434,0
3035,105.29492110794799,22.908912414793146,47.31758037626591,-1.1136672895687547,0.5079471051564471,0
3036,107.23436250401349,18.342221926935512,49.419256311968134,0.11791893894981648,0.5541723054940803,0
3037,103.28725399571117,20.532670671202208,51.54238381065948,2.2150401461189766,0.5747450821073733,0
3038,105.85231885498285,23.18980051047192,52.82674584937041,0.06155139007821325,0.6926306601254363,0
3039,100.18633717357694,23.023262228062983,49.491568699423865,-1.8959111547376968,0.35588360383113504,0
3040,103.96694360151977,18.53154517196391,48.70011140938462,,0.34733131988277355,0
3041,108.05108084794611,25.068721842303496,50.64092324302317,,0.6369018097169132,0
3042,105.78486480484217,24.596211070238834,47.85291311295222,-0.15206596702463715,0.35002907040526954,0
3043,102.06734365218033,18.937251648250953,49.65344270341315,,0.6020211916676772,0
3044,106.12108202145396,29.31795662952527,49.98399990344744,1.2987735532762286,0.6989251039555198,1
3045,108.57304895318309,19.192593347410323,49.94403201465841,-0.09263838554453267,0.5452159121827738,0
3046,94.75029360711261,28.258009814848034,50.17700694763576,,0.4784969832690164,0
3047,110.79537032477948,18.00371678298007,48.33097028885572,-2.7626395577748357,0.3267553976127686,0
3048,103.31872630659464,28.5873731405446,48.546014014763166,1.8153400873682446,0.7173012672348101,1
3049,107.12744966620116,18.23663678645175,48.50576747793476,,0.353294701160624,0
3050,110.98623461822613,27.093744382705392,46.75981132160989,-0.5999351089145233,0.5475087518290733,0
3051,98.14163151384767,22.340289735603037,50.683660643692214,,0.6781218567702139,0
3052,101.45279498786226,26.85860160163584,51.78931490338401,0.6850463437351441,0.588595992678829,0
3053,103.55725652062148,22.82094246509974,51.592620165707075,-1.6930395011439887,0.39154618702428245,0
3054,101.08123239437786,18.8508950679821,49.47500627907849,-1.4762591725688161,0.41018050101704107,0
3055,113.67468287918405,27.21008034474437,48.37798952107222,,0.4480225795110985,0
3056,100.71613953086603,18.85503222385638,51.48862928472538,,0.3879069935398314,0
3057,102.22226610256567,29.065445231534618,51.277846044749104,0.5028503600596228,0.5369200877489203,0
3058,106.02194515801489,18.611688429499935,50.43484128487259,-0.8848339190492741,0.523706757446869,0
3059,98.98925236961955,23.751903333258184,53.488622504846546,,0.7807050690547076,0
3060,103.02159644121868,26.67641317020955,49.947148957265874,1.0401862601766065,0.3563553155500076,0
3061,106.58726630625088,22.718957577504455,49.48622003215022,,0.3071618069532601,1
3062,103.33569797808744,20.606801695109215,49.2003653378508,-0.9074426307319622,0.6176358116727535,0
3063,104.53306570550026,27.109091536752324,46.87824458703839,3.6085195116591726,0.6861396516413014,1
3064,102.35333943775815,27.411536457464717,51.322679928284586,-0.6585165214114919,0.47802505021491093,0
3065,97.42764845409616,29.07233980745241,49.78902926568445,-1.0707154159351746,0.4965938080670864,0
3066,106.6079660566962,22.51398132517293,51.01986248271359,,0.5343197265899445,0
3067,113.7746653582362,24.075020813967924,53.68375600418248,0.2928421994104967,0.7121577688684764,0
3068,105.09200815391719,22.357541314152865,49.218496460190764,-1.2275764638617668,0.4878040485692397,0
3069,106.12632058623775,21.084981862216416,45.323982566416895,3.293770743132871,0.619928515416566,0
3070,108.46361377558429,27.0123955384513,50.96214073902154,1.4633992472892567,0.5373517018606552,1
3071,98.65334751726651,22.075822140203464,50.33371877978535,0.006007951901908391,0.4859472941464081,0
3072,113.51257329064802,23.137793303908225,48.53509224805736,3.601665196624892,0.6023726786564938,0
3073,106.01164398211401,22.844083891488335,50.794532671243,1.2161702164323789,0.7297572478687567,0
3074,113.15928449544555,26.55193470776095,51.57219264020875,-0.017851454689339935,0.5115032678809911,0
3075,101.33483502238005,29.013547513328156,48.10678017957691,3.422156467765391,0.5540577633654054,1
3076,114.09030961278913,26.001072735688528,49.39733627719323,0.9884771002113097,0.5899440614336402,0
3077,108.87577747017392,23.658991153130792,52.95350745969785,0.9228678934805545,0.6900476931319505,0
3078,107.7652004292618,27.3504613768666,48.55675561754127,-0.5795214407407534,0.5771055653351952,0
3079,106.17012227176573,25.69165588946565,50.13333951082757,0.07412022854947062,0.4277249628766625,0
3080,103.75735690962776,18.72732428541376,44.75117766791223,-0.6160394937963225,0.3582908956963221,0
3081,111.00265829236936,19.1479630370261,47.03630899783741,2.159603619062179,0.7507124094709126,0
3082,105.70179934924023,18.4550033288836,50.3150349946656,,0.2168629034628658,0
3083,95.16465148206424,23.48179591447584,52.4559756191712,,0.6395320384051368,0
3084,99.414067691465,27.91024121206758,47.275940635998,-1.3160137930469151,0.3773467806683579,1
3085,104.07077123903626,21.756998032216224,50.14912812412099,-0.08688180474526827,0.6270202143497335,0
3086,106.54999491582778,22.609922197109782,49.24856418189257,,0.3723853481334066,0
3087,104.71705755550052,28.91372530041469,51.90617610998499,-0.7802287297428103,0.3813416695357437,0
3088,111.09485394896832,28.042841343799857,47.56439338935483,1.0346762222032397,0.6134366607971125,1
3089,95.24449067980687,25.98057734859072,50.86015529673497,-0.007783819993213433,0.5791623954280197,0
3090,105.7179396825258,21.201645385107014,48.69261862600749,-1.0015481402233295,0.5858822730392967,0
3091,95.91010387306423,19.40449779226132,50.44607604965295,,0.5588423784402962,0
3092,108.79856147742085,18.192705872161365,50.13786210461694,-1.0441300899997643,0.482741956261279,0
3093,104.52770642778998,19.28412807125305,49.49644185171476,-0.806663248502133,0.5645784515042818,0
3094,107.0980498601206,21.511157323487314,50.95562369253877,-2.2458946335582084,0.2506443405165106,0
3095,100.68058519705117,24.621480762953947,50.08730546860592,-0.6754634902271447,0.3782616856525476,0
3096,111.39732465828875,18.768000993028643,49.73438739584661,,0.4083856845411485,0
3097,110.20862332029425,19.634733339821388,49.287166931954516,,0.23421554804231448,0
3098,107.91772151505944,20.17296842769529,50.15519677949067,2.722595503459714,0.7203455489281106,0
3099,104.3524137656828,25.583785115799675,50.444087096292144,3.919226210581958,0.8389298220688476,0
3100,107.89928642647565,25.389477587761494,48.021715839838755,,0.5207831167136333,0
3101,101.46553716006325,24.609188716465837,49.301057524165245,-1.2499766365564327,0.4755085822221436,0
3102,109.27777829510356,21.006017096351275,47.889628110737654,,0.5932324848178563,0
3103,113.2474044716196,22.453436294624783,49.92030915443843,0.5028123630488182,0.5306550027495222,0
3104,110.35305279989593,19.160276596052917,48.815335590291944,1.70381141552246,0.7547129139538472,0
3105,101.35198765096295,20.717527245096658,51.54156629596251,0.5982460968067639,0.6848308014282969,0
3106,106.80708658636551,28.772462717670965,51.34545395551338,-0.29153677001366196,0.4269201038640234,0
3107,98.53429228120676,29.75630095722994,48.15450287287126,-0.2830275723281684,0.596728855648618,0
3108,107.86195155587838,25.771915027683537,49.99538530920305,0.6491651675490756,0.6554010053306832,0
3109,107.2530170643127,29.001879504281042,51.27703315849673,-0.31667084357228936,0.5492057907959492,0
3110,95.65091830233918,25.7129028048171,49.649383359671944,,0.6302206645181289,0
3111,99.19108078043818,18.39835783326564,48.54356495038891,,0.43765200238623403,0
3112,103.58430551628116,29.961151019836908,47.81519294391041,,0.4428593365476732,1
3113,103.49570126429587,19.18742762023842,51.70853512315672,-2.810101121874055,0.20242660934223358,0
3114,98.95261532290597,26.191701617340726,51.80542629656994,0.21765342954183312,0.5892118102581276,0
3115,106.94489364676092,21.034034436897482,49.5841048022519,,0.3651338668604043,0
3116,106.25736804470256,22.703773354883523,51.53227516905336,-2.2745335554767716,0.24734478559029338,0
3117,104.02865434010741,25.75121021761126,44.06957894022932,-3.090029125018106,0.13795149338016124,0
3118,101.22104249920818,23.237848191692485,52.65510930141847,,0.3701156935689059,0
3119,110.24353563208282,21.00655270717354,49.686110389445645,0.06852648984050903,0.5408599421632784,0
3120,113.27703556544148,22.013354242539897,50.28355312159898,,0.5003282716729106,0
3121,102.58219258076731,22.098577403078117,49.35896455266806,-1.5614233517567673,0.5069883431680718,0
3122,101.9391654142259,29.511886854098563,52.79141496373501,2.0284216243835784,0.5622712138998496,1
3123,107.45603832705999,27.583356191081414,47.878536752088934,-1.8482770168928426,0.41831406044720376,1
3124,103.20985310126507,23.502585257752802,52.94892065321367,1.01867599732417,0.6355156053885402,0
3125,104.30301399668383,20.39785104409637,50.79254184189022,,0.4797230273539603,0
3126,108.69826575862336,27.732193323151872,51.24532843183631,-1.684208899737842,0.35730264441228055,1
3127,95.45321956246353,19.88618965930048,49.34159087334217,,0.48467660064645457,1
3128,111.59151162426335,20.52554660570404,47.38356160420726,0.9298740708061671,0.34807056270758147,1
3129,105.36340262164671,22.392160702081814,51.861021531072204,,0.3971523737422374,0
3130,102.9425342771891,28.56417835022388,50.622816702378664,0.4311828907600522,0.45971894346450387,0
3131,104.55382922889275,19.581440023609325,52.72324691661763,-1.4411399965070797,0.5798006714730518,0
3132,104.81214677510259,19.466810314254314,49.612447359568606,-1.1711503053690775,0.3437200732208127,0
3133,96.34399348277537,23.927699859663193,49.16153724220217,0.6009623835615975,0.5417159777192642,0
3134,112.47469113726618,21.316926493124097,52.77617647328061,3.2602242449167163,0.6201279370820469,0
3135,105.2066281613531,24.82473529977792,53.82378832899489,,0.3758512178021538,0
3136,107.21501065223687,23.41964021619868,50.01869435273146,1.0798208754855019,0.591724231326424,0
3137,109.75774885287021,23.219509276214602,48.494485006285785,-0.46906856584943996,0.4347262390770397,1
3138,99.8941877121985,19.34367564584392,51.6210615255791,,0.6495932913554335,0
3139,107.36735949517615,19.692596282998082,49.49195886765865,,0.3828939097926636,0
3140,103.66179454550603,27.8529429293622,51.1985256508016,-1.2652842162898352,0.4998528684017195,1
3141,109.23385387608246,28.630592850860932,49.481448051242495,-1.7311698401921327,0.4049620320247836,1
3142,94.36386289824253,20.816202394623,53.12802803642363,,0.5294816000818579,0
3143,104.50452849879366,19.36152601829723,48.6010209898986,,0.6498210355294806,0
3144,101.9858967210802,18.64100006321413,50.96105932504392,,0.6560248779455959,0
3145,107.16131475317077,25.29957136490276,49.02259605953575,,0.4209810015179882,0
3146,107.35022093684101,26.584238550002468,49.43698687715846,-0.9229995659533766,0.553983018673133,0
3147,101.46187052588986,22.473719870438465,49.17588869047885,1.4693973623652132,0.5781100711634285,0
3148,101.43913067911978,26.156110409887674,51.47721613218683,2.3716653268629,0.515172296313833,1
3149,104.44667315721335,26.555505786714313,51.83672622986774,,0.5082389582214687,0
3150,100.51678886342395,29.224107376762866,51.115477657864744,-0.8687588011616898,0.5718546553908448,0
3151,109.20991847726063,18.778483654021286,49.78403306650946,2.469028259052928,0.58238329012982,0
3152,103.15396399776277,20.307500678772957,50.28036006200318,-0.1118903777327522,0.3861251204223843,0
3153,90.46505890339179,18.822311851163857,51.79544313691885,,0.5165098059750958,0
3154,103.12588971689097,28.415927200033327,51.85862317441521,-1.1623988072625493,0.475541211717128,0
3155,99.80728089578014,27.51104592040282,44.61944873729293,-1.7925275204832827,0.33328625510002885,1
3156,96.84362092269527,24.89570484746207,49.45555565645461,4.2503706441848985,0.6892127679253315,0
3157,98.81286680888714,19.003960920614198,49.55148241712103,2.1314367981908844,0.5884047471380245,0
3158,105.54704235916485,21.279748303844634,51.33850512825232,,0.4514161948547841,0
3159,111.64320414124116,21.572638176702203,49.866458364578506,2.5977388900828746,0.6945435154860651,0
3160,106.5659223693249,24.728918352185005,51.43836676189857,0.7999532601047266,0.49947733648476933,0
3161,101.9674830589213,21.096526728440587,47.842678457938895,,0.6053825295354903,0
3162,107.27952097585352,18.875518366955458,50.52010903092156,-1.076875545174043,0.3928072966982062,0
3163,102.70454844890504,26.769147622239593,51.80041130690099,,0.6280712029437545,0
3164,101.52699815418427,21.588962539864937,47.0512342613637,-0.06363605187486113,0.6656035759493651,0
3165,99.22818665883509,23.428490124279605,55.02728693641781,-2.948323491660184,0.26694319295289376,0
3166,96.24085596624141,19.531999619787666,52.381771865733036,-0.7302302150986042,0.34093828309648566,0
3167,103.05038146720277,27.630579640734958,50.002706604931284,0.006734446850140404,0.5981575037257394,0
3168,105.79026744960066,24.78638252308869,48.34318378552246,,0.6240022649635248,0
3169,104.51688164992555,28.819027514518353,49.64982969945259,,0.5089257547550252,0
3170,102.92016536026321,23.945658756784,50.16760471922268,1.2182071666717098,0.4954348386139072,0
3171,100.2712696965161,29.297108061814555,50.881325113624094,-3.0907407301067527,0.33221756487903575,1
3172,108.04123095842485,28.702418452575913,53.00132169892006,1.7505452632091025,0.5530438458794165,1
3173,98.41434040026708,24.91751827751081,49.04780306111431,-1.3505204506676467,0.46289407602176513,0
3174,108.88013956921738,29.20672125779836,51.125419675145125,,0.38519847118123735,0
3175,99.98891490536637,21.87706496753463,47.41514167479978,0.6095146787688284,0.5205422893360272,0
3176,101.23782381323483,22.38770595245054,49.17279857134947,0.3152693360337893,0.3901856233175112,0
3177,97.66607404692161,18.545735415672443,50.753433695738714,-0.16016963798094783,0.4404351403908784,0
3178,102.49298926557182,25.070410881166236,51.38252498201761,-1.8622744280599346,0.3971514973699791,1
3179,109.87656229238989,26.6630876391472,48.49353504667076,-1.3343113774342392,0.4840278041060401,1
3180,107.57814044221978,27.28223028290524,49.11841660797617,1.4946479148324059,0.6337644209091554,1
3181,109.89211056014018,19.79779543255324,52.921113271167094,-0.8960661881901204,0.5312881723065802,0
3182,107.61071272966969,23.329908867750003,52.32381723925609,-0.15494339004523833,0.34397382421335415,0
3183,99.48165085734816,20.12235854512699,50.41691443410473,,0.5145021703305463,0
3184,103.34605387836221,25.945528186250986,45.52670969355857,1.2878600422873887,0.49991305686530585,0
3185,101.09900435441268,19.895356469061216,55.022265095380014,-1.9792245602101348,0.3438596121722437,0
3186,111.6528745201952,28.8499642074729,49.96013687668551,1.3739442129031607,0.595571965501879,1
3187,99.01605676786845,20.76761574793696,49.37486588395735,-1.5940676409651533,0.38659647251572155,0
3188,109.46848844694556,21.496827195458938,48.95528014829177,1.5217620454916623,0.6122706842460828,0
3189,109.46476935054385,28.210875865811996,50.75273407439822,,0.5555037252486599,0
3190,114.14810100858044,23.501611321748683,50.77316517834186,-0.8381360946706357,0.3817756289495199,0
3191,102.95156703685251,18.287951349600878,51.90125574625303,,0.6016575264437691,0
3192,108.56161079790081,23.935035014431747,48.147875671301975,,0.4794241799607854,0
3193,116.40825918269421,19.014520024561477,49.375010243717476,-0.5427184398839688,0.5686913362372843,0
3194,101.91179161533152,29.82413662424773,54.0610914464484,1.3636768913970143,0.5216675578493086,1
3195,97.3247987623382,25.05733884546723,50.449181266499984,-2.220685667279994,0.3380961699562506,0
3196,95.59994983046118,21.07839141133174,49.65495125334651,,0.20830078424814005,0
3197,108.56356014430666,24.764612154571413,48.1167644688326,1.7369699604553148,0.4958970987675194,0
3198,95.58424895970708,18.922405240581057,51.0118686116415,,0.30221676976565226,0
3199,103.13840473531039,27.598695651225803,52.06203643408489,,0.49454030165268853,1
3200,107.1865659351948,29.103936646369966,51.749175291619615,0.069243557667031,0.662818679019223,0
3201,105.92587768414957,28.493332658473914,49.48239827278216,-1.7459841961912173,0.4817915244408748,1
3202,107.12722432092086,22.101091227582753,50.722504566727075,,0.6732808157000867,0
3203,106.11144927900428,21.90921743572042,53.34331887329722,-0.6152552853466163,0.3742221620255924,0
3204,111.39432906656697,18.4210513345956,52.14176458434294,-1.6160105044597675,0.2244263979479143,0
3205,100.23841809630602,25.816804304411,48.43167451561336,-1.576944558295129,0.45279097198316937,0
3206,101.61502430770734,24.41885741027754,44.90798987075706,,0.5553968828554765,0
3207,101.13670277364588,23.512156455928096,50.59354501416847,0.6045373232741069,0.4816932936301624,0
3208,109.15095905931305,28.891571440016484,51.59713625349686,-1.403101116667789,0.4400265796948438,1
3209,109.50199294197532,20.014546812994155,47.82155101625347,-0.05208319155728243,0.3404423247998117,0
3210,107.25612659659254,18.11599520028219,49.98242095575444,,0.48919145528558716,0
3211,110.91746833444964,18.879797425449183,49.47260186825384,-1.4123350217695063,0.4168844703801389,0
3212,99.10979566311809,20.680457253928427,50.2085726444644,-2.284349571208231,0.17647808579858035,0
3213,113.33612055775569,18.399426591161482,48.910607425760574,3.8005662436951937,0.5862946761548983,0
3214,112.61619310856129,24.034124527717626,52.58102199525599,-0.07279878896737299,0.3846870472849843,0
3215,108.67810998622873,21.769085462802938,50.29593776126553,,0.478781069743716,0
3216,113.9089945438553,20.16579609681759,48.2419662276705,1.7474051755901852,0.5148847904235008,0
3217,96.71688396161113,27.001008899383947,51.83492430718744,-0.48174795223561284,0.5267896390546962,0
3218,102.37775931868674,20.453415914790362,47.47162480801659,0.27144695600971336,0.450254101977158,0
3219,101.32348269659023,26.251261211925517,52.568988755070265,0.22787367295072225,0.6262426106523704,0
3220,108.60739661878672,22.19117887017167,51.982118848445126,,0.6020390853646918,0
3221,99.74929630198928,24.141933127950654,52.77955059064157,,0.5948593437028467,0
3222,108.78747574668743,29.206404478215838,49.683507255116766,,0.4892025122523201,1
3223,111.85268071998357,18.448219617789753,49.007772040433245,0.5274282548320872,0.6797594088642015,0
3224,108.47601450041999,24.00317408972954,50.16804352186619,,0.48871258109848487,1
3225,106.4187551183075,28.253075523931418,49.831126427288936,-1.7629785733576115,0.45608702208095164,1
3226,100.06063329549626,25.055690980444183,48.69452742887297,0.7412240172080276,0.4423985256047074,0
3227,100.76574516937318,21.32244620358188,48.89275337174872,2.018233434307681,0.7731212405248249,0
3228,111.24809452648333,22.772173621740414,49.26725430546707,-1.286208977437719,0.33172065671401596,0
3229,108.89674501952666,26.163187544742897,47.659992627120275,-1.078977851376764,0.48441873034682653,0
3230,104.80490240311228,28.689742731765637,51.355926579198666,1.7407087580210092,0.7429814745742058,1
3231,102.91045227117054,18.49279648495934,49.89540572485799,-0.531354469359739,0.3537801069150433,1
3232,94.87096063444312,18.85846586268452,49.38324306153271,-1.4730126201286482,0.48585908966762104,0
3233,99.6457379065778,21.90061828331505,47.77929167811664,,0.46689248149131607,0
3234,114.55709543569861,20.793356213249748,47.67925404466507,,0.776100512928326,0
3235,98.59772214498767,21.17917063466887,53.87182810144483,0.1415908612441168,0.317942430696018,0
3236,105.94739910610541,20.655239983510572,48.745485074276864,,0.4326127627765616,0
3237,110.037219865976,20.349900586261892,51.22105678841865,1.7934528647918335,0.47752048824465787,0
3238,98.72538665998854,19.567487602431502,50.32526893980035,-0.12423436323416973,0.3848563169640875,0
3239,105.92355237390542,29.207449581542857,44.4496230777838,2.9614895813290554,0.7001614756744491,1
3240,109.68957768755328,19.730273566873837,53.58490164627718,2.3750849301404964,0.7987222737913171,0
3241,105.06249660953625,20.452845297186435,51.36816795755223,,0.4666905248091989,0
3242,119.34201527833385,20.95518868776943,48.46465969139038,,0.4461314219179264,0
3243,96.65700370560903,29.19617847756505,49.94326699114081,-3.3829377294633582,0.3318114030944712,1
3244,110.2936426494194,27.068569603213017,47.70163326519267,-0.48707249208713127,0.4150101465286194,0
3245,104.13599131301768,27.476393163786177,53.65244095692227,-1.8168272974500952,0.44826593418103905,1
3246,108.85960077418338,19.257099114461976,48.18468458351707,,0.41804573776957243,0
3247,107.20653575849623,28.03571850018806,48.95383200661068,1.6358522201743084,0.6007337016091907,1
3248,101.33421901445001,22.898316981809018,48.54087784370482,-2.6322435896026204,0.2942973273778934,0
3249,106.1449819622967,21.153876314548665,50.16075880041834,,0.3895473203501912,0
3250,95.71049274300856,24.909001002243727,52.74063300027863,,0.5118226675657166,0
3251,108.01623750285697,27.866194869800808,53.57874889819031,-0.12358393132821655,0.49415778598522114,0
3252,106.49079232995263,27.343825812898913,49.20200771155541,0.19616802296966046,0.45021511491327615,0
3253,108.19330084321551,28.679969790973587,50.75651796463585,-3.348422565623642,0.2559278624371287,1
3254,110.29059162543575,29.137586232185328,50.163810825208145,-1.214331773696538,0.4951240402225867,1
3255,106.83809920104855,20.857464857132996,48.03678147111189,2.3145012978860846,0.6612198844697417,0
3256,105.74044709899138,23.08629473003126,54.84511114919189,-1.7953066282645214,0.5978896842507562,0
3257,100.59465831669354,18.17554247046084,52.72551912459251,2.4999162203462992,0.7630887936628009,0
3258,101.43889618175474,28.55185991118072,50.37823169942207,-2.1102336176676095,0.2751040714584906,1
3259,110.93367310088665,19.85486581769721,53.163752186997975,,0.36638936998008903,0
3260,112.18167702852989,28.337697748112333,52.42421342543561,-1.4276682258961446,0.2921397170914118,1
3261,103.80944781843974,21.952647863839157,50.16372268216351,1.6936244524303778,0.40075763571456624,0
3262,105.23001373626637,22.41760307977366,50.651927210655984,-0.8191812446240667,0.6785898465331354,0
3263,100.47692812503116,18.46958705380631,53.02425228475331,0.5181104826587142,0.6739351745107844,0
3264,110.86378422633723,21.922545477183835,48.107692837740636,,0.4425423776083422,0
3265,108.3270841184589,28.66036419361517,53.34738139464268,,0.6202529501904871,0
3266,114.70608718231874,18.30656881345925,49.54977487862977,,0.7347308882100789,0
3267,100.60838461410131,22.875929676560702,53.049353485695136,1.1572769114805586,0.36581742856080723,0
3268,103.10996050490891,18.376795557752892,49.98954680507436,,0.4993426259145468,0
3269,106.15722961262786,22.45108110130878,50.67521244494594,-0.41335617538749636,0.4301668311147669,0
3270,108.23244768862885,20.071687689363493,49.93138328685508,2.615159730046248,0.669067489340077,0
3271,103.92166181226183,21.026620719220464,48.936312754377546,0.4793426837519033,0.8249533537663868,0
3272,100.6351945477315,28.531180477937028,49.459890203711375,-2.2617689461369794,0.5454477932352941,1
3273,109.40703764461786,23.232590647462693,52.75822280633713,,0.37940086942077406,0
3274,108.6056768127279,21.285575896822948,45.37167203465506,1.3352179628493357,0.7089282485420241,0
3275,100.41862949718137,25.07206053540657,47.52206811039033,1.0536559757640953,0.36047168492437254,0
3276,111.77721400552748,19.70528351799099,48.54905658128379,-1.3820483627059974,0.4812548649723654,0
3277,110.85099354598302,21.11269928905027,47.84331041512796,1.1214452684615202,0.6088199357259423,0
3278,105.67148248623896,24.55497561123466,53.01995922083098,2.3990882050788738,0.6905237133829946,0
3279,105.39798931188018,20.850276502176825,52.51535395570641,2.1867882594909016,0.5584907383888246,0
3280,107.77028885557954,26.14953284881048,51.18406361878923,,0.6585182297738459,1
3281,100.69148464871871,23.89789562711427,48.72439186504493,0.8332331625942071,0.6272589278091534,0
3282,105.15015739582041,27.26386884305629,52.67010373358827,,0.25437932573368116,0
3283,94.2380822769541,29.378934428669623,46.82374014800891,,0.43819631675194964,0
3284,109.38227822751467,19.389658672168892,54.283965280295874,-0.026080332919264947,0.40836475661908456,0
3285,97.1925338877907,22.015980119814536,48.6307404056449,-1.314034956685299,0.5005122072151003,0
3286,112.517099142145,21.834588754540878,49.475929556317126,-0.5389480867785458,0.6108364276115531,0
3287,103.34939953016774,19.814195032047053,49.14131229901057,,0.5344487115407156,0
3288,103.94166509034412,27.72363764800165,47.85378517180265,-2.41360651265624,0.2704503208548084,1
3289,101.86133046957747,27.118544448465478,53.85022624787384,-2.3110045885371275,0.3961661651165747,1
3290,103.55980563038962,23.813105650012787,51.577789261568974,1.245795906627643,0.4469686941520511,0
3291,112.09265672574018,24.453249333535314,52.43094108415958,,0.4510937329473631,0
3292,92.5609567173246,18.714529656029956,47.55266145587846,-2.888464536837501,0.3223885507856682,0
3293,111.38482693044094,24.666088227924547,50.361875654007996,-0.09200123451066067,0.5534102129346354,0
3294,106.69011740550854,27.496098288235636,51.042057378662804,-0.30618237722041114,0.5162104396144995,0
3295,98.96489176071393,24.885930883006285,50.541513047099684,,0.4838083556209946,0
3296,99.6234380347538,21.183676441445026,47.679253097864,1.028559039722226,0.7151130031151576,0
3297,113.38196513604102,26.010579268012044,52.15100004226127,,0.4269832850493763,1
3298,100.27246560028634,22.33786115958297,50.24310016557031,0.01947812228939209,0.45919012850325114,0
3299,99.2332474470202,24.538479411428824,48.090071928713996,-0.316458741918656,0.4546580217604232,0
3300,110.68657271182364,23.850784359347095,46.28949892089467,0.05673784186755623,0.42640641705080007,0
3301,106.69276438142957,22.57410001158216,51.21333302697976,,0.2682224092733393,0
3302,100.31037211731801,26.62653576472962,54.900911468263004,-0.783973332210013,0.3218670913409841,0
3303,106.0831248770231,28.60651334383058,47.969491453307434,,0.6149059339984663,0
3304,99.87123658179861,18.0625502217231,50.340894100825935,0.8117394544468445,0.46875626699366385,0
3305,110.50410699211302,29.203398230764407,52.22099455818315,2.769594758118749,0.6700712854232644,1
3306,110.30685482436567,24.138181632998702,47.4606954677974,1.208922583108531,0.5304595057600178,0
3307,107.66003099410972,26.408782564359182,49.04008646182995,0.6917328009501229,0.5316642405219163,0
3308,106.80830530623508,28.267494794110526,48.2796824414772,1.907212188420566,0.7107407212274205,1
3309,113.80594062433687,23.60524430777124,51.96935338964909,-0.4557336698148511,0.49487895934546244,0
3310,104.99843163694112,28.019688880378684,52.65104513870812,2.330892245452283,0.524277137284731,1
3311,99.09062937289599,20.131437833462428,50.31807252946347,1.678909185093173,0.5275342053759596,0
3312,107.24736956416153,19.910010413757774,48.3165318620118,-0.6688166859636933,0.5525537684971541,0
3313,115.43023524768557,25.88965642627384,49.11441812414431,2.8859327635999366,0.6926144919234939,0
3314,99.92620253407074,28.441716066620845,48.739002971506494,0.6704029723600178,0.6257614806985751,0
3315,103.19268616653007,28.70911413043247,48.04546227675399,3.289453464092607,0.6406225298602347,1
3316,107.08223019050726,25.72488550052696,49.79592359836307,,0.38313428752980777,0
3317,104.73047575497131,24.30587076251181,51.149652968923725,-0.8428947892659538,0.5085200594058271,0
3318,100.08848209811343,21.976717052358193,50.98051488885704,-1.1513049650301097,0.46771664224269266,0
3319,110.60928928115236,29.760004987191977,49.983535270860976,-0.5336151820994086,0.501220129611076,0
3320,116.6002036100863,21.836348239995004,50.11410767365073,-0.8569424130444991,0.3189785152168958,0
3321,105.98065729511954,26.930233286779117,49.83689840982044,,0.5313324951484761,1
3322,100.47965855132,24.383781598860008,47.40557692166745,,0.40399010656460616,0
3323,97.25519737473263,25.30214811030416,50.32026979396574,-2.4210340088436135,0.4188849638668389,0
3324,106.28987990610591,22.721766607063515,48.8327488290907,0.31950647380753294,0.5593547311123913,0
3325,110.5193867165813,29.577877505666976,47.305313561681125,,0.5050646891100511,0
3326,107.37583873247691,24.860187913191254,50.741411134231164,,0.5616129002770404,0
3327,104.98798079540573,29.25345156550548,48.77653992716291,0.401388032976406,0.669140567305815,0
3328,102.05364174105347,18.091096994086968,50.45550784251767,-0.06616414969334583,0.5319974297831465,0
3329,99.53918183640955,24.872046998293452,51.69527563013885,0.9506480510648496,0.6146395055456717,0
3330,109.17375663162441,26.606242676703257,48.099522557709534,0.8624684080248308,0.4889684164187796,0
3331,109.56885810692793,26.940962053946617,50.18424256414594,,0.45482486606796296,0
3332,97.27135106654633,28.859722581380176,46.37915423653928,-1.9482838556550974,0.5035601957912083,1
3333,112.94919489090341,18.052819308045436,53.065066181218555,3.1785250922134676,0.5714520289105096,0
3334,107.87035610447,18.003961911113716,47.281867006222434,-2.333978554998466,0.4530074076498961,0
3335,111.99797322572897,23.667161529542582,48.97036067520525,-0.19306376522263538,0.6622939283927626,0
3336,98.28936125757443,18.351524460064446,52.676759807527915,,0.4832656864591928,0
3337,98.1708792229228,29.694390643948495,49.53095414783803,0.5945072424901883,0.5216321162766436,0
3338,104.25515345116352,20.664782094496704,47.6052046273994,,0.37634800312163,0
3339,107.51392213447598,23.671976752378136,51.42614646457307,-0.2531491269303132,0.5036728227681124,0
3340,113.98180411463481,18.733651560146683,51.38106492430237,,0.7147425722345786,0
3341,108.53039456907565,24.264580994055102,48.73362732126953,1.6627438757656747,0.5652411995007087,0
3342,103.78659361593984,22.559473501768903,48.9501469584392,,0.577615742053313,0
3343,99.86815396167054,18.535920346526684,49.129182058763824,1.2062019628743812,0.5968125010667333,0
3344,111.15000286359574,22.021491200354696,49.58595207862794,,0.6464850741965418,0
3345,100.17647287124643,22.697232242674268,46.214057846156386,1.6520175593144444,0.5509220517873203,0
3346,113.14234277386161,29.87905789529928,49.6371522777638,-0.20432787820125597,0.3441792230282865,0
3347,103.57807675196746,20.494630463032507,53.567828396366295,-2.385451352144275,0.3382163486266918,0
3348,112.95291036308925,24.537355384441195,48.20806006552659,,0.4810431604551062,0
3349,108.3946564502964,29.847786590383542,48.83301281306047,1.0029155030909849,0.6076898577631531,0
3350,104.31502255278771,27.50423049528162,47.632764673607205,,0.44075626987152844,0
3351,102.40301814086936,29.920410010585066,51.22432385279071,0.03381790058706249,0.6100076971518431,0
3352,103.2954606132696,29.61957977592203,52.40639471628475,-0.12433171314903813,0.521918716692498,0
3353,107.1415834618762,23.874474505129854,52.36063567835525,2.081565953707864,0.5536433153714797,0
3354,105.38578248108858,26.35651019844679,47.50397882221268,2.7807242633851343,0.5575486355209177,1
3355,102.03094295965647,19.325317523293812,50.99958346099392,1.7628217054510524,0.5278036162556162,0
3356,104.17184294841184,23.293785900561623,52.86750006842847,-0.12833352476416532,0.5096602173610785,0
3357,105.39288514859575,27.708222507200368,51.01932621542024,1.7215743704217252,0.5487993976890422,1
3358,94.35632952792594,24.06402385172572,50.956819366687554,,0.44101518676450147,0
3359,107.2908405739435,26.432388393806782,49.05671484272968,-0.11234936457261077,0.5950541173735884,0
3360,100.10139387641597,26.949015959811323,50.44021964758733,3.1385854335049492,0.6721604074552472,1
3361,99.23333798397127,21.041629694914725,52.47263635941281,-1.1070276598237512,0.47212056650482315,0
3362,96.56327826444645,28.508392475310785,50.65641793685753,0.9058634634143139,0.463030796713777,0
3363,96.03053751066055,23.517869170910146,47.50345048794055,,0.45880727452096554,0
3364,98.22276248443855,20.522221243458524,49.08791665142806,-0.43124825928560007,0.462213988053524,0
3365,101.45489521184754,28.384990581461324,52.418559077777985,,0.3391138221450804,0
3366,114.76629568763283,23.013825673275043,50.64948664070219,1.4182458753317175,0.6488936247630201,0
3367,102.37060162052398,27.00374926055664,50.23812415648615,0.3669516307918713,0.4479452441517754,0
3368,105.88875053134015,24.576396866659117,48.8919689335066,,0.5086666928511376,0
3369,107.00240693253164,22.582461026814006,52.37719836106887,,0.5505992640464368,0
3370,105.65532593107925,27.71851698046283,53.324825195644515,,0.5373505006038962,0
3371,104.61278269637003,25.013639179735357,52.52637824603607,-0.34346800379070863,0.36598915423328104,0
3372,99.02353118200378,22.68674522912438,52.88518324289075,,0.6271852022266148,0
3373,112.25463774139607,19.315174444021523,49.282587518467665,,0.34828381068508346,0
3374,114.03598321818943,28.745343765200495,48.999661805252195,1.7755033112974645,0.3651206548264168,1
3375,96.58670652938657,18.4256350241,49.68730965300163,-2.6210447230064764,0.45640779746181503,0
3376,99.8798570455681,28.358248180416673,50.07714648395251,-1.3640539750662253,0.2858541821919372,1
3377,103.60094828811496,22.319538298597866,52.86203956025051,3.4136550724281625,0.7959610410748239,0
3378,100.17731102544904,25.67206516201687,52.33177347893683,0.4127826251614494,0.5583279516959045,0
3379,107.52982776727933,29.066396686028224,51.07693877450899,-0.6105540704440529,0.49777266906196355,0
3380,101.35863898796694,19.82047938604678,47.13762646830622,,0.5027110575651902,0
3381,115.82528033903301,24.80340570766572,46.62395631080625,-1.1775405003030386,0.3585829298387012,0
3382,110.95274297171798,27.173194348442305,50.48092548960341,-3.154183368292481,0.30466541434250693,1
3383,106.06287015316107,27.091005992628688,51.76052641120143,0.5321999216210833,0.43888820793056676,0
3384,110.13493131659867,24.307582975194048,49.84086590202772,,0.565958012939324,0
3385,110.52950212178655,25.496873518877496,53.82980900995681,0.1520846671948496,0.43332935720821036,0
3386,102.18026255970878,27.090323929594135,47.83511791243913,,0.5753397852950034,0
3387,100.91891377729017,28.09233165308894,47.5832961010088,0.21317425434866577,0.6111794855305713,0
3388,105.39071531484824,27.141757162510366,48.67143805105136,,0.2837068900895915,1
3389,109.30818062248972,22.24805931817491,48.595405573617526,0.03942126388111248,0.5396302050357057,0
3390,105.6953019932671,29.960716812692798,51.05257173736396,,0.44395716409161234,0
3391,97.11501758904501,23.214032324631653,49.15657629631299,,0.37764298287486975,0
3392,100.98587778024579,18.2935764331072,46.90431907744268,-2.2787603382698007,0.34019848944144676,0
3393,104.63013568202811,22.351403419025544,51.783156913390236,-1.6035368787815947,0.35027910561357534,0
3394,104.62167197837086,19.53339545488612,46.48009614785574,1.1201471081403547,0.5717859925985924,0
3395,114.86271088394903,19.4573113887405,47.85756355397858,-2.9974736197313563,0.22871463548438323,0
3396,98.07006028800501,21.37842048128273,46.75458685851226,1.2446607767165312,0.6551556300634093,0
3397,107.52794620917938,18.64050593012713,50.414242554141744,,0.42125041094893056,0
3398,112.44556554164144,26.262146260914758,50.37209542430242,-0.3862529257978719,0.3539784981518921,0
3399,116.35724872711398,18.88786661042286,53.832908642032706,-2.2209444936006193,0.3637231217584764,0
3400,102.97801288408019,20.439474665231472,51.8276533122911,-1.1947013173368275,0.40301469873146,0
3401,107.457147263601,19.114796573929432,52.8832923666844,1.1728560780159516,0.594198524526403,0
3402,107.84880178599323,18.758012770836373,50.57721930259699,1.885087802765041,0.6027376327039442,0
3403,105.97740865776646,21.2130199864745,48.046136357818874,-1.5470442264618955,0.25991174031403874,0
3404,104.50577399380347,24.86278761192444,50.25621520398699,1.712795265425668,0.6842964457293459,0
3405,107.17987694750023,29.5762266773621,51.18484201477462,1.0288128490621928,0.5237066967990625,0
3406,92.33876957390157,28.506679852195276,51.40761476450315,,0.5236331400276514,0
3407,108.41034745031315,28.5112071053439,49.05517571178331,-1.1067826944606027,0.6648763872438529,0
3408,105.63088951830984,20.11280443245189,50.977572947564795,,0.5850399763897057,0
3409,103.88762551610867,21.17888632197384,48.13394405831747,2.7343839242314494,0.6577721225326726,0
3410,115.23431097859779,18.916719801543668,47.91344481177857,0.2676627213195865,0.3760761526949999,0
3411,101.62532990604724,27.34162007898222,47.76843057722903,,0.46410662864040775,1
3412,102.98462005467485,18.837795617826743,50.04925197711359,0.3623369749322114,0.6343212824973925,0
3413,114.95776651102366,24.680348049850238,47.644327289847396,-0.6790468883871497,0.4258660808486233,0
3414,100.83969347575072,20.97450686788741,49.15051122025798,0.8761352706527039,0.5269652777464282,0
3415,102.2494235853173,20.921347608344938,51.80583310282792,3.236752608119838,0.5472907835924612,1
3416,104.26487288284575,29.88870066297126,47.94174064384339,-0.9661749907291453,0.4962763732504335,0
3417,109.20367241064774,27.08135768374245,48.99137593299137,1.3708033551710286,0.6826814498011794,1
3418,106.03901253676656,28.0432722994926,50.14326255355234,0.28576347343143965,0.6666431862537049,0
3419,98.5368732642387,24.86379222412815,50.493773803064535,,0.3464711668490199,0
3420,102.33915718436405,28.45217144872499,49.00141881838888,,0.45409730837491974,1
3421,101.96322783393894,25.745886469996236,51.57372013747032,-0.6779756204078193,0.4565925371009661,0
3422,104.61389477388477,29.354084457556144,51.18090460156945,0.5212328762113785,0.6140895005951772,0
3423,107.12921829314915,21.37606303254764,52.27971320872341,,0.5654812526672621,0
3424,107.09102877943987,25.14383454939474,49.83679615130588,-2.356369580971852,0.2997689113331215,0
3425,96.11994122975798,26.281576175242705,48.97436238108731,,0.6809680733112109,0
3426,110.31970493780427,22.71524766033368,48.634735955975756,-0.1775703832953077,0.5009753962630575,0
3427,106.26284422998312,28.55649578884864,50.614055035858726,,0.46510255834058317,0
3428,111.92266023796952,29.75763795724985,49.245688434377456,,0.561923901841656,0
3429,107.22099163645336,23.925233896471937,48.861660444638424,2.6191579801759857,0.557293868520705,0
3430,110.50661478867882,22.68768785765207,49.103425471509354,0.45546270060914695,0.5642983476857643,0
3431,107.33272655725064,23.663255142677503,48.632619029751496,-2.0351054740635606,0.3786147520171648,0
3432,111.73112878101374,28.232840948783178,50.398042225525465,,0.40648857087043705,0
3433,107.6112531800889,25.74562110621801,47.17483363491188,1.2782010347197221,0.801599985031632,0
3434,104.51042376778548,18.537268470217143,50.60603258494992,1.3275650953748201,0.46564902199455604,0
3435,116.3621736022344,24.506038925348577,51.3530975208059,,0.5852651951983253,0
3436,109.44518561139947,18.20760147289164,48.8382417236454,,0.4674273172366996,0
3437,107.86872210502207,27.342424452040866,53.84407387921309,,0.294853375044169,1
3438,98.61847791730833,21.939747282509565,50.03524262195371,0.8842616337358932,0.510480012677295,0
3439,98.5584619126823,23.664089785407953,46.877314033800225,-1.8213552893968974,0.2746770796821799,1
3440,106.46357741070926,27.584137270891585,49.437514187326656,1.0395165246377753,0.7586247482258561,0
3441,105.7276059888412,18.55738580742914,50.125312289871594,1.0399340380419515,0.5252009394184192,0
3442,101.92938717495842,19.902498427099324,50.89793511114043,-0.7015394050965456,0.44664170116811797,1
3443,105.70491349806031,22.775524517341378,49.4851389517783,-0.1686949349762283,0.6860855530373646,0
3444,112.94313464021798,20.759101962546726,47.97685944859122,0.29801680067932973,0.43250315459313665,0
3445,108.47701237275149,22.054817109300757,47.81003876377544,-0.9222220099816638,0.5833298017569881,0
3446,99.29495745123631,29.97809685470958,48.69280142963666,,0.4556266453340366,1
3447,104.44245586428528,27.904973250885728,48.88444927496248,-0.0588289155703559,0.29916003191366025,1
3448,100.97516759573719,28.606821779521304,47.73005167020148,0.09754891571976687,0.46776837341541133,0
3449,103.06150041795719,29.244655602789305,48.5343736777926,,0.6457391514003807,1
3450,102.93192167185178,22.091230563770345,51.31891704887871,-1.172988107441789,0.44490777744549176,0
3451,102.61177208697997,21.56492349355767,53.29682521538897,,0.5839632194111681,0
3452,98.72432314013302,20.808749910864897,51.51092342774193,,0.3532533148699162,0
3453,104.36172659240906,27.96140293569747,52.611722172373625,-2.0169032995481557,0.32786758569661456,1
3454,102.19696181576344,26.15462234742222,51.948236936467396,-0.45129366706391255,0.4465946442625032,0
3455,90.35275654998865,20.834063789794527,51.66626065679669,-1.4113635159145832,0.6255627629587661,1
3456,115.26486012250831,22.52392595052546,49.324407473885344,-2.037923711067666,0.30733625736739323,0
3457,110.44384827108335,24.08054116719358,50.281821756773894,2.9164954737221604,0.5976042056859636,0
3458,103.11849637537502,24.337680687285044,49.15876131508796,,0.46901107420525723,0
3459,105.094095248703,28.664732742620576,49.56178567533274,3.4669553801343733,0.5270324030104887,1
3460,99.14172826341219,22.566793595366597,50.13633420077317,-1.4921006983478642,0.4685897873965127,0
3461,113.47861438905433,28.902288366006147,51.427132303158054,,0.2430585450032118,1
3462,114.48644347386556,23.296410723837475,50.84664676303025,,0.4881225077542324,0
3463,105.78346864123262,26.956472097508247,49.676341473971284,,0.33197533408478225,0
3464,110.11765322092673,29.163051839820675,50.11107748178333,0.20829869729822909,0.3463568309315728,0
3465,105.87643389466962,28.890908447559198,50.86692734838705,,0.5251602838820877,1
3466,98.31637280562035,18.683434407548173,51.33478887611567,,0.5493003907354327,0
3467,102.94088315518171,20.46845153971884,46.962009673485596,,0.48936676795182465,1
3468,105.65963983385979,23.722865106387303,47.84522207220213,-0.11086109656644641,0.5775832486095974,0
3469,102.72726140628278,23.17865147943729,52.21462106787868,-0.71089880923272,0.44764404012119763,0
3470,103.90673361282482,25.690699978046485,49.878260860137885,,0.5143179937149078,0
3471,104.54300221245443,29.336508609904946,49.15184681326604,0.9385370566632175,0.6482981102315141,0
3472,104.59560751067269,19.348856535335386,49.47300105414792,,0.6819239108842091,0
3473,105.26129245248741,23.422303981610884,49.47258938884689,0.6765698132432235,0.4080194265799829,0
3474,99.69697466801699,20.30893245464567,51.115875563048746,-0.16354901309928604,0.7438189044730332,0
3475,101.41491925436031,28.72929118077537,47.78396721203847,,0.3357859775340302,0
3476,98.57707867150015,29.574962229619835,50.04955549299352,0.705178024184352,0.48906339632160384,0
3477,109.889077748431,23.744420182684202,50.49223545890081,-0.1671717238172771,0.49904824298660605,0
3478,94.47176529079837,19.24812357273769,50.792535833131005,-0.10996467317121615,0.5110922377778234,0
3479,110.76795171658463,27.42353600067208,50.445727992420586,0.5966174481702926,0.7262140810825024,0
3480,111.93174698631421,26.36569620590879,51.03181246062805,-1.5498233970337765,0.5236995367975491,1
3481,103.4890970650869,22.256049919323726,48.854607697883374,2.1444166411416488,0.6485043211428418,0
3482,91.98431456086351,28.648889687627562,48.11639453535009,-0.37403487083439435,0.5848475873280072,0
3483,103.19344719016355,29.709982677392485,54.91400888650103,0.18627242395510646,0.543888848192313,0
3484,104.6790791935559,24.694246189562346,49.39747063085153,,0.42911953095462846,0
3485,99.94700890035543,24.788734936131508,49.63109105869086,,0.5975195832936419,0
3486,102.42390803095878,21.570162061365334,51.35568019543577,0.5087725064562592,0.5321939512247092,0
3487,112.65097599431675,25.014072431799768,53.19217858438848,-0.07488592030424258,0.41197012420427986,1
3488,108.3246358115087,23.275707846298157,48.91094376613061,2.173131174205308,0.734935582695428,0
3489,100.3771794281095,21.626292323136624,48.00236946362095,-4.805018413807029,0.2543035249976247,0
3490,97.01200415202284,18.806222358286817,47.51569329841678,1.8640115707004208,0.48115051145395216,0
3491,103.36491341195115,21.0324943165095,53.18621244300585,,0.47275064243044396,0
3492,103.93271610324781,20.374255796131973,47.92378602707793,-2.753724949203669,0.415813356076983,0
3493,107.48099593681658,24.504503814647386,49.94488812696887,1.3939248265758788,0.6746394703295623,0
3494,102.32341643716171,25.220040261163128,48.04543033591406,1.5877011683393079,0.6275502868326168,0
3495,107.55749787680931,25.302860691672198,47.103288164083395,0.8426452348215845,0.5907554035762529,0
3496,114.67577020030114,22.65817201254815,49.41524929381263,-2.338631165522127,0.30203609824028543,0
3497,109.07750511222132,23.054756804225953,48.12442666731768,1.0239790763463383,0.5604874088168148,0
3498,104.75955746334614,28.010861155687678,48.61674314915337,1.5107952840028922,0.5425287332370504,1
3499,104.08424764473352,23.71479376220595,54.01221019483481,-0.8583097421713086,0.4375878949311597,0
3500,103.21663432910064,29.853279985645468,50.84979220834481,,0.521905813526735,0
3501,110.90320456226073,23.275406760106378,51.86293903910798,-0.5298118432791774,0.4075158335138949,0
3502,101.86343277024349,25.79497133541407,51.649319125698504,,0.6415699305505551,0
3503,105.22611354499992,18.604355987920748,49.79827815384195,-0.470260027841615,0.37557540493261915,0
3504,105.25598950940542,25.84007909302573,49.12056328124475,,0.32662839510202507,0
3505,102.49107903594233,28.217116732980074,50.49786922372223,-0.05894481400457878,0.4185324882417881,0
3506,98.13767226057949,29.309494062399555,50.33690153986499,-2.012478180725036,0.48771560156616584,1
3507,106.61487251808835,29.967847339677245,48.862389165669384,,0.5235222075240461,0
3508,104.69498014072309,21.386143747790797,50.25969566093372,,0.3488327649022014,0
3509,107.50120234718285,24.904440777908604,48.58734058660742,1.3049389040495265,0.6249743139325961,0
3510,102.33199846780417,23.40861582638577,49.65708413871832,,0.5138209474456512,0
3511,111.10410649406523,24.765809766902052,49.32943305096533,,0.35081661020572047,0
3512,100.61613109394078,19.88943548627816,47.462254814788444,2.028406707344644,0.5772223330690269,0
3513,113.56020142008947,28.273794871151296,45.29768357377566,2.1542377595613584,0.47434899388219387,1
3514,96.26181745085869,28.914827320135053,48.1218735001206,0.16885088290617334,0.525766624139038,0
3515,107.17385032278446,23.39593995735507,53.6082093291726,-1.1279124317229823,0.31684922782075836,0
3516,107.37715341263312,21.36515833888292,49.38063643592655,-0.7974269046923181,0.4251280517049686,0
3517,101.02221466029559,19.690001131836148,51.55193632179281,,0.4498647822522497,0
3518,107.12196968930506,26.205177897333655,45.751109713813285,0.4180026842964899,0.5978910767102311,0
3519,111.3975933488008,21.746782075448824,47.983427864071345,-0.4567279222646097,0.4811380288054526,0
3520,93.91590580322968,28.914462838960663,47.2910207652753,-1.2875813008517638,0.5062200390416823,1
3521,107.51372403745407,26.05214969813844,49.59539997982577,,0.4571514816082608,1
3522,92.53364589834962,25.74822390209089,54.843910961070485,,0.5085164267465164,0
3523,100.17167598238396,24.71282539077889,50.920477886455835,-1.5785580336539229,0.47410374280971257,0
3524,113.14583182450473,18.54931607314471,53.391225066556174,0.43696568442868566,0.6460781982014274,0
3525,102.09108983303973,29.183069228227044,49.49112654462867,,0.398221763313908,0
3526,99.13060017795513,25.535249919593518,52.729738747710144,-1.0770793679165866,0.36205089803780033,0
3527,104.0103113550766,29.928743800597324,54.14651341336578,1.7925746394164799,0.6401574299411441,1
3528,115.33953169081776,24.448276857274642,49.78126186717908,,0.6712760201509116,0
3529,95.84158876396987,26.521330702874558,48.92147057754527,-0.32493246312325164,0.5123413584664751,0
3530,99.74345044180328,18.674514694394666,47.364378126019695,-0.12522262211313218,0.38274279711372183,1
3531,112.48715841589814,25.58083412188093,49.38187948284606,0.6658751937822397,0.42424934264211933,0
3532,114.28851171768866,27.17579533908429,50.16379335040158,-0.10827512179515628,0.5080707659486688,0
3533,104.48284387854858,27.342171538230687,54.061907234698296,-0.12081550955831269,0.5297168873703254,0
3534,98.80473648736678,27.241339826763426,47.410052051807824,1.5989476024880687,0.5578200203953784,1
3535,115.4792175090458,20.715391527524012,50.11932378739396,-2.1276064912308983,0.28571260615361493,0
3536,112.97221195874599,29.704781731262713,46.37138375722077,-1.877329709392442,0.5162750379469252,1
3537,108.39473493881117,29.942185447499263,49.14647434232286,,0.5234002706457863,1
3538,100.9379882553129,18.907150501939213,50.622790714824035,,0.7338852508080872,0
3539,104.75485329580981,29.237357073741087,51.02516630537711,1.3147431752280774,0.38842036498032406,1
3540,104.19819959477584,21.473390331652432,51.178046159283845,2.7963131941090866,0.7599311002982838,0
3541,106.65425652307789,26.271408981011575,50.794808065773694,,0.3989411134816804,0
3542,112.25500719065668,22.057331048833586,51.16084388019248,-0.9556217675067269,0.5866873491693815,0
3543,109.39708520568702,29.613051880477457,50.091478258005324,0.684799759869077,0.5955137403812212,0
3544,99.61311961507622,19.218046299642424,47.904267388022056,,0.4286496757343483,0
3545,111.8824822500977,23.97296180347651,46.296686072639886,-1.9673263519235324,0.42618635696778984,0
3546,106.56566070006578,23.136573503304895,48.90662435652557,-0.31982755924474976,0.6496618965937325,0
3547,108.43532897929458,21.91228142733582,49.730769133873544,,0.43818197745580517,0
3548,112.33270429639302,25.746407890561784,52.50786359435096,-1.018305323528061,0.6149172880836259,0
3549,99.44209875243224,19.57266892106001,49.798796649687624,-0.8433327398186156,0.4964067173784162,0
3550,104.82087210646769,26.599949017604363,49.60686193156661,1.2646039515887897,0.697265972974306,1
3551,102.34272724320392,29.767105485657446,50.77105425368356,,0.5511749125016208,0
3552,97.16070287317272,27.65470457362356,49.459976025097596,1.1976771327891813,0.5474862642764795,0
3553,106.7335498880246,28.320201034914547,51.62108399789388,0.5053120355591608,0.708981885107167,0
3554,117.55778275792211,22.31564091814803,53.95866723676776,,0.5066459401585726,1
3555,95.79961127747123,21.898639277774624,54.381571028421405,0.6346545777587569,0.5082005255950128,0
3556,104.83859694475265,24.2045802562816,50.19408125448898,,0.47098172415134804,0
3557,108.20271467537387,18.548719377147272,50.673784729390896,,0.4201339545310383,0
3558,105.61539100828091,29.34429761347839,53.15771224074697,,0.4330697416043006,1
3559,104.4343597374213,19.725422076194306,49.700075954207456,-0.9163316881063006,0.5737455975157141,0
3560,98.50391818277087,28.83615647001711,51.35838428384836,,0.4906005495615158,0
3561,106.16393371470082,19.00298666400427,47.72967974062835,-0.6862359067429822,0.37823609330968805,0
3562,101.21618011492036,27.871499132142723,49.378321703450005,-1.3247436150367178,0.3370745524148955,1
3563,94.05039147510723,19.823550310538582,52.312229233290616,1.7066962073731196,0.5926966193921137,0
3564,110.97296110256866,18.457579369097672,48.563608732424754,-0.1793875760667891,0.4102753100413765,0
3565,109.79192909921021,26.633873403112904,49.743897642540645,-0.7918920696493865,0.3171312910916786,0
3566,105.2583048842554,21.36318360209314,46.85158070879576,-1.6235986660529642,0.29896124392902357,0
3567,106.14537344102851,26.573953833412194,54.01153658901927,-2.807992327714723,0.4771103540032682,1
3568,110.37159006357781,24.661023005673837,52.52605613963381,-0.33307052059668196,0.4691092337134235,0
3569,106.12169828389041,19.30568868276079,50.376199132305494,-2.067328055279957,0.4024099799013085,0
3570,109.52008777380657,29.185560879613966,51.01502574416465,1.0680546890414293,0.4567418140845674,0
3571,103.51258899563075,23.42777009716173,50.791796213886734,0.044236791897793205,0.444062434926249,0
3572,111.55991869286973,26.813367333584257,52.76862350606157,,0.555501594085434,1
3573,106.60392862966341,24.012246864187503,48.96239991525726,0.3346114098556976,0.48905365678634927,0
3574,105.97025971802937,25.252337699534458,51.46453523985647,-1.0899866958894746,0.2796607818096816,0
3575,98.64969455643984,21.63328310828031,52.15483299770435,-2.820011403552674,0.4679669264668225,1
3576,106.43477927150855,20.404323648041405,52.43065194095291,1.2098157956126347,0.5588482753501968,0
3577,100.84022541252774,24.510842440896816,45.48125823233661,-1.9484223908030853,0.42278748895604984,0
3578,101.80858636735753,23.282627675652023,48.80145104346971,-0.6122167840346424,0.5608229992047271,0
3579,100.92312185841939,22.681358561207198,47.961658757396194,2.5111323698323704,0.709330873214447,0
3580,99.66882534050387,26.070806341135476,50.29917657114137,0.9164750235730899,0.48831565862540816,0
3581,115.62385701508481,26.28607958413363,45.96793956097146,,0.5896866515662272,0
3582,111.65669530994202,18.551040673095155,45.9087542181088,1.4164836646801635,0.6302420670246459,0
3583,114.60183751072131,22.064933930924067,54.34018998375252,1.3605747283582916,0.5996268295796412,0
3584,98.88552490222219,22.94117460271653,51.23537877652668,2.3714196479312557,0.7246830501508233,0
3585,105.35626874955446,19.162705933970017,50.242018486397626,-0.9032690257033033,0.5347897648215744,1
3586,98.53246187397951,20.83081040037946,50.727345295677964,-0.5650262301461477,0.5444856498180013,0
3587,101.52152561401468,18.61970156667308,50.29268184749836,-1.383576943592531,0.5673492651189977,0
3588,100.40936508291712,29.954905183404247,51.99470131310305,-0.04904645457596005,0.5004136230096683,0
3589,111.1979200322078,26.838686435638134,48.73511161587204,-0.1983490937552913,0.4958594352480102,0
3590,103.01885160949121,19.049401878033045,50.37322965214714,-2.632428356003361,0.4502989340218953,0
3591,110.34189666847008,18.242992557481106,50.45484253587543,,0.433112060711906,0
3592,108.02060444794259,26.631453601827364,47.90628408308332,,0.6560945072796394,1
3593,116.51819376052394,23.270305988192003,52.553966118126105,0.3663128923306279,0.46230491391510725,0
3594,97.60277888430139,27.441560508774913,49.10864652019718,1.0730979271300691,0.32570522582796385,0
3595,111.29616619893399,29.081712453820604,52.0348433396178,-0.18081700177602184,0.5507465479327485,0
3596,110.73220435200363,25.19160466819647,50.22982545274296,,0.2035999519595158,0
3597,100.13310580986483,20.245301075007035,53.26716966481811,,0.4204406931225386,0
3598,110.0356666823658,27.38632843255743,47.91724182295695,1.5625448362814685,0.6601284156149507,1
3599,106.68072481513114,29.469740918092494,47.8304823969791,-1.7785256868658639,0.4942499754481824,1
3600,103.86261870023296,24.962775444719473,48.18860881799138,1.1205583901154554,0.6735551082745735,0
3601,100.88032256514,26.183969367368803,50.26659110102875,-2.552747503939015,0.1703904290614142,1
3602,101.40445274275407,22.04969634044008,53.08293679155641,,0.5311156847149884,0
3603,115.24906047892964,22.578332335923733,53.186187236330504,,0.5150703603663229,0
3604,105.00341409478742,26.815853974236767,45.380062799123124,-0.4681687864040883,0.57541315722926,0
3605,108.9106500076573,29.13325318088183,50.49941432244508,3.7087073106800252,0.8330713576900622,1
3606,101.04550309166224,25.54786064669223,43.574092778969955,-0.7397856556329038,0.33211922092812846,0
3607,101.10073526889181,27.47817490182417,51.59006358757007,,0.458207046292848,0
3608,110.40992404624971,20.059620208984477,52.23633882979041,0.3067380627825067,0.5986001180877805,0
3609,98.25211894224233,20.54350908309568,49.91951145061563,-1.1324597037558133,0.40957718029586354,0
3610,102.92393116047364,24.384416242000682,50.16796315498951,-2.162006390722967,0.5664691524252131,0
3611,105.17013705536117,20.118650306914088,50.147277785880476,-1.6465046623833253,0.37752781226872006,0
3612,105.55686300920026,25.619940842651083,48.431116162517505,1.1369801393218428,0.5268288333004021,0
3613,104.10453357491922,21.499838224736386,50.86341157064296,-0.45740933831303243,0.36979878751905765,0
3614,106.97909890547962,27.498391424002705,49.537183996693486,2.5530314257528897,0.6430436365543384,1
3615,108.46427877908906,27.697324159372123,51.86058341857924,,0.165087448263324,0
3616,108.67318772729665,23.565449469064237,49.77274613096154,1.065765532098447,0.5285118418530659,0
3617,100.07098095666086,20.169727620451624,48.277953787023485,0.7662629691928059,0.6652100970521806,0
3618,103.57922451035601,25.76129953298319,46.92827065826898,-0.6842262107700319,0.32611205453414305,0
3619,110.9738143093847,29.913444219163036,46.27187034988857,-1.318213393748864,0.27225906161768243,1
3620,109.47323593786936,25.47109077531028,52.62501868790887,-2.5977055483889218,0.48173705733933003,0
3621,98.13570274259467,18.429296288568093,49.08442129428196,0.8296811695201392,0.6666543440639253,0
3622,106.75739950176101,18.207527709204992,50.677148380163295,1.7973895988252178,0.4543007277734206,0
3623,95.10887375312595,21.844343645907674,53.56645978348904,,0.554029802124908,0
3624,105.23467451030184,20.349405682324857,48.87439133740422,-0.5556674024950115,0.5154618063598555,0
3625,114.48883508372988,27.756614485719698,48.745045031237694,-1.0003774952891231,0.5548555115846201,0
3626,100.26053641365507,28.137668004432005,49.735676495289354,,0.462165703110866,0
3627,100.8283847725421,21.103425255725714,50.058865400839984,,0.624256946527761,0
3628,108.8201489078643,21.907737323398713,53.775102700511695,1.984470855626725,0.5724219171233578,0
3629,97.28599242395177,20.834963612581376,53.131641188188226,-0.5765897864502747,0.4399670184222755,0
3630,101.83622485057481,28.90059056845517,51.2417508318135,-1.8545751893038567,0.45550903246543345,1
3631,107.98220568790876,24.03179201546739,52.89882753799374,-0.7032079878162185,0.4256370879189075,0
3632,101.82857076155298,25.873644528984237,49.64356197486429,-0.5379219002381301,0.32103328081952504,0
3633,103.82015006394514,22.98578504039524,50.598329134376954,,0.5526342451379852,0
3634,108.72092855157517,25.572170322054376,49.39697271092261,-0.5602785830482265,0.44016176736905765,0
3635,107.1077304176828,22.630264520660834,47.41926323484072,0.6601447701005663,0.4562161104526709,0
3636,106.33409198147702,22.076141252750705,52.40774948358719,,0.564766395088205,0
3637,103.30438860364981,25.613760878081763,51.06339746797972,,0.7171319170979744,0
3638,106.85030557634478,25.09274493658787,50.036146946847325,-1.177551415068782,0.3492099103289146,0
3639,104.38133659950121,21.522335450015397,49.99506430137565,-1.2699623845142074,0.4562459892509838,0
3640,107.28902804962893,19.79218140383368,46.987570258186985,1.9122503359260186,0.5557685572907127,0
3641,102.5153398744101,22.42292032605765,48.04504933369457,-1.0726943571889032,0.6752052197406528,0
3642,104.0871551281023,22.98237166970291,50.67230634022805,-0.5214071732216478,0.5231031198774637,0
3643,100.05021103723993,25.544212001095257,48.941774665450986,1.5669066899241444,0.6710409057402063,0
3644,104.82496194996882,28.974345163642365,49.56457391756502,1.1250020944072947,0.6744333604356579,0
3645,100.94499568185577,18.434217570395102,49.79068787044179,2.461810824992302,0.6361059267332843,0
3646,99.42976774919003,20.92393215050214,48.63506246196578,0.7242027967562672,0.5175718057678338,0
3647,106.29330573927695,20.324591307354723,48.0641633599519,-0.9005990845290868,0.6068632772387463,0
3648,106.0636988792883,24.027532904325405,46.77528473814925,3.0857169734338488,0.7320746862911831,0
3649,108.91436867474286,23.156409684517918,49.70696344197692,0.8731211168329024,0.4590661050146503,0
3650,102.8443721521245,26.74845148584226,51.237217095220565,-0.23204300820249918,0.41597671320148294,0
3651,107.04026423418378,20.908990950538367,46.712731715560096,0.08619832455078008,0.46534459887449525,0
3652,107.75398786136832,25.133980388997102,49.951904349800344,0.2689223691760721,0.6293679741804478,0
3653,107.22386903915798,28.60628716319951,50.56228650538312,,0.6295838570474601,0
3654,100.8717315859893,28.928132879019657,48.02083919254171,,0.6119836597652543,1
3655,105.74681741135595,29.505415256700374,52.844283623096175,,0.5511337496522689,1
3656,106.8207014802733,27.279133824959864,49.228569261923184,-0.032751114262155996,0.5123830967075129,0
3657,105.03589233453971,28.87185487510698,49.797480623086976,0.2752447690539649,0.47374206013174186,0
3658,94.56761170814458,20.81437046382329,49.677460998804044,3.1172160890917193,0.6376262368156899,0
3659,105.8024481198674,20.370971332205723,46.45845115481789,-1.0249278948263778,0.5417414906966538,0
3660,116.06265519698621,18.07785700536632,52.017504143368086,0.9832279870711564,0.5445734983013776,0
3661,103.19980365621508,26.48213228914918,48.08896246316152,,0.5721633658895328,0
3662,101.35961451072339,29.24960625376493,49.52695896918853,0.4815317438181579,0.47244674246649165,0
3663,106.86674279855698,20.243224140500118,51.19532200255599,0.3022586193770371,0.5892545660433038,0
3664,106.56189105233285,25.643322905122545,52.921806852289066,1.1859016457104747,0.5150194205332902,0
3665,110.96367582708207,26.95751711066133,47.840135436206324,1.8122530765354998,0.4068902237844524,1
3666,98.71065922045557,29.131370821776677,49.10703282881114,,0.35438907145934717,0
3667,108.65690126287497,25.76232268820666,52.7648372600143,2.1250122610858773,0.618663586088946,0
3668,107.95211030625731,29.643524792985026,50.92742775855089,2.2312214078419688,0.8037108525222478,1
3669,104.28926731529727,22.13607769215057,51.34234271810322,,0.43529234155436075,0
3670,106.69343658960845,22.199142405256893,47.897736528447666,,0.4825874635048172,0
3671,110.14728740799178,24.51615012017215,49.24158094014688,,0.5118907168832758,0
3672,109.36157690014225,22.602022573390883,49.664329135239136,,0.4171497769943779,0
3673,99.28490343963136,18.017108739450393,48.28421048531405,-1.805213482875102,0.36136341870302596,0
3674,109.10079093377742,26.781264301043848,46.650860748652185,1.1663036584937858,0.5655266307123739,0
3675,104.67655697483741,27.0206044977418,48.979002882472805,-3.0754408387871575,0.30257132443614576,1
3676,105.36437049007758,26.963695256241245,52.70857639916886,,0.26941859597979545,0
3677,105.36598495500847,22.1402479993256,50.11834693112099,-0.0692430766043512,0.4315208421843754,0
3678,104.2487850560087,24.267473679734064,52.74858182714675,1.949695995641909,0.6589767684378932,0
3679,110.95853748553533,22.319682218120033,50.35804182845904,-0.8178668539528599,0.5237069667152828,0
3680,104.58141020075394,18.192436800367748,48.47058454082408,,0.6657122453686235,0
3681,99.40226935808415,24.749387295257023,52.55523802646344,-0.12147617167534616,0.6194797926146581,0
3682,103.03235072015136,19.48512799300813,50.424652281335796,,0.48086515510231487,1
3683,105.89347358405237,18.960495889097288,51.92367766485479,0.5633786234360564,0.4536272862607133,1
3684,111.14607392148525,27.065988824361447,47.863343657758854,,0.49213759478675345,1
3685,108.01547342474417,18.11407442901727,52.07751257922901,-0.8259523727318849,0.4434962193115737,0
3686,100.74732360626479,29.508101323304714,52.137778551088395,-1.5210373412375038,0.3616211213391245,1
3687,117.42594958339446,24.183064369350923,50.57953428871307,,0.5100819206110474,0
3688,106.32387655488989,29.796197168473782,48.38615582838044,-0.7315920285588913,0.37620069944980306,0
3689,111.37695368999508,18.6959708696725,49.907982342574776,0.04548580777495749,0.5807148334672678,0
3690,104.24142783211386,25.002354586390958,51.22258229447649,0.47591241039613513,0.42898925768387297,0
3691,107.66679622352724,22.191924431710934,50.46914003987307,,0.4933858731368025,0
3692,109.19734252259202,28.12178991377143,51.20216547621553,,0.6110157101733618,0
3693,111.09097355877128,22.334672822811434,52.02449181530581,-1.0215145091609554,0.5211542716043573,0
3694,110.28684152689112,21.12585094868819,48.70310669325616,,0.39161109398273386,1
3695,109.36098500036489,28.29063752519896,47.68984875807972,2.5610716571316714,0.7149523983818866,1
3696,103.42456634402946,22.495837099839132,49.924922397255514,-2.373989507961517,0.46097928524175996,0
3697,102.1412697902197,18.20199983832674,49.340513682260266,,0.655976165435523,0
3698,106.66303755162099,22.683469210072005,51.5716928263123,0.9678672304831752,0.6216859749860859,0
3699,109.66564036170534,25.854267228131302,47.85100322068239,2.458141870425048,0.7936274019993987,0
3700,103.88639649611696,21.05231446567658,52.04076374835536,-0.28449228768629253,0.49196830275798237,0
3701,110.32585982857194,23.183851109101887,52.70722421909353,0.04101449140634043,0.6420133421811778,0
3702,112.2630837274309,18.680581659386707,50.00060992852458,-1.312541132396138,0.5764495815307822,0
3703,100.4183954046329,25.05711349816749,50.12147225116261,,0.49523483442912664,0
3704,100.8153964810186,27.075539086324724,48.46490699753969,-1.7252309689513192,0.3448844134246082,1
3705,104.29812470547331,22.959750736813323,48.91467820205187,-1.1254274298279792,0.39246104569006657,0
3706,106.53806334094598,23.042791593617522,49.183326638708635,,0.598804207969985,0
3707,102.37716493116474,19.059389983018995,52.88588013567586,-0.6503652252928886,0.35251103792251426,0
3708,111.76101339433572,20.42329037414379,49.85625842837845,,0.5234205825883563,0
3709,107.12033430759226,19.85610363753495,47.35565408671998,-0.2302606899736659,0.6082099992294456,0
3710,105.1972352412037,23.780253223938455,50.51070868422401,-2.053260139306222,0.46402038957923125,0
3711,97.82045238065736,24.351066491409,51.65258024924455,1.7525479135669515,0.3523634946589909,0
3712,98.42092091786246,29.38728157541112,49.94917726135681,,0.2680858371724715,1
3713,106.40504625140903,18.878778051326808,52.93842687945398,-0.9026812632909222,0.6707545748061906,0
3714,94.33702186922582,25.198415677860567,51.5550173345318,-0.29954862290721496,0.6029793096478115,0
3715,110.06318704822036,24.317982327938896,47.90174254022429,1.508742930988811,0.5171444250770012,0
3716,104.2092307781384,24.19479717522995,48.897134375207195,-0.7897272340353652,0.311670421315388,0
3717,121.21546484797366,28.477911448593918,50.45245256284922,-1.3900757437051259,0.3055455065626262,1
3718,116.53958125308056,20.466461648345838,46.667621523946785,0.24400960734059407,0.5631165846512005,0
3719,104.09275465376241,18.48927929209646,50.672713474941226,,0.6816454064536945,0
3720,104.46831498734342,26.06725809161031,46.4768351454907,-0.7010858985587417,0.656271456094772,0
3721,109.97790757001015,22.14188956963176,52.04686691112902,,0.35866785238766924,0
3722,113.5158630495902,18.211078994550295,51.814547369583416,-1.8053943230896983,0.380153156153399,0
3723,96.80985471281991,21.016488087484966,51.00956272183014,,0.2851571878504498,0
3724,96.06812267322657,21.711921290601744,48.64824327129538,,0.6740997887420416,0
3725,101.8898259722281,25.402060521410903,50.34040564922708,0.15627914004236607,0.37470787577805875,0
3726,107.91368791586932,20.071029528591264,48.9732450249707,0.26127132294340466,0.4584817284293539,0
3727,107.48436795253798,22.956652175440777,47.938369445099866,-1.1729840710156165,0.3546246846589161,0
3728,110.34885727491925,23.78970533301399,49.32251397645718,1.3465482652410163,0.6196878718540687,0
3729,99.00151235817346,23.51084869636909,51.39653107298419,-0.8002278902187698,0.4085027183527671,1
3730,93.41928068515561,29.68728920000138,50.08762838566352,-4.179221531670802,0.2539211539406503,1
3731,109.29007097651072,18.546050853483553,52.901419848268844,-0.8505500107629473,0.5085643463190166,0
3732,100.85901863517383,29.41161823742879,51.53156107896055,-0.422119616886675,0.6431461029681075,0
3733,94.90756067805681,24.9832465679284,51.31738162781124,-0.2551254065017691,0.6988212801460589,0
3734,105.72531872979691,27.54873257963806,46.78214690110879,,0.5306753928322421,0
3735,108.96587844109338,23.164711416192905,49.42968293968944,-0.9673719254644155,0.4427740045458515,0
3736,104.38971433939362,23.446054575083764,47.8712551791316,,0.5760106512013154,0
3737,102.71075806908755,28.551917988189885,49.633994240752195,,0.5943680546917537,0
3738,104.20318883927047,28.751213955502827,48.61344775215369,,0.46477038672319415,1
3739,103.14708618799608,20.86426657717557,49.24479009388412,-2.936394440715813,0.19524623484279716,0
3740,98.25976444029916,20.390902543015418,52.1223254647477,,0.6281717020609738,0
3741,101.42659661504784,23.954822086439414,50.95049985801167,,0.5444252514309786,0
3742,107.60639952506907,28.8033243255323,52.01422885796327,1.3191008700809954,0.4765848124835083,1
3743,106.6083927068825,21.868261120874116,46.79863378196803,-0.38334796555615785,0.4136449959746938,0
3744,105.8402990298341,25.824175384069576,50.115949393231325,-1.7904408196612933,0.46868118790421504,0
3745,100.0242575907331,26.497820252887212,51.9334099627932,-2.9094702227969496,0.10336262448142172,1
3746,104.09248418932167,27.344095978729868,53.01259182977431,-1.335294113935299,0.42068797786626905,1
3747,94.11467476778573,24.767093495051558,46.90382322061502,0.6337796160862788,0.4661827248861048,0
3748,105.89238331942695,22.829462139347633,49.29703272767766,2.1621733551133833,0.5324145765997168,0
3749,112.14428853906784,29.604191865587673,52.06845334800953,0.08112811915727093,0.45833709340504275,0
3750,97.62933933978947,25.335969039634232,49.61544337437711,-1.8203848355041676,0.2610407210831147,0
3751,102.07036163341122,26.74278253959925,48.17916465166055,-1.3198809037576047,0.5392539591937071,1
3752,106.64553389355065,22.13979414835054,46.90000164300798,,0.2235575712326504,0
3753,111.26421317213742,26.03939017203696,48.10259693067367,-0.6089829023472161,0.48647960906272675,0
3754,102.75887691849925,21.09357194596951,46.62219666287254,,0.49931136900295425,0
3755,101.53874835367051,20.941163010343633,50.116920913668054,,0.7882760767618043,0
3756,95.15538428791959,26.576666421713117,51.79262037155732,-0.2583838421623295,0.48934945174030037,0
3757,105.51719064654053,24.256736835155223,47.478050482182795,0.2746051651703962,0.30139697722281444,0
3758,115.21038020071872,26.19931932506868,50.5154594824221,-1.1963368393101985,0.49486526568635214,0
3759,106.38679230982338,21.2332618889771,51.69054205889174,-2.56486266653056,0.26249919556902734,0
3760,104.88860510408144,25.184680092680765,49.9945833463033,2.6825075301941186,0.7326142826183561,0
3761,106.61041155383492,23.327203796437352,46.77861141016551,-3.483730575890309,0.38758573775882044,1
3762,104.94453998025699,25.163523442146335,50.772423109325004,,0.5095715259137605,0
3763,100.93492813869935,21.490556786930632,49.89070611047106,2.694608782739469,0.6534336141756996,0
3764,109.11639957838852,26.585411563789485,49.68699070279829,0.02492310700567016,0.5831610346349438,0
3765,106.12880761555877,27.671152393913587,48.90632550847907,-1.6888723606320641,0.41983179761263817,1
3766,105.08806625966828,21.118997686292683,50.173574852548086,,0.49223739330465943,0
3767,100.12316986360875,21.607446718267706,51.01963581689392,1.1595799590689668,0.6645544911340155,0
3768,111.5175396596738,25.933851236629117,54.781296268671696,-1.9990284677216166,0.27700017952137923,0
3769,108.32351372666555,26.34702209164253,50.22466413677441,-0.7992680647043616,0.456405874697535,0
3770,102.23539581316349,26.4491962127694,53.02228232002535,1.3143687955585812,0.5088618825600258,1
3771,110.00912426840969,26.19238205731004,50.715510166853754,-1.2253586195557367,0.5229414757180053,1
3772,102.51214580807397,22.713692603430466,49.80094334470449,0.4232456079207486,0.4264942158966053,0
3773,101.08998253744481,22.73824409284414,50.29709505542259,,0.5659776547149715,0
3774,101.20148441259856,21.05781148373258,47.556527260614985,,0.3249549878386656,0
3775,96.14465723455955,19.882004398756354,50.61172054150408,-0.5118724789931433,0.6231786812518567,0
3776,107.35771190209103,26.310928552762867,46.01586987035726,0.3924539978512336,0.46637106917624677,0
3777,95.84427560830825,19.118265431667755,48.274667284222936,,0.32550708856131094,0
3778,98.8577808436712,29.25350744144138,50.21968618626762,-0.7944170853787025,0.3254589764607595,0
3779,94.62205995460734,27.920235644057417,52.387964546357686,1.56674796621272,0.4800379219348794,1
3780,104.56965153604554,28.290068879487073,52.861248793996786,-1.0564727231158344,0.48847448908574204,0
3781,104.24839769864064,28.880025775382283,49.526906840718134,-2.2264896538286383,0.39188236822843825,1
3782,103.36651893406818,22.903259648678883,50.311434639060884,1.6962477347433915,0.5896227015571825,0
3783,99.78711152664712,28.16040868020481,51.968724939164055,,0.7074591201690807,0
3784,99.1388312328168,19.896735603499792,47.34101285561416,-0.10328443725693129,0.32760798682009,0
3785,107.32184931773287,18.259701535298827,50.809495010631004,-0.14758774066203323,0.7244027773158659,0
3786,102.24724034145756,27.4186967359662,48.344214265268384,1.542423706657412,0.6949486533883473,1
3787,106.58179160768073,18.897559775963273,49.65634991064656,,0.48951032428827124,0
3788,100.57375656937889,29.86229600791106,49.08195349901137,,0.5875441896552586,0
3789,105.9053137138554,26.097557155218674,50.870716254096294,-1.0388495922106278,0.3797730119647971,0
3790,111.51639018658032,27.041396522905266,51.10060734801818,-2.8760325132101174,0.38812169528374874,1
3791,107.93082900196391,20.94964627533439,51.7821573547948,0.9328705503126822,0.7616278673728776,0
3792,102.9379309089176,26.086384727036258,50.696397656928895,1.651391882499273,0.5179407732997605,1
3793,106.28599485177963,18.518639247059486,50.34330753993779,,0.45995729160272864,0
3794,103.79667412734894,28.05390863908321,53.7080476008772,1.3316348756902703,0.4909051217247256,1
3795,105.03940092347364,20.03548911637887,46.95128185960564,-0.5028191897653762,0.4152476793495714,0
3796,103.37194473925749,26.368296802005247,53.391219720258476,-0.13604874197770866,0.4529281597675529,0
3797,104.17832397057305,20.69376601479274,49.420356182263205,,0.5219436002616497,0
3798,106.06046676537088,18.821438033112514,51.14178317273661,-0.43728008055964607,0.4517747892906372,0
3799,100.03320650209025,23.77792414259273,49.348680638812795,,0.4791305351434334,0
3800,99.9206058650501,20.031434523273475,48.59491674089675,-2.804969284810971,0.31943654522893095,0
3801,98.05728723084394,26.7533278599186,50.96915438558846,1.035109739971488,0.32184595207702543,0
3802,96.99864447748145,20.85079012060182,52.08425661722889,,0.43133012685387073,0
3803,98.9135865388976,22.109670674829946,50.94601590993481,,0.5063147136215028,0
3804,105.79731253402065,24.809271015173675,48.91576842663424,,0.6661262379368951,0
3805,100.53606242254058,21.419619330927738,57.22270012563134,-0.6686890732379142,0.46924741835614814,0
3806,107.56807232115548,22.53585739451954,52.397147341732506,-0.1765942347924653,0.5847288955136428,0
3807,105.17356874376281,27.78746125248464,51.8666846084145,-0.06127850933911224,0.45436610369743696,0
3808,95.15747893280974,20.150518194732307,49.29407153851559,,0.718023363338042,0
3809,108.27487792110846,18.986419073783203,48.74966842342192,,0.5195615745185477,0
3810,109.05399322795854,21.94029342159623,49.44032184831412,,0.5993025527949941,0
3811,100.03068662582574,23.092521204166538,52.162813088784965,1.9073338702062848,0.6794032316184783,0
3812,107.10095771447496,24.51191138563881,48.01879132584834,,0.6334216728561196,0
3813,100.71750881295401,22.469084354100083,47.86359233709137,0.74192115290373,0.7535110386632371,0
3814,105.48835188374167,27.47894040267366,51.07909506672203,,0.5506992543110235,1
3815,98.67750796522517,18.47183385202168,50.63839288928424,-1.9627119463879852,0.5432427337087334,0
3816,96.03446773732712,23.181210458382694,48.45937292421821,-1.0266933018738547,0.5642298471788623,0
3817,103.08591405193516,22.587070975876856,47.81759284316955,-1.2313522902841398,0.4433790262871967,0
3818,104.38135526862582,25.77094188968231,52.875793986736866,,0.6613220102645297,0
3819,103.01160153192698,29.59531502276875,50.71400885059912,,0.5367867114595353,1
3820,99.0798472088872,24.124504879546347,47.272928272543936,-1.6726551782801224,0.41859889674191775,0
3821,103.00050468934431,29.842522163300647,47.41274892783541,0.7541987952166587,0.5371615759559072,0
3822,106.34647376290367,21.62699273895837,49.27697605509906,-0.8805913776063568,0.328651862009122,0
3823,104.77553484938731,18.370417590509533,51.46568361399527,,0.5501215994371503,0
3824,105.91250515299606,19.98795800971695,51.19001760421656,0.30062349515078457,0.5755709889401001,0
3825,101.64942399772883,22.74149861729481,52.263357074002435,2.5218722085922494,0.6156256784488269,0
3826,110.8585895735808,21.796006910262626,47.0193003850784,-1.0685205783811909,0.6228274258276759,0
3827,99.1191333172261,19.16464957180053,50.44769337955931,-0.12014009024015358,0.45027098974847407,0
3828,107.4378014854336,23.1919212922886,52.85182066464272,-1.6173378383955832,0.24615336661911333,0
3829,110.9094554647998,22.057389259914753,52.6656034609522,,0.6360745184143,0
3830,107.40454046374448,19.47143064548926,50.717819962825374,,0.5195603231009627,0
3831,103.98737886467585,21.553405567342907,54.69603701730775,,0.5809630478426513,0
3832,102.3585147666851,28.637232664264687,51.218570232831716,0.6379631542331682,0.4979536210201728,0
3833,110.18043825523128,21.62458638587208,52.085493265682686,,0.5857378611113204,0
3834,97.88512537369164,26.56746507890462,50.088895837551014,,0.31743844231749996,0
3835,100.14937869810178,25.34456495589307,48.43804941431143,,0.5155814324586091,0
3836,103.0122111725414,23.126173948900462,48.24958159844251,,0.4181127515498233,0
3837,111.18826878755999,20.86830764164403,50.36323042958884,-0.08662874587699176,0.5218566890775859,0
3838,106.89883818020448,22.428176392151343,49.576995986299586,-1.862134241261565,0.4992401337874938,0
3839,100.15977120744877,25.105286561652512,46.46282866017304,0.22988024897717285,0.40673149383136153,1
3840,103.44846147307548,22.20903857699226,47.94841283014852,0.2774349298667472,0.5863630145701793,0
3841,101.92838427951853,20.57875720289078,49.36319285189182,,0.5276044593794332,0
3842,101.45105503883232,19.397552986699587,51.454558751874316,0.6000761359158141,0.5983890449583468,1
3843,109.8944477927839,28.557203254914782,49.96785222767585,1.0418934886041458,0.5278721978940851,0
3844,98.14128435368247,23.28375570902287,49.85587157899897,,0.4880497920948485,0
3845,113.04390427867187,25.50249986091516,48.026174745993366,-0.32504412964252816,0.41416713705307934,0
3846,109.14114845092311,23.884924333641663,50.046332160124194,,0.37045736046503913,0
3847,110.45430835301849,28.47079822029556,52.63820205489198,-0.402592231312504,0.33447718790084013,0
3848,102.68530243987371,24.563218229378528,50.31115022551712,1.4391353355927672,0.5216801346625624,0
3849,104.25029640460446,23.76937701538936,46.98537283703627,0.13526774503884784,0.34551103847465436,0
3850,97.83424092737644,29.09521188506055,47.49695441139094,,0.5084180584211293,1
3851,102.37668796466599,26.636275152544254,51.177577754446304,1.2591433787965407,0.5546740526648857,1
3852,107.46827423821576,19.338598888162288,49.55136904955476,-0.17565484028299524,0.5831445160591595,0
3853,111.48031530890698,20.13245353436177,49.85083953979297,-2.65456624968793,0.44597852306652785,0
3854,99.46421591598774,27.445474355273305,48.774531649970484,-0.3784347904301967,0.4817199746541881,1
3855,103.17247031507367,28.03021585415945,51.006824424399824,-1.9025465679219198,0.7585258370912407,1
3856,104.24350389883739,24.542289949083557,49.3981645735093,1.1296969283912297,0.8492493700064447,0
3857,98.02105398903757,24.65346273439967,49.626773556542794,,0.6365011743627197,0
3858,107.956746208792,25.583195554217333,48.29755321667375,-1.3856180472026487,0.3402002370606896,0
3859,101.38004834128695,23.269389291391676,51.84338259628554,,0.7041102905323374,1
3860,104.02304824411488,26.162389481806848,49.557734416767154,0.6877884989943728,0.35953618080420735,0
3861,102.74025314044061,19.301775090796987,51.21576066623952,,0.6219922865246116,0
3862,101.05330747140162,29.53535090840864,47.61281687193196,-1.868396159304541,0.15096801389300693,1
3863,104.96477507259722,27.00185788553906,53.46776627675722,-1.2637106903048902,0.4049188118710441,1
3864,103.92195210715988,25.574090448108084,52.554748077026446,,0.5566030802582795,0
3865,103.14071058860667,21.795864684113766,46.18040466068214,1.1197458048965827,0.594507288063249,0
3866,101.35769189159828,19.93146584948075,48.39612504987257,,0.22607520332657274,0
3867,106.59762335391477,22.912115565947335,50.95526878201977,,0.5134872570512783,0
3868,113.26808634246143,25.938920886888702,47.360542687701994,,0.5197910620228399,0
3869,105.69943616419563,25.60451692107733,49.73681183567335,1.553308526663125,0.5981439710116434,0
3870,109.98059107455565,22.591693860786858,50.85326357195359,0.3491048365129802,0.4767272362295178,0
3871,98.04889037423268,25.359436725997558,49.63054817604103,,0.6256489163275789,0
3872,105.78880719646885,27.764979546810572,51.07767740707419,-0.7880400055950281,0.575089158452845,0
3873,99.51315840514467,18.315417268051284,48.61334019079624,-1.8464972812578924,0.3922561291358544,0
3874,97.61537536234049,23.40745257516331,45.51163691566376,-0.4882139638147385,0.6275547852067401,0
3875,101.30314296270481,27.102662741601492,51.96423062433012,1.1657435788896484,0.5426611061678243,0
3876,110.95949667206787,24.553733645560527,51.95162930720506,1.1623359467276526,0.509135361809045,0
3877,109.75007914334823,25.81771305514884,55.00727328457666,-0.6458813566735446,0.6033969349086098,0
3878,106.215023610272,24.200116711264105,45.58562696413137,-1.291115706972837,0.567486516949081,0
3879,97.33649720055034,29.90249453618773,51.501664218693634,-1.5850186873607797,0.3587381855621414,1
3880,104.01859674306031,18.655458437868457,46.062635723833225,,0.4132279152315812,0
3881,106.50850004450868,23.89253786126853,53.51298656335064,0.20482675757899893,0.6866798278932129,0
3882,105.87768114789299,19.096998589374213,50.97573366739202,2.2097872694636376,0.6002231673307005,0
3883,95.78103208259627,19.917426745362846,48.09614230464749,0.1849961364283118,0.509578380263024,0
3884,100.54841075990063,22.59646020501914,51.560444949202875,,0.5208077058007419,1
3885,104.67961117925641,19.86648109800585,48.89390998456613,-1.1707019818563282,0.5736259846315854,0
3886,107.68145454758594,29.56424599147981,50.60083219910254,0.06255150739368613,0.7175447251219298,1
3887,94.01936089450027,29.36147732070191,50.41192143241817,0.2101176833052985,0.5175045470948736,0
3888,104.18938012260071,22.033315754647248,53.48833627229459,,0.7312324160867867,0
3889,105.71524384939477,25.676972544452155,53.62985182017302,,0.44291283531290426,0
3890,109.24805994258107,24.405039847125433,48.80546925345299,0.1893277014301591,0.48118618142861297,0
3891,108.46428792118718,27.78704376618922,52.116211235992076,,0.6033865203340913,0
3892,107.91285659404403,25.529347317803307,50.709680311140595,,0.5059847802776983,0
3893,101.00029746649032,18.003029453886747,47.174635865986176,-3.398321687459565,0.39610514757195125,0
3894,95.45998931438346,27.158092627316865,48.60754323925564,1.6706062712080314,0.5316808455634254,1
3895,103.034736214693,26.962177455553416,54.67229219919925,-2.5662121744769655,0.2172768332759629,1
3896,110.0081591260428,24.116672466797773,50.71570880220931,0.4631442315551284,0.3489069093987066,1
3897,111.96727263762216,28.835027678796646,51.999559159035044,3.53344345363271,0.6442931402435017,1
3898,108.55274551148892,28.90135446828482,49.57591137526602,-0.06381043263867268,0.5385706479511858,0
3899,107.14670411400867,24.286940120452766,48.920116170561315,,0.37738246092025307,0
3900,106.89819824192983,25.29585877435845,50.05452901526895,-0.4653895708807017,0.4945896637055324,0
3901,102.2194062661961,29.95826486309607,49.467791889507566,1.0008935208974055,0.5681868480509987,0
3902,104.3496985322319,21.58584281773701,47.0134941379368,0.5433128289596125,0.5104014348723678,0
3903,113.34534762913165,21.89540690773773,47.993349085091936,-1.0140708671686065,0.35667175846066934,0
3904,100.28720997104062,20.193286831961956,51.415769028824464,-0.17152958277723152,0.5154472132761698,0
3905,113.07389395354926,28.750403269894417,49.238618621795176,-1.6776547556658192,0.40188367838160105,1
3906,103.3898592275397,26.933860679391195,50.05140976405581,-0.17841213184847238,0.5892537275307261,0
3907,111.62716054547539,19.267714186442902,50.469846100994424,-0.6290582803751055,0.3392664339747442,0
3908,97.96592495251231,29.78120821437559,50.62610009763744,,0.5216370647006402,0
3909,107.92952100582325,26.771540497933394,52.29315812263074,-1.0648708457129088,0.319572149383206,0
3910,101.31614932026189,28.206265315259692,47.80260836986294,,0.4602102242136593,1
3911,97.92366404037907,18.57780947007841,51.14050544708725,0.013159162782216238,0.39114995930224444,0
3912,106.09267021205473,24.05953102730601,51.5100555870393,0.11762654693498611,0.41415340403233675,0
3913,110.04735894297984,26.383179440724472,51.971703558003014,0.41142557355876347,0.5201866637340773,0
3914,100.77529280703251,24.515359014862096,47.17416480117026,,0.4303747951392481,0
3915,97.50492019770799,25.99976958839133,50.509638436694,-1.1800404883975446,0.5876674589335339,0
3916,104.54077617832523,27.81448876308567,53.43215189279704,,0.624071975091954,1
3917,104.5628233561141,22.492044755522354,49.80175896168675,,0.5670608908456993,0
3918,107.7415981377725,28.184024107424516,50.96698940392858,1.5369684631608151,0.6553439692475361,1
3919,109.74797285682244,19.95499325718349,51.56079118917037,1.7261122513655391,0.5993320030147091,0
3920,104.70292409363753,21.250632660316498,47.94906031120348,-2.058120653155532,0.5275735700358686,1
3921,114.27751657397131,18.52014743912791,53.66764945799995,0.9257318226266262,0.5168823127139994,0
3922,106.12117372267646,22.373121736023013,50.999001593937805,1.2266162416348623,0.7732680057295367,0
3923,103.2678674699655,22.558914537889443,51.03900562838685,-2.0187469437962093,0.304843504162569,0
3924,96.94216320448587,27.66324716648701,46.67594524397893,0.8692092283690709,0.43057790213268343,0
3925,103.68670239841916,25.837568043475873,51.589089596426625,,0.42769920203806283,0
3926,103.31806527294432,23.240670697867998,51.012820682758274,,0.3066898382351189,0
3927,109.80152398140736,25.82536774348498,53.248382655444125,,0.31933879504629403,0
3928,107.31241812033427,18.633400206188295,49.377469571391295,0.2794799037303325,0.535383647724439,0
3929,99.10315439183691,20.163258432220513,48.024683340803115,,0.6281665430943347,0
3930,105.86127193205519,25.523374262901058,48.63552201045133,,0.4292807853275412,0
3931,108.35765585864527,25.69640183070363,48.9900435299854,1.7355100467234181,0.44824641145835786,0
3932,112.64015679693917,27.289615904489125,47.76230696373725,-3.044022195098404,0.3008309419732035,1
3933,109.4375198370703,22.835997108643227,52.580320047531984,1.9856183233882496,0.6834295111978236,0
3934,108.8042332715574,26.670649159393875,52.655395725863336,,0.5070771822478781,1
3935,105.30042997307582,26.207763990722274,49.60841659771989,,0.37352900032583486,0
3936,106.94156002711725,29.56072054043819,49.21448015583161,,0.4134520051762812,1
3937,111.2475245035308,20.58156271709615,46.36903617336137,-1.5716985654031947,0.3791406976884468,0
3938,98.33611301260176,24.620154765031675,51.39192251060721,0.17240408159081289,0.4383639419841081,0
3939,103.25280336391522,25.22117330532563,53.30688021765169,0.35775731071289274,0.5092505500512031,0
3940,101.1371562562188,29.98377461921065,48.725610565480885,0.3542022209385216,0.5653480513149101,0
3941,106.89576559363061,20.41420970599982,49.7664309484472,-1.2595763356730194,0.40877405198174843,0
3942,111.15111087825395,24.27861623960751,50.86858292263146,-0.7441157585363658,0.4812749317117484,0
3943,102.01512856639464,22.15422369256367,53.44883672121981,0.1901172992262229,0.5567063799121047,0
3944,93.04847816265281,24.310715622947995,50.39955244367019,,0.32251332413088074,0
3945,102.93889627487765,20.78554322523727,50.39085983205304,0.4071791914149123,0.7089630892822398,1
3946,109.56736866008703,18.571348541129858,50.358637002319604,-0.921188952339868,0.37979779163128236,0
3947,107.6881495147494,24.870785446772267,47.149934986192655,1.5000000391158652,0.626655626926378,0
3948,107.14093123905288,22.030251790329984,47.10641869234027,2.344027425856403,0.5036029446047974,0
3949,103.6000334906276,20.183296820981205,48.38400966177026,-0.4461962619858889,0.48870444826820447,0
3950,98.60484631890107,21.887226792936406,52.02578114807474,1.3803881414551582,0.5836926025300355,1
3951,107.57647160812233,18.591362417372938,49.329285858908015,-0.3184568123648994,0.6499870909188665,0
3952,100.82859094982688,29.40530680908124,48.94079190239542,-1.4046467951120154,0.40650575974854664,1
3953,115.92048366690229,24.973774979679128,48.90565079171247,-0.6385766108327435,0.5980181243777989,0
3954,107.85253604177258,27.777224176164296,49.72468624305465,0.12835461113431954,0.5354635574964438,0
3955,102.09675848723025,23.077418370572765,53.40421586820328,-2.6804364966406076,0.5511888769892441,0
3956,101.94307376305686,28.83977601079423,49.69760522860576,0.9384851421682446,0.3689143270803809,0
3957,104.53527896693205,23.79981865862704,48.42740518925029,0.12903127340454576,0.5546684819046244,0
3958,103.80249038989125,24.88734386640803,50.05049125816326,,0.3077513155257135,0
3959,110.58416887764977,23.901527760751883,53.510167211523076,0.9122063306570374,0.5398033695404463,0
3960,105.93208084872023,26.79933955041182,48.994350562128766,0.1799224757458327,0.6110953708254385,0
3961,101.34184130545736,24.799872931224748,47.63798998313811,-0.5337524030241942,0.6178740677188456,0
3962,114.45220342577892,21.25918708296477,48.99801746053917,2.284292582554481,0.6880770844880494,0
3963,105.24654165760111,19.746474375871756,50.257527472696864,3.2548090302540498,0.6336842305575263,0
3964,108.84419837984449,25.273492666595732,51.37648190165068,,0.5290766783796577,0
3965,101.9588674627762,23.870159538564437,52.01376715736449,1.5634402105538268,0.8298095961594536,0
3966,106.81557813872261,19.151708360353354,47.908565452075344,-1.0601244884479537,0.4545316446368758,0
3967,106.55554995571597,22.747409589519222,48.09830933108186,-0.8815289305335905,0.5520271970357299,0
3968,95.55175353951924,24.177317064005443,49.35347548122502,-0.5793674272477483,0.4280963996861091,1
3969,115.0763755523032,27.92271880590708,51.36898604939379,1.0270240314095243,0.6583939819410659,0
3970,111.45322230461274,18.91321267000035,47.47998420469549,-1.612369941508587,0.5099870987590897,0
3971,103.01402341927006,22.181944178952037,48.785346179164605,,0.5551959503577831,0
3972,99.48865129772072,27.871873472524626,48.81451254117611,1.4068083860595442,0.6480710314633362,1
3973,106.73780806901776,25.781087181258947,51.88349771072874,,0.6320920296360001,0
3974,105.43348849707198,21.47949986164544,51.056521521328875,-0.44072199900403336,0.5519581716766326,0
3975,106.77834474281615,28.14402146427171,51.80743672209984,1.244231384785112,0.5580969750619543,1
3976,105.95788698097044,23.919522966752307,52.67735594846611,-4.376044291954597,0.40410701118274306,0
3977,107.53120494652963,23.980222695725526,49.38869980982184,0.6613520452387486,0.43957507164027204,0
3978,112.23652849695904,29.71904807040461,47.625187690292634,,0.5129839597628463,0
3979,107.84051602564323,29.365398038836542,47.63807276430596,-2.829323347826842,0.3696740834703307,1
3980,99.75172250545029,22.302392200438128,46.32378486988232,0.6093794740982531,0.6476062679475328,0
3981,111.81281426356226,19.686949543956988,49.082466340667615,0.8863375888141093,0.4476693567555051,0
3982,113.20307281744144,21.90800078733713,49.23155477033652,-2.780599117251268,0.3850795584282801,0
3983,120.76028367256042,18.365799123736657,51.5751068136101,-1.780157126478121,0.3617588392702382,0
3984,99.38252983380201,18.249214640524695,50.03382843435321,3.0965837277764265,0.6657744531953764,0
3985,106.21441006575138,22.746265635017032,49.01934311131479,,0.5252528191534168,0
3986,94.58950648405506,29.29223787236681,49.768002547678826,1.4634390892475808,0.44532932039456036,1
3987,107.76574578189604,28.456288094786494,47.922053032570474,1.6902028864345127,0.7109161903090045,1
3988,102.25899850916613,24.137314007011476,52.05081314150257,0.5909052209929015,0.5723283953495469,0
3989,114.61722897412477,24.782716574049967,48.42816887438099,1.5258620267839182,0.49043349940609704,0
3990,101.1269251499071,18.071201960952678,47.72013745612821,-3.1693325372470773,0.3074154528543033,0
3991,96.55408481016369,20.586013870005186,51.63576393341494,,0.6321299414400684,0
3992,102.6436812964874,18.297289523212605,51.1483284167277,-4.620898090760891,0.3105401890892709,0
3993,95.12256114391431,27.054474392344652,46.55262924288198,-2.6191404968508722,0.2725550008057539,1
3994,108.75549727253654,19.747749552317973,51.71000326942045,-0.8190217454774209,0.38069840334302,0
3995,94.6745847687184,28.428565229721805,48.51681472181189,,0.5125753653217479,0
3996,105.1422879059158,25.71989176410946,49.25179094487216,,0.5775853157988138,0
3997,94.61094090071902,20.75302411818856,50.37404021538787,-0.030975767404484253,0.5347377552602541,0
3998,103.39851097731679,19.892643804998997,51.17324976523364,0.20061364497184758,0.4808843592339639,0
3999,113.21689077902266,25.53149641107664,50.890958349375055,0.2620644729460186,0.5940715757434701,0
4000,106.80323945717898,28.81004376338788,49.900363338187994,0.49938408690445646,0.4937801094988533,0
4001,100.68253197517532,26.62032262697258,49.15071334216818,,0.3426025099996121,1
4002,104.84398255530458,22.18255981924053,50.824441387130896,-1.0871884790457023,0.6043020320207766,0
4003,105.09008436022224,25.048603143223765,49.76322432531154,-0.0553170889421291,0.5461137599759659,0
4004,107.36315172921702,21.729140344469055,53.610708918251845,,0.4199201875252094,0
4005,98.16570818359587,29.989794801343905,51.172818019939804,,0.43228097127059495,1
4006,107.96283636923665,26.986070261542213,48.15316875001929,1.622339071519577,0.5838463978760067,1
4007,91.47804184198613,25.372579677081042,49.0448000972527,1.0872010163262384,0.51936830148161,0
4008,101.85057723818095,23.07910971318995,50.09638435451966,-1.2895750280446927,0.4588762363406634,0
4009,102.55863078774227,25.41782748311469,52.59886243014091,-0.31254901937502855,0.39151978293549794,0
4010,108.16663413035619,22.09939274960802,52.82221001822427,3.014309476195673,0.7380794870666098,0
4011,105.11315426338435,18.346378073496368,49.207730559268875,0.24086555675142227,0.5114271605472057,0
4012,97.97218473071857,22.74106226827959,48.132731566821114,0.5935289328000984,0.36873101432719346,0
4013,100.07503437091492,29.165769834958404,47.877004717587624,,0.4315146130732233,0
4014,105.99340004773704,25.51561313728639,50.50485751443156,,0.4149299440758288,0
4015,104.60466329067722,19.007468436850818,54.60756861843499,2.2669889786751036,0.31430881847687314,0
4016,102.10437945182127,28.61992336074031,51.078188208510205,0.16994164093880432,0.4929156606086417,0
4017,102.5958310524401,21.226498192098177,46.812174946631984,,0.5983581680589841,0
4018,108.48083998579645,20.92523391699273,48.547991793508,,0.4897915827483566,0
4019,102.41153713565393,21.56509162536385,48.75217159631018,3.8180741826227766,0.761718114643537,0
4020,104.55954377985464,24.92642683351149,48.355994959770186,0.059711254721826985,0.5038350644737585,0
4021,115.84968294040272,24.53625712120772,49.22421235013156,-1.245115048820402,0.3921071684797761,0
4022,97.88158681558039,23.89696505547458,50.73878972203988,-0.9830263524228573,0.37768853446117856,0
4023,95.74078634212671,26.610442362151524,51.363962338645294,1.1711340035821558,0.4302772247404334,0
4024,108.91794832399303,21.79845277601951,52.18352698183329,-2.1427216899701653,0.48544045812110587,0
4025,101.60678469352948,27.38477425886917,51.04840514609435,0.6758744721963444,0.6068685945357322,0
4026,103.4088123612869,20.10386014054319,46.09169951934232,-1.0857262914741639,0.4178845163795423,0
4027,101.09421810934442,27.39144946892411,47.885390824937375,-2.7881543346780115,0.15816574194541536,1
4028,103.70099929616244,25.965721263003395,49.68381192628162,,0.4737029790356342,0
4029,112.9926905604817,26.19849971457104,50.29455971153496,0.04130071451798937,0.41158732773841117,0
4030,109.0106422930906,23.778640765527122,51.722836719752515,2.092751090239225,0.6190257918614926,0
4031,109.31111755943489,26.004018392170376,50.086368352433546,1.3699941179199566,0.41437501368641866,1
4032,97.91886472103677,18.95756455871349,50.10141450772735,-0.4405353392561297,0.48717313153356956,0
4033,99.24423131723566,28.218613404592407,50.47559472627812,1.4582806047271393,0.5597823221304393,1
4034,90.80460670257287,18.66656680185175,49.489956522437595,-0.5351697438585818,0.23226979384186233,0
4035,100.95309589458623,19.78489811845797,50.17377027975562,-2.199767377118834,0.5518075005876981,0
4036,109.78351593192829,24.921476501966836,52.251664358023504,0.03163145344901491,0.46901212454794083,0
4037,107.58473257874185,26.872937465480298,49.832178202432,-2.258900992510177,0.36112774215243737,1
4038,103.89243368523938,18.91501877215504,49.93957454643143,1.1871124612275934,0.6128233201777105,0
4039,104.88849858140973,29.04917776946784,49.93282919046562,1.2088201335103164,0.5553742468564223,1
4040,101.55557228712297,29.683291785608382,52.595547627582334,-1.3199549092953933,0.47040025319884393,1
4041,106.02379441200893,25.27140207609253,47.78389334634112,0.21839626023849304,0.39648155431019,1
4042,108.82939139740307,23.774921464522038,53.55169378958239,0.20407385128716166,0.49598553668056,0
4043,96.92056606294764,26.896739667356997,47.647236290968976,1.307945072650862,0.3744655350231063,1
4044,106.49823843918674,21.940288227926466,48.691559477344484,,0.38285516403228265,0
4045,109.66217435477334,23.919173209261277,51.48947653943064,,0.6894683529136134,0
4046,102.92449855518315,28.993812321772815,52.060633390947345,-1.9751538765082648,0.2506436540752075,1
4047,108.50350306060292,29.4678651028984,47.193001966003024,1.165783106509306,0.5232143267695026,1
4048,119.07327222236276,29.12482939261422,47.81459627350583,1.5940461019997187,0.367309164460394,1
4049,104.47828603506554,21.14937680356608,50.5556856189437,-1.0043870904598386,0.45057532352088675,0
4050,106.96653525002662,20.78962848260116,54.68883877552759,,0.6380521246535451,0
4051,101.30971458169304,21.57197407115177,52.49252556199736,,0.4202951020065515,0
4052,105.90625581301025,23.29573334866152,49.50380590073638,,0.5222819509160106,0
4053,107.30135812491152,21.770008953503563,45.161741723848486,2.1576843572439612,0.39346724048697146,0
4054,105.9742117013507,22.490553548868697,50.16328546884232,0.5187227912272975,0.40178025165584974,0
4055,99.90152340145572,25.447643425449115,50.72459360729311,,0.6109831193566898,0
4056,106.03180885662725,27.15030812512771,49.234609717834395,0.46862973014988446,0.6113293953179145,0
4057,112.31097969358818,26.826698379215003,48.29855201890681,-0.9056375530966907,0.44558417756413193,0
4058,107.24317882257263,27.773082804949823,50.318330520642775,3.936940018744116,0.7130763223996623,1
4059,109.8099359453592,18.386212838584825,48.115477612212075,-0.879796935651437,0.3532482766861888,0
4060,103.81494014993686,18.572805476145074,53.74489732161745,1.9761017544859776,0.7278683781153676,0
4061,108.74950119711855,27.472595528263554,53.033489595067635,,0.37249299146709336,0
4062,106.39633919108263,24.39694586789558,51.31582526318552,2.395212419255474,0.6634881972539328,0
4063,100.24544635156384,24.937688085145446,50.17942113823863,3.0184928726327542,0.5181345102380024,0
4064,106.59260502399437,18.631042322572526,48.67967182677288,0.5789862165290152,0.5111286399921554,0
4065,100.04151668279845,21.06376561405525,49.958425632218194,0.4299859028507256,0.6463430223406422,0
4066,101.83559862557604,25.660251658625732,53.27859427041455,-1.434868537176868,0.3335632633891682,0
4067,105.94664153646187,28.310182681328115,51.73730811687326,,0.49426067135274576,1
4068,106.48622136690062,29.00380076617683,50.40738455695292,0.44687190774844243,0.4142669781689056,1
4069,99.05383767461436,24.00503395002098,51.84794866833519,2.187288715771681,0.5191733326618165,0
4070,110.26992885591439,24.545690792858373,51.091221326761655,-0.8223037337235457,0.4579872858915223,0
4071,107.86003139150236,27.996595572827893,50.79255507977374,,0.7627587025659573,1
4072,101.47635782194558,24.451495208968254,51.96112651798307,-0.9152189094447569,0.42442049029464346,0
4073,97.31207601775412,24.20230230644781,51.034055289649515,0.3440879111249562,0.5790619239703887,0
4074,104.27547710459284,28.861008453131443,51.71710294020676,0.34802469960548343,0.6318147632539328,1
4075,102.7702814306942,27.479192652670562,50.32277409926902,,0.4152700634664598,0
4076,105.56570228526512,28.908870316335534,49.49174835361979,-3.065741274489345,0.19419637670952544,1
4077,103.18441669422216,20.618964657373844,48.9036742421197,-0.928609650646344,0.4180179683291729,0
4078,94.96271569627496,24.29250583986428,48.665380789058084,0.2994589384543083,0.6422817969958295,0
4079,103.05826530849421,28.109665543120293,46.78965911511693,,0.4115354065240011,0
4080,103.47190444465843,19.333773929605307,48.17612010637667,0.954303989104174,0.6492101733192833,0
4081,108.1683051238703,27.535945851527543,48.11829294083564,,0.5305126403264298,0
4082,101.50900162694475,20.195680600978434,48.985309608031926,,0.6576153237339738,0
4083,113.39337336686283,27.697425059823853,53.12448842127658,-1.4436455584731693,0.6523599274252037,1
4084,95.44179724674122,25.344011250682417,49.684876088892445,,0.7192700792839559,0
4085,111.55583748901313,20.318831897818406,50.48353377976862,-2.033193495773478,0.2336800440736709,0
4086,103.87840514560948,23.68025015199361,50.54663928902385,-0.8929608351482229,0.2150290990547959,0
4087,109.29792436171778,26.18286199752926,53.17516182568473,-1.2749398859607017,0.4423707286678731,1
4088,105.39900742029367,25.60623481060251,48.848829092309416,,0.6466493224474856,0
4089,110.69777768012734,23.126966354780453,49.554955839483874,1.9755329617208863,0.6488776486515628,0
4090,103.06319017723594,28.792398347051122,49.78760125645163,-0.2605400632664174,0.4146137025959519,0
4091,99.50689787411093,24.23116097385413,52.27306971154954,0.3446651405023688,0.3686346878181353,0
4092,112.10252143635532,24.07040758234426,52.68821138750891,0.6431577314837243,0.6251369827173509,0
4093,104.4325967705893,18.74700707929745,50.94916763938789,2.7060061478832917,0.8211601526909595,0
4094,106.10779236812105,29.065444677571644,52.46581874812376,-2.6603601633197664,0.29997640598129804,1
4095,111.17375957022398,20.125398824140476,50.35532199293798,1.116332848690393,0.638337907143181,0
4096,99.84022378952783,24.340136321238653,49.65479350476635,0.564787121909255,0.7885327602649184,0
4097,107.97745448819629,27.64281121680372,52.35744817317124,-0.5562592878687307,0.4532149953528188,0
4098,102.05052621768554,20.58543932346772,50.97523535046759,0.4893401035804434,0.507518437869211,0
4099,104.33915322177815,24.328479479650092,48.528938668184836,,0.6115353771050848,0
4100,105.36139482692144,20.88821891068009,51.9948418762487,,0.5153020534621711,0
4101,97.49889069276531,27.11633997359894,49.58301473795944,,0.7958108440676342,1
4102,101.10581478589782,24.77209401447781,49.33835295455159,0.19122238169052785,0.4691603765031016,0
4103,111.7553644620657,28.271710324741722,51.786008736399424,0.04035777493548972,0.4989129852366855,0
4104,109.43095594292397,28.734696034528596,49.82233571831017,-0.27194817850466235,0.34215814898484287,0
4105,104.68680211336383,25.784801789344776,50.77791707208058,0.8294682557188322,0.5179150611237185,0
4106,106.21561729256446,26.704694953907335,51.3238791681416,,0.3968376644450782,0
4107,103.52878747181771,24.590641198642366,48.43411384145523,0.01981371759715035,0.535597085669864,0
4108,111.78291692913992,22.613144796808594,50.76970112936441,0.026744790009385157,0.3349140206816451,0
4109,103.99823711102918,25.777415076250016,52.698946210523246,,0.5878931167450987,0
4110,106.15921046067425,28.899463481847945,48.08706571252078,-0.9130092032286116,0.36723223639649094,0
4111,110.73015072071033,23.000164565177258,50.899817777662456,0.6271598072953662,0.7097708603842795,0
4112,101.11314257577047,21.772920316485543,48.341064530839425,,0.6156971719623027,0
4113,112.79394592248447,22.66124326263089,52.042795367680796,,0.5995905095938165,0
4114,97.34769295128312,23.224771562539196,52.023811167499545,0.1661514433919956,0.3545085890423231,0
4115,113.14821065556399,18.882732347732595,49.291355319501804,-0.5798623144935701,0.4082179984485682,0
4116,103.13662208024013,23.981302085219934,54.41925730438172,2.3472456075525967,0.5277333510308739,1
4117,103.7865062608736,23.931770976600717,52.21325061827457,-0.15346887832046452,0.4152139130517414,0
4118,95.54994914408529,25.061325931686277,51.41385797027234,0.9342345218427095,0.7043902796784504,0
4119,102.72602641311154,22.353840365655977,51.301221792212274,-1.0499743589881518,0.43223690294750466,1
4120,99.80096734486558,25.357291151467077,51.96785381841245,-3.0383089966967693,0.28229816833029986,0
4121,101.96176827313263,28.538595723290435,48.00871518551168,-0.8504987515155706,0.38268411439829714,0
4122,104.3134451710556,29.465651885941973,50.389215196922045,,0.2865075716173972,1
4123,109.78895807236452,25.003346593692598,50.76638077075466,,0.5354972342637955,0
4124,106.03801675700313,18.511091447643757,49.19972787339488,2.202970521808581,0.4474394873810037,0
4125,106.53838326700557,29.630831967205307,50.92959053888793,-1.3579275331149763,0.4419214843381803,1
4126,99.52240305577219,26.470344730755073,52.463388600868015,-3.1590657863912823,0.38440139397694506,1
4127,100.59622955198635,22.031563782643826,49.15646182446819,2.2503854865187902,0.43898280827419883,0
4128,113.99362509175656,19.765892411564682,49.89115139925739,-0.7130321449863777,0.32259570023323086,0
4129,101.32399482618376,19.7210233468353,48.35882940829211,-0.023607573253031686,0.49404888700545097,0
4130,113.28104126028649,20.012932873675233,46.426021980378415,,0.7032192624226208,0
4131,103.78469400559567,18.546870259365843,51.55786436104102,0.784759147483724,0.6595107697887902,0
4132,105.01143968071752,28.825850263834937,49.948532410321505,1.1257686294178035,0.49544145333082545,0
4133,110.35182580114964,24.489218793928035,50.09515883430558,1.3506434843181356,0.708461017649386,0
4134,111.35946210969328,26.39951295256605,48.02645276365295,-2.6191719488841816,0.3370787325106679,1
4135,104.44593719860457,27.93730211121969,49.62899294192762,-2.1215216102100287,0.36110323248613746,1
4136,103.05878473239231,27.498492075998403,52.193187578364245,1.7567544939432616,0.5972392749685218,1
4137,104.72039775738894,28.591267484746098,50.00164267355892,-1.1726087146375301,0.5253160555820261,0
4138,106.68978764116059,29.60705547029942,50.05836751611083,-1.0089687674453387,0.3886517421125217,0
4139,109.45651843434878,23.268847376903274,50.41505655572684,-1.894263783246477,0.3654818809544186,0
4140,105.02114929497075,29.404025600020688,47.52723574318709,,0.3448121472828474,0
4141,108.09443149011577,26.679479380113797,51.24984092820471,-0.5239740955267066,0.508903946658041,0
4142,113.19179866135471,18.84801828369694,47.48960377016834,,0.5230243674199052,0
4143,106.90654806132392,26.181397454548147,48.12076883744195,-1.5796241173136167,0.5204812714692241,1
4144,106.55826428002389,26.240599915258183,47.90157046198567,,0.3872416830171612,0
4145,97.40544587454966,28.870326765510328,49.64955006673891,,0.40113515555531365,1
4146,91.84634931585468,22.475185589641104,49.295094592924286,-0.9094683854673923,0.5790733731605504,0
4147,106.94187864615084,25.018938003261816,49.99754992338349,-3.279417520161121,0.35924604127477644,0
4148,104.52587884359563,18.14625061214091,48.189487680447115,2.9073003637965367,0.6487754932918092,0
4149,102.4260866254263,21.984902906176032,52.010990640612754,1.412736044212051,0.5716901214465442,0
4150,106.21765102093173,18.746924713905372,51.66805513745266,-0.742209079990413,0.5170354006847798,0
4151,104.69798135401545,24.262475673178763,49.65237297421656,-1.3486214034865804,0.4611605230060726,0
4152,110.6389012531695,27.80937180608344,49.04326656682412,0.016333195849687454,0.44327806746239307,0
4153,105.4305543412949,20.47731230554883,48.8412850133096,,0.5868659323887662,0
4154,101.26538357464916,24.329292546693342,49.379710009978645,-1.9139498542719706,0.2840140023127242,0
4155,109.95083119479645,20.448103638129204,47.199509542497644,,0.44092222524202307,0
4156,103.91434462526898,19.448261614154884,48.08078537557632,,0.3709488857521872,0
4157,107.63268341836154,24.13196150321211,51.720240783969935,-2.34506179634927,0.43753590438663403,0
4158,102.612946469036,18.949783451396733,50.603624972151735,,0.49637720090796467,0
4159,101.75086557251282,25.048255573655872,53.26854897195306,,0.46571833748558444,0
4160,105.42084115092848,18.376049528120717,49.40160969966136,,0.562766139884339,0
4161,105.06414321771842,19.280579662420507,49.27697354578626,-0.8018764014831794,0.5341967910352758,0
4162,107.39913517683416,24.599969825848294,49.184202150912704,2.6445625379671256,0.6263329938751551,0
4163,103.65677123345128,25.096888954786966,49.36167103356366,,0.7326517774360979,0
4164,95.81820108114802,18.3478431611251,48.6800919737068,-0.678379156063356,0.5640559615017549,0
4165,102.83613058205806,24.880521456018702,50.5419764293744,3.4379389904039686,0.5913492230267542,0
4166,108.96909233571908,28.062030303883645,50.05820813429682,-1.7954061179574672,0.18419486459415424,1
4167,103.51311960378447,26.667794127527447,48.98017099632345,-1.2190420872248322,0.4497339454605604,1
4168,103.76808298742726,19.574221247049582,52.502297826037804,-0.16577125606189075,0.6300612426791395,0
4169,109.93188252952969,25.10969577076338,53.79316584497261,-2.296510598064473,0.4462395365962502,0
4170,101.44013386370538,26.06703000089056,52.3331544111468,2.68546374694177,0.791669559490434,1
4171,97.2859839087855,18.446774421027502,51.11624802616679,0.27472805806392087,0.453905118097803,0
4172,104.19684440237253,28.26417202420347,51.52353945252755,,0.4290314193436,0
4173,102.57913024375631,28.875208767477964,53.71283103565267,,0.5242898606700387,0
4174,100.16876840123373,28.205427280347102,51.52063863151885,0.21908377244683697,0.5350763114534064,0
4175,104.12310772050655,27.895577615869357,48.82962829480143,,0.553895446926162,0
4176,107.45752823623391,26.93958238153072,50.784545053301095,-1.8127727502322202,0.5725983292478465,1
4177,104.95355719216091,25.60118437538352,51.252488532126634,,0.5765535277522795,0
4178,106.53490536343119,26.143524059859022,48.01056545192816,3.28020149616484,0.8306671516962216,1
4179,114.06703849257711,27.676743520019798,49.43013836271364,-2.0291023276649955,0.4654529948429401,1
4180,103.28560569221219,25.949981500335653,52.200783648110935,2.5469482790270632,0.5931251648966113,0
4181,106.39174317322335,21.93272348018485,46.353014529900825,,0.45923290710629266,0
4182,102.45393318700432,22.511533225936248,47.49914290991881,1.1850488513104835,0.6247757185988906,1
4183,100.76820140056513,28.764689620467507,49.647185892743344,,0.5484142882572896,0
4184,102.07546173291115,18.205465029565943,50.707359191011406,,0.4585269705481281,0
4185,102.60620714239155,26.385846974931383,47.28473511010218,1.0980214083602855,0.5086639055399924,0
4186,106.79737898773563,29.457330629102586,49.74642149666812,-2.417348433506266,0.4659367783396907,1
4187,116.74537893350379,26.474738039495683,52.307537078177134,-1.0145189887112656,0.4246239882814581,0
4188,101.4197828186208,29.926943858781385,50.13730291414857,-2.0520719388265714,0.3998137212595112,1
4189,102.91687347192268,26.25053886633997,51.87817788726226,0.2839515912713958,0.5063554417185574,0
4190,104.68438493444376,18.412356350602334,48.81577175732999,-1.9850164981863392,0.3115292399612322,0
4191,106.97899424354874,27.924118579763082,48.380166286421634,-2.971570765609832,0.33429438898979613,1
4192,106.31775405977392,21.41555894327183,51.697747660570094,-0.35621600481536186,0.43640747400208235,0
4193,111.42047896974059,23.35268670797329,50.73853106931238,-3.3136185787311687,0.2651383516561595,0
4194,92.86803964732395,21.745102990884984,47.62880798445108,0.3881072920814349,0.41357446668266296,1
4195,93.06535064902164,21.222649274516154,48.398318167674425,-1.886444285066612,0.3956174629041411,0
4196,102.52060913994926,23.176868444037424,53.12916248211483,,0.4987735290410784,0
4197,110.48650093771855,22.545017381288083,48.15088956106137,,0.4410268115324688,0
4198,97.17175984197202,25.600062982111073,51.868657493452,2.4751533207128187,0.48434289680463233,1
4199,89.96183830153122,27.757814411850127,49.0436266055326,,0.5509217628370402,1
4200,107.85589703109605,21.56506383824689,49.993648286465735,,0.5019944563069749,0
4201,106.21828611851357,20.56465383386421,50.589185241886746,-2.6876078886918693,0.25291673316352725,0
4202,99.54895796600285,26.002743250444105,45.798037579000805,-1.2535017125711585,0.39695513102588625,1
4203,100.07230199639535,26.04384078996938,47.0745653291454,,0.44364805678832375,1
4204,100.15128140182662,28.813574871434064,50.172666037574324,,0.36013491479138826,0
4205,105.5526765873697,18.19134823743973,48.55138487243224,,0.6178701774791012,0
4206,101.86842361908496,28.236487945398117,51.99316259054925,-0.05126021948319514,0.4275068946618923,0
4207,107.4703195948776,24.252026075380282,46.78775823826375,,0.5116473091793834,0
4208,90.72686668547804,25.455625070065185,51.13051011251597,-0.13863086974138025,0.4819493457855345,0
4209,100.715740674361,19.096457286736978,47.24755755919135,,0.557571126623782,0
4210,99.36973019544475,23.19137919446455,49.29579001171114,-0.4966469848605588,0.5119703646738718,0
4211,103.71829660813754,20.727628886862284,47.87124447152407,0.32998721088765687,0.3080972970264495,0
4212,102.30976120754931,21.05070036099011,53.80485976094239,0.3547432464723828,0.6495913760227856,0
4213,108.98921889947883,24.04914137611233,47.32101567405993,-0.48921847094661514,0.46566807719122166,0
4214,95.70331614169972,27.749471404837347,49.75588060926195,-1.1038889845050834,0.3943775034567395,0
4215,105.22745738165376,26.925371161738273,46.5463277039597,-0.787775034906691,0.5074118953210406,0
4216,107.79168211605852,25.091999509031446,53.19914024414118,1.0487778773026153,0.4803270141760813,0
4217,114.28323718280977,24.473018313041607,50.80256483235441,1.173625057463176,0.5795024499014767,0
4218,102.59117014453263,23.12767251881388,50.27394617919734,-1.7066914969027067,0.39812551245167294,0
4219,106.62229302176259,29.672519682736635,52.94862587858345,-0.3914840015820127,0.5515268109430885,0
4220,95.98068603718818,24.722310650810797,50.294844882845226,-1.1293828036535023,0.42213622983216226,0
4221,93.04021897843488,21.047596779746666,50.439142712282155,1.1999286445742112,0.45699440765543686,0
4222,109.2238718789085,20.761089504480474,50.2634505761303,-0.7068045596698513,0.5008939586049755,0
4223,104.97219853175964,25.3362363693017,51.127268650886236,3.3013857263570516,0.6380078338753296,1
4224,110.89256344899212,24.273930327731144,49.01511723215747,,0.3342425796171869,0
4225,98.13298555515125,18.092373635456553,49.571425385273336,1.772994681334833,0.6084153633184479,0
4226,107.59951069764377,27.960784466349352,51.620669256914894,,0.3701598113979381,1
4227,114.34408920271926,26.449468250789216,50.554745903115766,0.017583223628798474,0.5354548248267769,0
4228,107.09852804178632,25.94195147613724,49.77151217179575,,0.4607077167158244,0
4229,106.38290752795524,18.825367892371908,47.198955217938575,-1.5499503627327003,0.3018641256612509,0
4230,105.04278040412174,22.3446702020699,52.99610056907319,,0.6195381331847002,0
4231,97.14559271437044,29.224587128793434,48.67709178009846,,0.6632042256928653,1
4232,111.77786467855174,28.351070896096367,51.974474476838516,-0.4911750118852286,0.4747832907565329,0
4233,101.94571180097466,21.426515254434403,50.351507303376174,-1.2776287568589377,0.47989527092392137,0
4234,107.52241628191508,19.884706609189664,47.41309895454026,,0.7162634258139001,0
4235,97.18482846714373,23.389055486022926,52.504550955061234,,0.41110013235551346,0
4236,99.1027016774611,22.26996454401193,50.50908129279908,0.2338359425723811,0.3908411682883978,0
4237,112.17543699611117,26.186716520471894,52.67069071347409,,0.4768262064363203,0
4238,103.26348855521078,29.597217721011837,49.63518259852816,,0.5299596002065178,1
4239,112.26637738021272,22.356017399790737,51.408102459934106,1.112485624054889,0.6149424194169251,0
4240,104.60884670470742,18.746690071826905,46.47494577730997,-0.30830386749380684,0.4905151903139984,0
4241,95.7905111352107,28.771368100108624,48.99956827281249,0.6088296981295467,0.5869705893951279,0
4242,109.4603379986586,18.45539676287845,47.454013335537454,-3.382718581687792,0.3085395779035074,0
4243,102.05053841122196,29.433190765839996,49.25043229992322,0.7546796729430902,0.6421515051794101,0
4244,108.49344406758522,25.97495313610848,50.94362347901229,-1.0808938677245,0.5806733646627568,0
4245,105.12605433770041,29.300270501303388,48.79083982469171,-2.818277926737403,0.22946784839142628,1
4246,97.28440886028565,20.395916239787738,51.72768418727756,2.8271093321807634,0.7529489087624508,0
4247,105.82147382685285,18.488397543045693,48.28677471289998,0.9015202897419408,0.7688044529672526,0
4248,115.981115710764,23.858519739317902,51.77047322729996,0.3409161190193969,0.5696046394949211,0
4249,107.4649322925723,23.407480974841505,52.61951433174807,1.8741282746097987,0.6920821431115056,1
4250,104.71241123497269,21.977907279058595,52.02705227018197,0.37135392208280404,0.45385804296114896,0
4251,110.37671700978449,29.49187769266437,49.311621896340455,,0.3897332655195567,0
4252,106.05334232601555,27.87100478593719,45.74909280411171,-0.26245141572356573,0.4659264677079311,0
4253,106.04767115131398,25.93898425650712,51.1643339934747,-1.0175493197880785,0.40887760238613324,0
4254,99.54187413920448,19.95429949965393,49.74953057056939,-0.7505293392370642,0.33129114245965896,0
4255,106.16924012894799,26.8118808986223,48.04321411974529,-1.886555498788862,0.3884060869747312,1
4256,110.17721708208472,26.724149456396688,48.88744187025918,-1.4550308637004794,0.5108867618574672,1
4257,100.81968923949988,23.10081808339209,52.868850632889604,1.341878299003013,0.4372415365661246,0
4258,112.12247910623474,29.097430916568165,47.72531959877969,0.4981131582048718,0.5428188467479284,0
4259,104.54146987927437,20.003734586748124,50.93661835124242,,0.47711908182028145,0
4260,100.5611524423073,21.20805074893997,50.435916351274805,-1.5420477966947028,0.39276603395513243,0
4261,109.98816038460123,18.758692071007605,49.285224670673536,,0.5192477707205503,0
4262,103.56602882130865,27.54541149813105,51.28906537462609,-2.525774704450603,0.4139771898972455,1
4263,108.79757443743054,25.461112633144765,53.26449051779773,0.18994589913652885,0.472254010258546,0
4264,103.54120683870731,21.779283668174994,49.4080569922276,,0.6769994230891326,0
4265,104.70086928235048,19.965763963131785,49.5136381038458,3.5504589900885346,0.7335839921921536,0
4266,107.46780102167146,18.481773240344886,51.2441298099804,-1.6548880838461777,0.574603107568221,0
4267,106.45448528795004,20.00094682351124,51.83648564287,,0.5611423244908473,0
4268,95.0223410977413,23.4394157560519,49.74458558570273,-1.0608171685468135,0.41478268940640933,0
4269,99.39378129952804,20.966123628127274,49.3892525278127,-1.6926844350765187,0.39451917296630173,0
4270,109.64704992395407,21.1077861291836,45.56470695856048,-1.693347193283965,0.5331643280791126,0
4271,104.33931705549226,28.50691640001257,48.443982175266896,,0.4956854761601384,0
4272,102.3813434861429,24.18165208153321,47.7213766558649,,0.4214260994112671,0
4273,98.20712992371263,26.751023677540974,51.369249992623786,-0.9102686569402274,0.6505838794628459,1
4274,99.60131839362076,18.428531388337717,49.51219410279832,-0.6606019961058929,0.3325220396388418,0
4275,94.89100680019027,22.381960268136346,49.433956788922146,-1.1099517598483661,0.48018442470538214,0
4276,104.49359640649233,23.7500321687453,49.98188747275404,,0.432910583796294,0
4277,102.00781209709477,20.237002262522218,48.2596470597492,-3.643739643777713,0.29275212208767487,1
4278,100.16706054507343,19.442298497346464,53.10649437337751,0.1304299351678035,0.41118523383747646,0
4279,104.65938287416023,28.44364534199811,52.59638782339322,,0.43868342171881763,0
4280,106.8198531542637,29.27317952519756,53.23621356609537,,0.3993900665569654,0
4281,115.46598966104972,18.94568037654489,51.36683446247778,0.5405764055825566,0.5766028715340115,0
4282,97.44058290218393,22.188224550509318,49.941043769956124,,0.6900121761643196,0
4283,110.79690521650261,29.499427537733684,53.22945860601377,0.0353697492514256,0.32388753907105505,0
4284,109.86550780507537,18.997940797589578,48.63806632817404,1.9953866687343416,0.4796128378495412,0
4285,101.1045363031165,25.723696474544717,48.25758204193397,3.3571978806406797,0.7226487801498549,0
4286,106.01617977293016,29.666656451604066,48.79697697046028,,0.7530152710237,1
4287,102.71183375331192,29.738684022976493,51.045742533828594,-1.7823541297650016,0.26451631392268055,1
4288,105.92844290209369,23.654679970844917,48.475789613224656,-1.7745945096280054,0.498699145225375,0
4289,112.54565506702275,19.95298929338857,49.689254023564004,-0.6666449950885668,0.46527061087901683,0
4290,108.02803116315657,20.425011779729267,46.79628941223045,,0.5843608304226444,0
4291,107.54304186616721,28.675216741492736,50.96219533085649,,0.5338251894106869,1
4292,102.84845340022679,28.940196051956832,46.965793265633785,,0.4080407194245186,0
4293,97.57971667537832,25.294555726482656,48.13567789026928,,0.37888809960225095,0
4294,103.95765894729796,27.194116793638937,52.43433426979329,-0.9174861127114926,0.4276981340794394,0
4295,111.03304077431957,26.879175017644897,52.36063663397222,-0.06300031194827171,0.4648321922284132,0
4296,97.36416071705176,25.941859175869283,50.748626179092994,-2.2337399672182428,0.34929327120128095,0
4297,99.72455315911652,27.92732345846327,50.55132716347046,0.02050268631137171,0.6703140558016231,0
4298,105.63133868117033,26.224879476483853,48.93808070569148,-1.7826533865888683,0.24088667832310556,1
4299,100.07672607576369,24.408027668969993,48.454192672515596,-2.476081700336058,0.29170850991841196,0
4300,101.03738276442394,20.84347635105788,49.27551660448524,,0.3871177341693047,0
4301,102.88200709135911,26.92665772942343,46.972691651075365,,0.5332250856580159,0
4302,98.17191297904925,23.681254414059293,50.504897109907326,0.6061735664797789,0.6014100682507524,0
4303,100.12939076891816,21.537500208090112,50.09766224961682,0.14498087503115975,0.593785232179155,0
4304,108.51713958393654,27.623355308901303,48.13315746657947,1.487420490811316,0.6820233856852209,1
4305,98.46315108884518,26.36056320423634,53.13736383768271,1.3283748513201517,0.6145641709472001,1
4306,97.01063932752581,29.2480747574964,51.2138274205741,,0.34232651780798634,0
4307,101.84987510233053,19.985299680226532,51.38368360801771,,0.33854185178747054,0
4308,108.65977751254923,25.790271415637918,49.02532014792167,0.19432005783014464,0.6244450001084784,0
4309,104.01539096001555,20.93087361705811,49.99733984394735,,0.5971892632727754,0
4310,102.67709460942191,28.842995823619702,51.254745340374846,-3.261514089941514,0.40052640279742086,1
4311,105.22179398757804,19.19399297107939,50.30556473420047,1.703227267229729,0.5031343779194474,0
4312,96.27146283570174,25.87394167733853,53.20380156953974,0.596284247840515,0.49756206704791583,0
4313,107.47352826887516,27.493028658336357,49.5924248611665,-1.8244911687405914,0.368888996414882,1
4314,106.91717515701822,22.25901408437649,48.99087893552778,2.1417249289086557,0.5046131137452867,0
4315,102.9534576295214,29.44965695260571,51.26850575294285,,0.4816563732772347,0
4316,110.02962255898208,28.20876821503245,47.47070545542697,-0.16165350398793338,0.7074642895967668,0
4317,99.3625195052348,21.53541959621884,51.84859386461623,1.5353633933523803,0.5272054541567492,0
4318,110.63954496626785,18.090493112591986,47.39857639881603,,0.6461878818554636,0
4319,105.77246832797626,21.55988611341673,51.2771693321171,2.0030637628738486,0.5116192165465778,0
4320,103.31723705060914,21.37572564564891,48.70345289165468,-0.5281522485641845,0.3199260770432807,0
4321,104.90063182315845,28.67957529001091,50.95316829396678,,0.7255875650921543,1
4322,104.46367617094529,29.60545413905697,51.814685892122036,,0.4197833715557804,0
4323,111.10141448208859,18.845279831643126,50.30684239100784,1.9764334939644268,0.725946550309358,0
4324,99.61660436264494,23.6555379423998,47.60075809671864,-3.3976638283490965,0.47720615390218285,0
4325,101.187403804267,24.579983982357547,48.2064495109857,-1.6502880770012247,0.38964479971632265,0
4326,110.1815144603624,19.11493993595644,48.54268171793244,0.4469492077339788,0.6566490840690274,0
4327,102.0223253240807,22.52997250965027,46.20998621280445,-0.6006681392146613,0.38236110428181497,0
4328,109.50266538665795,21.804989008715406,52.25495571746386,-0.11212292985384467,0.40521394032625124,0
4329,113.49717991504355,24.43267625192505,50.220215171512656,0.062476380241066866,0.6103512619370516,0
4330,102.99102486529183,25.934290796783255,47.72896390962201,-1.7863539121905818,0.25590157274482417,0
4331,108.40681163287653,26.4418213259588,52.91134971491672,-1.6738944223088505,0.41614939186177297,1
4332,99.23153859330071,19.641060283360652,48.597343799723674,,0.642374498051477,0
4333,108.77366649033905,27.75537242333546,50.501144978149746,,0.5817040800747323,0
4334,105.99711992993383,26.14250435748911,48.3494589096076,2.0115507884417525,0.5573107594871547,1
4335,107.36519141080107,28.668899000960636,45.963479693341945,-0.2879207331491773,0.5865270217953718,0
4336,101.77213963982302,23.39203271322521,47.27111888229748,,0.4416132338870466,0
4337,96.69458292216413,28.726677152666298,49.103019138267136,0.6642775039606609,0.4664769052961736,0
4338,107.51626032374753,28.389289468272906,51.79659374241209,-0.9017415857590292,0.4779538742565497,0
4339,94.68298423760272,23.260911988311236,50.69306629363849,,0.38925045230141,0
4340,103.41324753878733,22.57371978351574,50.28041025234249,1.7774120514315708,0.48409791248311335,0
4341,109.70590933209985,29.193744179643083,45.979944754510235,-1.4683636150457142,0.6128094847855762,1
4342,105.95948867936518,26.58197681446125,52.54017229536019,-0.6056370832181167,0.28197186221062803,0
4343,114.74171322394906,29.13894415725691,50.44735939299111,-0.22626366234986092,0.4941072048780314,0
4344,110.12554576290887,27.563697346749755,49.76116466021568,-0.07651735215552148,0.5157648818926962,0
4345,101.73050805837212,25.31156927149697,52.26484621997779,,0.39745093316598007,0
4346,105.13656689925719,19.390233324045173,52.49499344713655,0.008736086884915442,0.632849744523313,0
4347,104.76314648727782,21.49776807094918,52.309180495218385,,0.41640080338001,0
4348,97.08911618326937,29.6261088851807,49.50582700659343,,0.5862297156281944,1
4349,100.29800541757824,21.833065184570454,47.993046878431606,,0.5778527576588495,0
4350,102.1961954651007,19.11905843742445,51.977845834284146,,0.2994064207366012,0
4351,94.81889748572031,26.490640271031836,47.26989111385917,,0.30674951812588214,1
4352,105.23746734125821,26.80805105452421,53.894513477328566,-1.2355496627998792,0.5945252995855177,1
4353,103.7546407767348,21.42549264344581,50.05599909038913,-0.07382962528232208,0.4897253544912842,1
4354,96.63553049344213,21.572063752155646,47.87823148860083,-1.8690806627556333,0.13684021838372934,0
4355,107.02106432638666,23.626715826105407,47.53626289168678,0.13612957074370188,0.47661431353086287,0
4356,108.5793637234548,18.261467397147065,47.44479035188788,,0.48701993766170193,0
4357,106.13517239432444,27.471876124333964,50.280725813441684,,0.331248137380499,1
4358,103.37965912395515,21.805065447289508,49.98721535988042,,0.1946490874167619,0
4359,107.95721075875927,28.245157224023732,47.52815565298162,-4.32862536552623,0.28063786959856735,1
4360,108.40110180238345,27.631565059200405,49.2870884268882,,0.39094206293842043,0
4361,106.53701784859844,25.936824397425397,47.264129227817314,1.6110204680190008,0.6026544777021967,0
4362,100.8769387478262,21.898498405191464,51.17860361188835,-2.8359869331420064,0.40883425380644833,0
4363,106.38300382755591,24.19579873993404,49.89081346777457,-1.9834302296900466,0.44082790147147743,0
4364,110.9774032541274,23.33795109117551,49.2431949881651,-0.2456068009097721,0.6281169855856501,0
4365,102.01685470694134,22.06658263498409,47.42377853986495,-1.5956295432801415,0.6392755362622714,0
4366,115.48969669566216,28.17763547163814,49.39968879955447,-1.603009150600188,0.3064891905402799,1
4367,102.37184533007307,23.802084894931983,49.17054423730735,0.8123911592597393,0.5024215229487773,0
4368,105.16203506670068,27.99267717356576,50.635453402419195,-0.7423431668593811,0.5371890160089577,0
4369,101.63757201996832,19.26262168970189,50.33403595623392,,0.37581602202720416,0
4370,106.1163541796013,19.692297463204028,51.58412020415869,-3.131573835085651,0.07114270369564038,0
4371,96.28889153682363,29.72784366135572,49.03084691298987,3.312611655095597,0.6463759116946294,1
4372,102.26979100591639,25.053221551273076,46.27917699560701,1.6924635818440066,0.7080378778383964,0
4373,99.53939399825717,24.117236081988587,51.98218575319608,-0.6774500190930249,0.3266533548127176,0
4374,105.67669173946146,24.27787275772934,48.12793497390364,0.13178701749590593,0.5286398022024695,0
4375,109.97223687754453,20.583225288394317,47.78616589396949,,0.2726240237161961,0
4376,108.23003093557276,26.624447394023676,49.9137669097725,0.7656850961868763,0.6252872189992744,0
4377,93.14170319570553,19.017367484757052,50.604541025909036,-1.2813215515768208,0.4600903505398671,0
4378,115.2103482646394,24.87988455723628,48.93832718857063,,0.40245363090896885,0
4379,106.47639970310435,24.849225559030817,48.922614637063745,0.6831012602917449,0.49236010989112156,0
4380,101.11750429753499,28.970261089602133,49.21794736446889,2.180788656669611,0.4591326257117421,1
4381,105.7856395949547,24.314193721258324,52.83308070198629,1.1121226419931571,0.6563693387197231,0
4382,105.88094911251346,19.644752351690155,49.99464382488374,,0.5126084616436022,1
4383,101.66575641524219,24.87303911097795,48.064074321076404,-0.46862600626676865,0.5265985765894392,0
4384,105.98958333671038,19.09593173238399,48.08443328619406,-0.934515611065415,0.357083182059064,1
4385,101.96263856189846,20.44552602359906,49.498231640835264,-2.9075717086228856,0.5744616912179561,0
4386,102.97819003654989,18.373303010248993,50.475715868056014,,0.661381350633693,0
4387,101.56860432122458,24.15952298951398,50.96796032393238,0.5685705470346604,0.7358029888996978,0
4388,97.83664355130173,19.01439138352287,50.248317207694434,-0.4500080935908085,0.6965525182762908,0
4389,105.72918235107691,23.632732542375948,48.31625329816582,-1.1650519891496018,0.3782953145682403,0
4390,107.92649718258168,29.19534042388973,49.15211740087843,,0.5048421311017401,1
4391,107.57441798038187,26.637136956231984,51.46781576372925,0.9477064157949806,0.7499987728493169,0
4392,109.09962626317618,18.928940090703517,47.70781607909381,,0.5843548115855611,0
4393,106.62170105007434,20.690517746506117,49.06849321384507,-1.4303686425243065,0.5118033616517765,0
4394,102.33637250891549,26.08394903872121,51.19492571576271,-1.0623511898220348,0.38481431228162993,0
4395,109.19831932215594,28.736422332290203,51.75056285327035,,0.5298149840759396,1
4396,98.21241230079032,18.395023041167445,49.61416925781723,-0.07102061963368628,0.5794448021984833,0
4397,100.4966430874376,27.74941358064713,49.177586378858365,-0.8536561675178322,0.26032981324765003,0
4398,100.17899964288378,24.741766564059702,47.35576411711252,-0.7492725356442596,0.5408538706716947,0
4399,110.40028029569655,24.55309590355671,51.05127984545419,-0.016620789201455835,0.551616340518163,0
4400,109.71394257070038,29.493758193040293,52.63755937029358,1.504427723753115,0.5222059446526636,1
4401,107.43652618522498,26.97173535116128,55.130308117199384,,0.49037986069877537,0
4402,110.35964932605899,28.201426416673343,50.77289236703609,1.1857992452666664,0.5773754154922822,0
4403,100.60358608794006,22.247946834536002,49.89824069671204,0.7010666652690722,0.5587560984831461,1
4404,106.7429755993049,24.65236848994092,48.160378773698184,,0.5031388777838691,0
4405,104.37412785808418,25.38486812913325,46.2422861725137,,0.3525670483402813,0
4406,109.23441051942457,21.85900728434958,50.35391849947967,-0.6753998878972175,0.7360025687145608,0
4407,104.42387883723902,24.842977499368793,54.700678240308605,,0.37917777110042855,0
4408,103.0752855579496,20.839864553756566,52.54162445931382,,0.448370164588545,0
4409,107.70454259280496,19.720508052818875,52.2331285382276,2.2701501250970773,0.8079764331434837,0
4410,109.38084583595617,22.48764311132799,50.49120563411583,,0.3147410117872751,0
4411,101.65827402576599,26.871475544957242,50.71904632056064,-1.1496789991311802,0.6359416748190035,0
4412,104.69462164323812,28.99424577688665,45.15250536344404,,0.6530268596926203,1
4413,99.70779683179174,23.49256861797879,51.525021161527995,,0.37718605539515815,0
4414,92.50969491253531,25.713884259305182,48.84131886084837,-1.442824450208082,0.3158935435036697,1
4415,106.00229815706865,19.236445571701207,48.596545306808224,1.8442285227100488,0.4653012539623041,0
4416,108.04452678127316,28.853565102627947,49.35348609390279,,0.515416497923955,0
4417,106.31033404543362,24.823250562839213,49.28599102109797,-0.19508827878957946,0.5180439137640821,0
4418,95.25219141122817,27.364058971501883,48.56472881605667,1.247863349983742,0.6246428214465084,1
4419,103.24575284961763,27.533294411056726,50.02774414435195,0.45090000184375056,0.5491466183498593,0
4420,93.9082611997446,21.07776631641727,48.88344480758389,-1.7792886236082386,0.36001478843101714,0
4421,111.84850553827093,24.350093438182192,50.20064591151229,-3.596377060521459,0.45413239466517363,0
4422,99.56972708940957,29.52575701873173,47.02564437089993,,0.7248294243706941,0
4423,111.27701804729948,19.075614537849933,49.571884458735965,1.6273872538474192,0.7308318612962105,0
4424,109.72934821842072,26.19659877635476,47.8074088206275,-0.6427051325199229,0.4319356342710308,0
4425,100.49704823731969,29.547168936422064,48.71710136300427,,0.5847151632179943,0
4426,99.33607524366127,21.606925296648267,50.28679768606706,,0.5704538922082212,0
4427,106.75185108193169,28.337375056852178,46.79200477049008,,0.5333551188128858,1
4428,100.77837981408464,29.20389054489926,48.35518524545572,-0.6095935405594748,0.4357022462413926,0
4429,105.51242321079104,26.9650345127379,51.13792876967267,0.5383189956698675,0.43042420634650497,0
4430,102.58586204596541,20.7759397476835,47.1736443162684,-1.1807193832565501,0.554349159987262,0
4431,96.09420792767183,22.008008625919125,53.555734280557616,,0.5134473477214632,0
4432,93.84765990437771,18.429711533012767,52.408815912261296,0.5876206381456672,0.4185049005836094,0
4433,106.13342124247299,27.977438810944264,49.01094583109544,0.1089449987144695,0.5760046158372163,0
4434,102.19221126834687,28.195334238132958,48.42558062442987,1.5703646113870726,0.762343776695529,1
4435,102.23455091542934,25.59252371959431,50.403879806670965,0.5755063697452187,0.45939936463411407,0
4436,108.47931919546893,22.230334215166216,47.10507548594568,-1.4337749976030254,0.3392110916504398,0
4437,110.86721138316223,18.921732331679046,45.99571455033514,-0.7163200708943039,0.46719037162500904,1
4438,103.63727639319096,27.036691318978914,49.08132975189487,0.03044442633941566,0.5695521707709288,0
4439,103.29700646545069,26.718314323319074,49.73190246699562,2.007622614771062,0.592889797562127,1
4440,107.50071516556942,28.95123026086681,50.18885444870706,-0.710288445423459,0.577928105308618,1
4441,98.21532215150212,26.76638425206435,48.77051876776423,-2.5988532035970424,0.3961280688975992,1
4442,106.11576527373849,27.944339306928022,52.54789345894989,0.6608503552367824,0.6342078847847351,0
4443,107.75942985911077,26.951455414847995,47.009720683032235,,0.37124766008457166,0
4444,108.40115104208815,25.568246259747795,47.723475730083806,-1.9279519793624527,0.280830240924697,0
4445,95.31623648748767,23.12359673029211,50.973271912289626,0.028204519238757806,0.4674068567425809,0
4446,101.1932236509553,28.825407703707334,47.676705228725716,1.4593014627124545,0.4383204060827905,1
4447,100.60868373588266,25.81162286288964,47.599359095605365,-0.8608208094915282,0.49789140696893536,0
4448,105.49943477204606,22.78026386359091,50.246709584414326,,0.3355726510168386,0
4449,107.40372289883992,19.001631542183485,47.89295475936794,1.022870494563649,0.505870803262919,0
4450,112.48355203722991,21.488458270852586,49.73383114415863,1.1876947404999432,0.5307889929804552,0
4451,102.52517259815963,24.524720817961978,48.600286880684486,-1.0984084644279024,0.3404159287170183,0
4452,102.51213750845393,21.307624440194335,48.27667259325452,-1.681623086900078,0.385283476770286,0
4453,110.74836009439373,20.654824175014824,45.79538921731012,-1.4771296574378927,0.42657067519817016,0
4454,106.48288469265152,24.328722169054167,50.27912630564268,1.1864620081837045,0.6862463797871087,0
4455,111.33825755593986,20.037844150748814,47.50562001577414,1.0010897320062175,0.4459808920964818,0
4456,106.44364001504918,27.60492075990124,49.663515592938964,-1.4357259010505021,0.46394743406488403,1
4457,99.21441690643364,23.812417816111896,48.97579020330287,,0.7155241798614901,0
4458,98.33435822611096,24.886353287551803,49.58698388260024,-1.614545949880748,0.4171558473889335,0
4459,97.24243875470536,19.768599211168183,49.70064925197348,1.4991961270510892,0.5251556367331156,0
4460,108.31025917379236,21.89491602755241,50.387256501836525,2.2794981588078165,0.5000757214839915,0
4461,110.94298411543504,22.921076199133836,48.544481397017115,,0.6980883663179025,0
4462,114.24681070693191,27.698553966198034,52.48539295854674,-1.1545857653712464,0.4495347619962838,0
4463,109.2155266616162,27.24191427703383,46.305199878288846,-1.1218170411725197,0.412353548952613,0
4464,110.81419288767493,20.675729697452176,49.546817762945544,-0.3931353005443109,0.6924982441270837,0
4465,102.09991833673158,25.394148979284093,51.672461952821735,1.62130616710205,0.6032939669546936,0
4466,99.21792091628072,20.92147629326397,50.95354510600521,-1.7998137190497716,0.6643590902858565,0
4467,109.25039666208777,29.858965868282944,48.050328846942804,,0.22046066301257058,1
4468,107.088403761197,29.42548653757045,48.38350901402395,0.5430824858539554,0.5034402376195832,0
4469,105.53722187170446,24.759176646247447,47.98641488134679,0.8724191268886204,0.4066190316541249,0
4470,106.93685740316495,26.386830862729717,51.19845526132878,,0.635385380496178,1
4471,106.61592741229103,27.61716458650374,48.52015254296899,-2.0734784629000957,0.38363528447122863,1
4472,111.41908429926781,26.651981040538846,50.5102461762469,-0.20220991794335771,0.4440863120610018,0
4473,111.47492792408478,26.397944292989052,50.52860282815191,1.7427561481807168,0.5925266680912928,1
4474,107.72110176170173,29.502648095394335,54.73678693647074,0.18129325140409758,0.4681349502785184,0
4475,109.22901436281464,25.1574732756874,50.626502519603406,-0.2931587835922861,0.47430472717254235,1
4476,107.57031276212388,25.635632061828666,48.37771197049907,,0.4836636897872401,0
4477,102.6941513398269,28.191225005258175,47.0796994758672,-0.8990834463098972,0.5993279751596523,0
4478,108.7828233745657,26.03869041430088,49.44829457072451,1.2771162629312227,0.45298087230297174,1
4479,98.02752465570369,26.79519146421027,49.761828315145365,-1.8803447882854132,0.4272191351886143,1
4480,110.26945776147942,20.81002423435971,45.57860094521889,-2.279147554924345,0.266778105966865,0
4481,99.02738530116983,22.455203089380852,48.57229167941397,,0.39598639367539595,0
4482,106.42901643397366,19.767616148542714,50.59470508565511,,0.23492680058711762,0
4483,100.77423020786921,24.069185308017666,48.93528865946765,,0.4931744356610843,0
4484,107.76694491537214,23.468728808162957,51.937247571411675,,0.3876000814384538,1
4485,104.83037387036046,29.965953771353483,46.88328711055896,0.4236307808495653,0.4105088299341094,0
4486,97.02622020918334,25.33450383378651,51.353765640306435,0.2781891571754182,0.47255881188616616,0
4487,107.1034981550924,27.437337878333082,51.827779483051906,-0.10194357924722593,0.39578827974604275,0
4488,102.11039611583645,22.00817604909185,51.91299295168307,0.6546130013071382,0.4291996730648908,0
4489,109.40573360406684,27.978543976113556,46.868287230691244,,0.628670773362145,0
4490,105.00662844367204,25.3810195978522,50.62910559171477,,0.3388264211409091,0
4491,106.97710492694019,26.363907979181263,48.66249176295697,2.746510470715698,0.6447939936677625,1
4492,100.21215522492395,21.533169335393453,47.1877151160342,,0.6993056386440255,0
4493,102.05333884286318,24.583660700346925,49.17226455005258,1.1578621309663164,0.6785089492218156,0
4494,102.70680681949457,25.608443680963305,48.19004401619838,1.6096196159588887,0.6230168343175532,0
4495,109.28351240121277,25.069136109798972,51.84150093632774,1.0022240685631345,0.5484858061226037,0
4496,113.38688543902745,28.982324537094797,51.02612668602714,,0.72837667515589,1
4497,100.97414124128562,28.779271973910642,47.695111063782264,0.24901032723179428,0.5493899065184594,0
4498,110.3842407232884,29.651808694522447,48.551557372338145,-0.010442018754091781,0.6417404730965528,0
4499,94.15161291137149,26.009136072083873,49.23860514876675,-0.974358131709923,0.4379102010623439,0
4500,99.02905299453855,29.662969561508216,49.855189705364204,-0.3844109048399728,0.5808896242175452,0
4501,100.20610771906613,27.989736000382905,52.01275654960756,,0.4125855719461918,0
4502,98.23745655279639,21.249985684079512,51.381564652961266,1.0158178695023092,0.7401405255468206,0
4503,97.0820580510621,23.129228034615565,50.10278393794968,-1.3684743709779577,0.4153916399488899,0
4504,107.06499456068899,20.860709306268117,49.47870230021016,0.11068825484719168,0.3436409215235577,0
4505,103.92966151136069,18.050365929966784,46.453291930785056,0.8393204014535629,0.5497365334422673,0
4506,106.89702698802554,20.256585037762903,52.583995252252116,0.2254858298928314,0.5877344721303052,0
4507,108.45236343060756,18.048727035442507,49.10580680426869,-1.3438723133548904,0.5956745078822497,0
4508,106.32808496586267,26.638061536205882,53.10968048085252,,0.45280572096766347,0
4509,108.28881588075187,23.106411572654395,50.392218584263674,-0.12800956280392087,0.31915729393784986,0
4510,104.65233856878865,21.7508967249343,54.050568417242886,-4.309068324669675,0.3342179017615765,0
4511,99.06503305847127,27.140650693142256,51.21264306673263,,0.47282562923314686,1
4512,110.28907090410398,27.98984129543574,47.13596073755824,2.1016983546040997,0.46397772507617874,1
4513,102.05443933609436,29.70359446379856,48.77116903947758,,0.5783643703186002,1
4514,100.32201850618787,25.704163016102896,49.66173007865607,0.7891668150977972,0.5109830028274355,0
4515,104.11041062097802,23.53834750248062,48.252434225783354,1.1761034654374956,0.6411171758665221,0
4516,100.43594540351744,21.66317161928923,49.24587836563591,-1.167440971886797,0.40025738781849285,0
4517,102.91284809005283,20.667818510570715,47.26612168283578,,0.4369380786069892,0
4518,106.72026960781733,20.555111405791216,50.01144256219825,1.8530499006894559,0.6041151368043352,0
4519,106.74170869623063,22.910272496637585,50.47482389802188,,0.3941325174544157,0
4520,100.51084966787185,29.901436263455157,47.99178118558776,0.0974225758305776,0.6949493228025888,0
4521,102.56147313525628,18.010244369248838,53.88050858696382,-0.2802128143395286,0.5793961792746356,0
4522,110.37166502385122,20.36647076677201,50.12702652256092,,0.5179055984828778,0
4523,107.4820005886697,20.260715788842887,48.366518267754174,,0.47238855187475964,0
4524,115.37532519674271,26.605433826387507,46.74092140006957,,0.44470944189281425,0
4525,110.90064086870764,22.22981673117674,50.119885778794334,0.09941259912384197,0.5636447778588717,0
4526,110.72146534279969,23.487129655101846,49.4790229343733,-0.535134728650182,0.3722052130461838,0
4527,98.060657247721,19.78348956563886,51.56608181457288,1.0395205795270694,0.5270433033074061,0
4528,108.81930175816711,22.859964466523373,49.713259470056066,-1.6528647674617205,0.2482745123423868,1
4529,104.73446599151545,19.23839774287003,47.61256243546254,-1.3418547713798132,0.48703388830195027,0
4530,102.24509098230875,24.396519454662997,53.341436592355166,,0.4490430959150634,0
4531,105.84007670266264,19.17526038459427,50.87124975901437,1.8528446669896885,0.5741853458866967,1
4532,109.72605767305741,27.486100574077874,49.49178257680328,-1.0809999361940172,0.4653057935892348,1
4533,107.50415795502106,24.799220610485875,50.32927706289948,,0.6098746848863312,0
4534,100.6076309932897,26.687614485282204,50.94808391312332,-0.18833628106429107,0.5072508554523877,0
4535,108.7122945679631,23.022196639832206,47.14228677221313,,0.7954007250378103,0
4536,101.81206228962019,22.57789551890673,50.31538843992562,,0.4163452459833149,0
4537,106.08341559482143,19.178506668586362,49.099753053412215,-2.793211138868015,0.3982088667902912,0
4538,103.48324966261433,24.286267284513873,51.0145999712595,1.7631536348948753,0.6075028200180076,0
4539,103.90566874132188,24.174025978285105,48.51963615078744,,0.5911621719970732,0
4540,108.83121487520255,23.617224533395266,48.79059628980583,-0.30139170292358075,0.487967700441153,0
4541,99.79903140092051,26.886220376189392,53.325742197128115,-1.0087683945150652,0.4398254974926331,0
4542,114.72597537138466,27.990052800388256,52.46182418176427,0.29341877795769344,0.4589576697579031,0
4543,95.89456965352753,27.0094760993821,43.408877640065384,0.273769706512232,0.6628113498739494,1
4544,102.01166158372571,19.726388913682126,52.31352396492862,-0.9682157664729427,0.21597088024941197,0
4545,106.8510594497087,25.464714111385298,49.852695947484484,-0.7622167807296429,0.5130062133989421,0
4546,107.92157083217656,18.963877268274402,48.583635874201974,0.15192919963247506,0.505558215623601,0
4547,104.49762139714147,26.335467449285716,47.9856505285847,,0.3059339162734659,1
4548,104.71304648499229,22.58206915873352,48.10176474344002,,0.3589554458015285,0
4549,107.05275042663808,19.58998747519544,48.64012811048317,2.5049881441470276,0.6196639067930676,0
4550,103.8446526127116,28.344610283713536,47.745734832636316,0.49173141648036245,0.5724411978955952,0
4551,111.96590628967454,25.36810006846725,47.29080067785472,-0.7873634801111692,0.38112791236956123,0
4552,109.196745571158,22.25669961537033,47.919239698312175,-2.5441242473052528,0.386296510418062,0
4553,109.36412175502818,18.368726155805994,50.64678771013138,-0.08447424741971586,0.5308523749616272,0
4554,100.16921638314791,24.447723108043327,50.10018029714159,1.4777881376716584,0.47851432395208376,0
4555,104.60305787797148,29.07871054183479,51.111712903103715,3.9588091569749113,0.7483276198840452,1
4556,103.49767025639647,25.15655799242839,49.86726032157989,2.8380846374935462,0.6777965058675892,0
4557,99.97199312155267,29.65980725543392,47.38664133871042,,0.35358314799814905,1
4558,106.80082091972884,19.6374134192455,50.98888184698721,-0.7436992970764356,0.34400695416312366,0
4559,102.31177121110092,24.819661255138044,47.99062144225017,-2.207248845355008,0.3084262699865028,0
4560,108.27701914925119,27.577500576077153,51.293228603977866,-1.2624825999359273,0.4504135597063905,1
4561,99.64904218552834,24.306488773508594,47.66815999408608,-0.3192647446871278,0.4764436085302965,0
4562,113.5952030642091,19.09279627184967,48.62504674719295,-0.5507054949392158,0.611857066644668,0
4563,100.5183367070397,24.994632018566612,49.27721671886417,3.081850959869147,0.6173796434450329,0
4564,106.09651168600217,25.34085487010966,51.348809602113896,-1.9730354137143231,0.3124383510112293,0
4565,108.95929655194034,26.74451098170423,50.35199450425479,-0.06764167378184587,0.5623199792264018,0
4566,102.14679784899944,27.134538181985686,50.04000264430185,-3.0951896434449653,0.24723800578028493,1
4567,109.26234321716476,27.249272258527284,53.77133757011061,0.4963361707316004,0.445733346351651,0
4568,98.85408201099791,25.961332723667592,46.32603367754971,,0.32159758908267166,0
4569,112.2605884959128,20.589734237023897,47.923244714598894,1.6539394625741881,0.2829616513216061,0
4570,105.07074632482879,22.85082907007375,47.837623043922015,-0.43653883952293737,0.5348597245085503,0
4571,102.01794296015561,27.313559671372783,46.458695380155454,,0.4888492793741388,1
4572,103.50409113786283,29.44112380080976,48.560960974227946,,0.4339660282158315,1
4573,109.0445963469636,18.947363578039464,51.37553832759341,,0.6151450250395892,0
4574,102.07772354074781,24.426440133566338,48.8167052029685,0.35907133611425723,0.6686566260706197,0
4575,101.25321155288611,21.75026725589168,49.33399405602738,0.6322704707346931,0.4982168568608867,0
4576,103.8923170120813,20.70472673180196,46.55489034423944,-0.7476569717599102,0.5735411882045405,0
4577,99.11518943615016,24.069728202236583,48.4069488496793,1.3886955651494535,0.5596707469291294,0
4578,114.10271953970908,25.27307208667844,49.07660256882483,-1.7036143393426062,0.37222230641094806,0
4579,102.16802704392639,18.117266777033777,51.284800845094225,-4.390589763762853,0.20491273716192726,0
4580,109.15808393090202,27.362478866414293,46.65016720416356,0.4238304761137491,0.49442912994211413,0
4581,106.04735041823886,27.83858557511337,49.089982508557725,1.9351437190250755,0.6296544109322917,1
4582,100.07732974759016,29.586129894815194,52.17363606013778,1.9490005104866148,0.755563824662564,1
4583,104.97022645393635,20.16772479869634,49.109833428753475,-1.9497138609230023,0.47537881479238037,0
4584,108.92001389655374,25.134630748331375,45.76887717176264,-0.8170397809823373,0.3820171774426449,0
4585,104.05869332456847,23.119504481716735,52.55835155469638,1.085730023610761,0.4498736471268286,0
4586,110.96556472925514,22.01793421866421,51.46979388507667,,0.509821447616127,0
4587,110.10757696390932,24.787601417250055,51.73879435015758,0.15807729091274045,0.5981413008224384,1
4588,109.59457427329164,27.388597118682604,46.51243270650921,-1.0746598437154231,0.569014615169658,0
4589,102.70171613863502,18.276633401342522,53.02491145169443,-1.6340831361920605,0.39142073015110385,0
4590,99.60078776109256,29.63280135079424,48.4534478297776,,0.4797222619243005,1
4591,101.93206197318602,27.71857902846853,48.981122111559536,1.4335877894268474,0.6572620550490338,1
4592,105.9812047033336,27.01384444374694,48.59444566801599,0.02067414694631073,0.36592778238606893,0
4593,107.72893356766178,27.124648586166042,51.89387436391041,1.9078224576083367,0.6231682746967171,1
4594,94.14214297619776,22.66872851542383,49.64040329498941,0.7806310424316298,0.6294662796082245,0
4595,104.95943399194125,27.019446610137763,50.96348206517525,2.409697847221414,0.6715240369019991,1
4596,105.79044612661592,22.641242503235492,50.15180204576873,1.227102289438104,0.5532904476361267,0
4597,103.61227871842225,28.784481954897515,49.80991599261416,1.1390112453700567,0.8179450790008714,0
4598,111.45636919507939,20.126668599677636,48.106431872507606,-0.18073184795352304,0.6840152743569656,0
4599,107.10890037125435,21.508169090581816,53.62428117461553,4.513809864744975,0.7266300677048796,0
4600,111.55095954040449,24.616050512388913,47.07321274298954,0.16904732984180165,0.48947968709031836,0
4601,103.92019739824885,21.83053243064727,50.82450794806937,,0.4220211121358222,0
4602,109.68738746253463,23.09084694354328,50.753313184214555,0.4020503094209503,0.5143496323934857,0
4603,113.1753319726376,23.909072272783135,52.30871257230485,-1.4734383648561453,0.5534823226184516,0
4604,111.5584672463633,28.276240185762106,52.776180064758556,1.525532282402423,0.44955127285830787,1
4605,99.53929203285634,24.278307043304313,49.725222801166446,,0.5303662920758518,0
4606,103.7316196122881,22.349518183374727,51.0607886118495,-0.28727047489897733,0.5541610799921566,0
4607,103.27417647275102,20.97283396842139,53.52974742090502,-1.3318395201647413,0.5337828488063877,0
4608,107.44627267538164,22.904111745506366,49.869646466155494,0.21963859008120593,0.36289015893153387,0
4609,108.43176777507267,24.188833252972437,47.86713304986965,,0.3565011721972661,0
4610,100.80553662987131,26.953378286438834,49.23106377460116,1.1817059891757549,0.3914593573592177,0
4611,105.33919256958468,19.452585314068063,47.39070800277106,0.8340235713870687,0.4543833338383609,0
4612,94.90036333921933,20.65931025886981,50.743633621989446,4.403949888740153,0.5924760497736786,0
4613,112.20972502900945,22.55584819042408,52.12891241628127,-0.6676718079763873,0.5205295193974804,0
4614,102.43812879661654,22.324780861434174,49.757917015864926,-0.4551384427269664,0.5001435330927165,0
4615,105.27931969922248,22.70097705126254,46.75807990109272,-0.2321635109051598,0.47300891319331617,0
4616,103.45175143005969,27.522255175683895,52.043301670115355,-0.16647830140662206,0.49428556507600424,0
4617,110.73013787506707,21.889852835546076,46.44740207686844,,0.6964548772378255,0
4618,90.8124677930131,24.022778164831976,46.90809044415392,-0.41451846759319866,0.3750471679880777,0
4619,104.91694828837045,25.48688439429476,49.64332322501056,,0.45490847014942815,0
4620,104.47090621251151,20.786142602203263,50.503570491351,0.8734126645885526,0.6147218212807306,0
4621,102.73181806204158,26.624344645770467,50.844494997516705,-0.7286040719820368,0.4244734259548712,0
4622,113.63113272817816,24.565335836859372,49.867720895907055,,0.3425630542901136,0
4623,100.56335270572114,23.361373956376536,53.52008753026971,1.5613082901126853,0.6334665457212741,0
4624,108.8589808861783,27.717408320859768,50.1303366821664,0.042780227830215956,0.3053743908833441,0
4625,106.78126394353042,20.921943110222184,52.06933620350587,0.013590080635132767,0.41492066081656825,0
4626,111.30759626267758,28.59811164737188,51.5739091281894,-0.8977203396361784,0.21624835472390055,0
4627,101.66405457611248,24.732584824400444,47.41425253559094,-0.09216852138076138,0.5213010942458145,0
4628,101.3351555043812,25.3100985525559,49.66053902542896,-0.9584322762041579,0.6094474033519729,0
4629,110.48034953738699,28.500707570027313,54.24664102656204,,0.544810491590727,1
4630,107.12660654165055,27.81099225419203,48.99129829211949,,0.4746250901071864,0
4631,97.27531326661621,25.218744825862803,48.65075895128662,-0.2621532589511609,0.6653477097068606,0
4632,102.30347492768365,27.03825244617809,50.34115116295404,-0.2842021245790962,0.5485334188029038,0
4633,106.93191326924031,23.199833882794763,49.0629601414799,0.13826125235882603,0.7449569786649574,0
4634,109.18882110773295,24.568533041996957,48.41259084099552,-0.00831035830819932,0.5156647563873279,0
4635,101.60384673403523,18.744841640502134,49.03343321140483,-1.4354042689637514,0.4508935058752266,0
4636,90.4287200509153,19.078295016000563,52.86401934273725,-2.851161192577473,0.5019248914567448,0
4637,107.61611592868516,27.953104850235984,49.726762617044855,-1.196550999661543,0.4253096336698102,0
4638,98.89839655028013,18.71605986818996,47.34384993449058,,0.5150807899915977,0
4639,94.91330600938794,20.03278950759129,46.97650692382367,,0.2025326364672087,0
4640,90.8383703750793,27.5499919074053,54.41360986410894,1.2290070455933544,0.7352207345986301,1
4641,109.06990430098871,18.013751407539075,49.553331261131795,-0.3437297038511313,0.5219009296212119,0
4642,105.64308725202483,21.38885194615037,50.86915700193084,2.81036036254293,0.6297804081600269,0
4643,103.87171809643874,25.008463893919462,48.45724554732078,-0.8422413873437236,0.548622431420695,0
4644,111.9451218148138,25.14539917763156,50.64197193854283,,0.39240765123111176,0
4645,108.18662341511536,27.325834898753683,52.918659303203064,-0.43329263425467657,0.42319751248080345,0
4646,113.08150021360959,24.071115053906045,48.69547363251249,0.6596670866022336,0.5883169116596093,0
4647,98.03632263916502,24.112822434371644,50.917173559897165,,0.5843339508159306,0
4648,104.82724688023018,26.703726906488406,47.18850744821923,0.9124214383906445,0.5902842251036121,0
4649,96.91643312525993,23.983493559195402,54.045732236733585,-3.0461944041990874,0.37262065820747203,0
4650,103.85308834072266,25.301893038763403,50.53707186048915,0.7497924157093013,0.6005439424117666,0
4651,103.75692073116662,28.77328881906061,49.17441231129541,-1.5163172134215583,0.2921039031499676,1
4652,108.13306818631536,22.817412091348466,49.40425175342767,-0.46465376762441674,0.6045817918359948,0
4653,105.2278194057095,22.621500851030667,48.97992365097133,1.0339937802560057,0.5033110636008775,0
4654,108.11703569139958,18.042587902377257,49.082189671753014,,0.42179117812041955,0
4655,108.51720066569447,25.36111513825478,45.10500971530068,1.7339220112275755,0.5266185230087623,1
4656,115.77464338691571,18.357262888885582,49.804068535806486,-0.5300788493268491,0.4447555354583614,0
4657,103.42351672356938,24.049781876739793,49.72024263878858,,0.6857296965750665,0
4658,100.2948864966681,27.65080546838672,50.97732307452095,0.10301673869064316,0.5786677083401892,0
4659,106.23041807658204,24.599052846235956,48.95371250711695,,0.7180238143183205,0
4660,100.98859986430229,21.235633982600113,48.45792737171796,1.796518836800264,0.6330770704227849,0
4661,112.40980384218268,27.434021057392457,49.98445011109405,-0.9166576230817465,0.39458760777713714,0
4662,103.58390980527383,21.236604048990465,46.775263763819034,-1.9525360914502832,0.4393178401896448,0
4663,102.17211816063005,26.796381371350783,50.28684637506917,,0.5325509867525887,1
4664,102.64342139424441,25.323101462282775,46.27636148095656,,0.4622082776356879,0
4665,108.5920871173582,20.039955560976015,52.24163729766159,2.3695781701305094,0.671901239102201,0
4666,104.21126508384258,28.86160649813023,51.36853991132155,-0.3702887575089343,0.3539098051162687,0
4667,101.79166589934809,20.40772419548635,48.14762824715197,-0.45060593777816105,0.2747777100740251,0
4668,113.32675958811765,29.875044889688038,51.32227602667607,,0.5143075375935849,1
4669,100.71915079669125,18.08772586385929,50.22302844850776,0.6288255196196533,0.5183038969693604,0
4670,105.17783037016497,21.16180052571484,47.98197953783028,-1.761333422920249,0.4535261797323849,0
4671,108.26153075805115,20.398323567290387,45.95424768554182,0.663655369321072,0.44642620177350867,0
4672,96.84332444791464,18.167920922045553,50.6328713668529,,0.6697293006875634,0
4673,107.40130250702963,26.788414801767786,48.41143630572993,-1.124512667961547,0.4787822883234885,0
4674,99.72446162259776,26.321109625195156,52.18993913939216,1.4348698965265692,0.5537917350810493,1
4675,109.11391390417,27.508211572259164,50.028067467763705,,0.5079635136888858,0
4676,100.18674494040512,21.080382557574783,48.60083460700537,-2.20686554385633,0.21548666224274216,0
4677,108.4638451592443,23.33202200499564,53.595677466180945,2.317931010470538,0.6532094502600966,0
4678,110.52916533147356,25.909362259458568,51.15289298520601,-1.3852058611114786,0.5794224267760003,0
4679,109.30718262816403,23.277222046657723,42.68982696979179,0.76060581189972,0.5695582187847095,0
4680,106.25658324119051,26.36790924381499,49.02721646241827,0.6386917110708663,0.5505488865052801,0
4681,103.84349528535151,25.607680901285306,47.231822015975155,0.583777010886517,0.4974857269755672,0
4682,102.11790211832579,19.375773636266118,48.40040412455938,0.5577928738952034,0.6361658051942928,0
4683,112.35517345408552,27.372517452923617,49.71053520216293,,0.550336858316064,1
4684,101.50252389916179,26.64811630911022,50.70809701717509,2.5370244022540813,0.5836568166225319,1
4685,99.81466963215001,25.870012651408864,50.522731484227144,,0.6075833720690262,0
4686,108.32684467516415,19.861123275252027,52.155746153129606,0.7125850968756,0.5588506984858518,0
4687,101.01931598406752,21.215957385544364,51.27319675501733,,0.4402038995820229,0
4688,100.24968251266937,22.718124379051204,51.14949385825101,-1.4675518134831504,0.34934987876457224,0
4689,97.78197868915117,21.35915545987732,50.402984646266546,0.9861849400337456,0.6635868895150216,0
4690,102.58545080269741,20.733723488113576,52.5735977054518,-3.0055261675452254,0.406245536404946,0
4691,104.58642488051754,27.66429204194131,49.36744691361817,0.508055789910556,0.645643325192998,0
4692,106.21545863830349,25.65878695632243,49.41939346252962,,0.28862735311520804,0
4693,109.75653122149741,24.785665578603002,46.18885329405494,-1.3020476662644191,0.3292389592441257,0
4694,107.63448961832897,20.711432530239048,52.11232808762007,,0.6001094283708737,0
4695,104.0456389022341,29.016918747223695,49.84614848844169,0.3691596236734537,0.6331709102108254,0
4696,104.0090216181014,20.294196469167794,55.86721141234254,1.6745421777514462,0.5022183435617943,0
4697,107.55078734457592,27.539411193896125,49.18893461647509,,0.6129165754073205,0
4698,111.36285081464285,29.600072000463516,50.17715625883347,0.6867495733833704,0.48775605642163045,0
4699,105.631570997416,26.725112750690833,51.093009907216825,,0.34272596462192473,0
4700,102.65434572894796,29.914305302215556,47.79620005402258,1.0240402663059585,0.3411769569529365,1
4701,100.03566999457227,25.812613403735362,50.71709542775846,0.7006284213750213,0.5328325374772156,0
4702,97.77397367793887,20.60952412324674,50.06932286411437,-4.072647290995772,0.45244775113322055,1
4703,108.33134836021762,20.445833924598137,49.392623620646326,1.359460106492467,0.7201118149532053,0
4704,107.88989261819779,21.894771411065715,52.345207917486015,,0.6861008926439239,0
4705,107.88681762553331,18.085560242652072,48.19250256417869,-0.5434692459876103,0.5558276483555504,0
4706,104.35670276823971,26.180381640994014,50.54980422616444,-2.9613100915990387,0.38367096146126234,1
4707,112.03467372945876,21.224013415533932,52.909328582770094,0.36371103845161,0.6333819608571403,0
4708,102.57940752707592,27.782198787513032,48.5867564880874,0.4899912062047477,0.32341092505281915,0
4709,109.77634618603602,22.310071806711605,49.4062280346154,-0.6607252238412661,0.5659425306983251,0
4710,104.80628552505229,23.759477921559753,54.690609126943656,0.280049586520037,0.4019019634559459,0
4711,101.95824617660331,29.588266998724432,50.94878213031211,,0.48911571410278465,1
4712,107.96265153658881,20.906065476567324,48.98760504671476,3.59628257744275,0.7493993448274617,0
4713,107.04818059341997,26.655049169156875,51.60524952015695,0.22035550937379914,0.6038908441533974,0
4714,106.78486379633463,27.061413471665006,48.86381289681795,0.5008705220298632,0.46407268354281206,0
4715,105.40639211028099,20.65197789028362,46.870168151679856,-1.2356833127780904,0.5028351304363172,0
4716,104.81053459141584,24.011962039346347,52.74472789053034,-0.7520880689648681,0.5186887900453806,0
4717,116.94185996435219,22.20242310375562,47.79388147173797,,0.45873207577756986,0
4718,110.92128322598086,27.26287492080107,54.903425249994584,1.766577053085897,0.6037139386947645,1
4719,108.61413447492757,25.46979982834845,49.02133524907559,1.2284366340420874,0.7695102365044535,0
4720,105.55899579101694,23.711796658326563,54.26652936312371,2.8940300160119437,0.6165446979953746,0
4721,110.03578600298334,27.35235918057262,47.262657862959884,-2.2353392634903138,0.36352383783279524,1
4722,107.58997388195726,20.821866840101006,52.05098717253251,-1.9856024559734586,0.41572059148988105,0
4723,105.13102376387018,27.04346256701231,50.9994525459693,,0.5643608805236495,1
4724,103.48217837367042,28.38449174511389,51.6754924511103,,0.6877147680320265,1
4725,104.59541331168656,28.54345916169087,51.936045413352524,,0.6494090050672257,0
4726,89.14787132060972,27.404083116235245,49.004509715437656,-6.698405795293317,0.14041283632204454,1
4727,106.0530041964882,22.896170003979226,47.382312315994,-1.1152937428481213,0.35855679841444327,0
4728,102.5576195994482,29.781696272613924,49.89816453932156,0.5032404782240854,0.7226528182123048,0
4729,112.96334999141442,22.55512372586928,50.44606051517027,-1.3491194798665993,0.4445249736320582,0
4730,105.09672035405877,25.66350478922911,49.05631075768899,0.27768923540657353,0.3434316875301955,0
4731,99.05518290232519,19.932890136833624,50.55510794031972,2.847833173307965,0.8286190714350882,0
4732,104.75059922935941,29.765386783636714,50.65925106234948,2.1391992293925015,0.7195787280350818,1
4733,99.76939457468748,26.44783106237596,48.179947106912266,1.2133383680552081,0.7208011706739386,1
4734,107.36703707856233,27.040530542956418,50.78994256338093,-0.0966739182572361,0.6385910564927296,0
4735,106.45473682169742,18.789320440933736,49.465575952610706,-0.7420020868505878,0.7273987018702082,0
4736,109.78919815554134,27.16101377064806,48.60003819959326,1.1366269729162108,0.45313767841002883,0
4737,101.04559104152717,27.296681150647217,51.574750276447986,,0.4223397914670506,0
4738,105.17004048114073,26.061272716346757,48.44601757661291,0.08955665905855532,0.45525146494398255,1
4739,98.17489102286683,21.502915365484125,49.08666482019055,,0.3315742083893578,0
4740,108.50747390962357,23.87628050593058,50.14410170037331,,0.45870533953937753,0
4741,107.5943559022006,19.325212455704598,52.74862324130848,,0.5073996646829025,0
4742,107.47902510513785,23.659044797509832,50.385568155448595,-1.6516002611228808,0.2984649267274465,0
4743,105.0080951567847,20.925886231204856,51.05657666494933,0.398560647903686,0.4324842800491006,1
4744,107.07386445394395,22.189163837928984,49.40471492800701,0.6187553922962089,0.5015624611352814,1
4745,113.02169554154298,19.951204900844385,49.843020751247316,0.7063317236310278,0.6497466312556262,0
4746,103.57452871478993,20.760652412962763,49.90224553296081,0.8403963245365336,0.4844887969616165,0
4747,105.69322591855043,18.918823701841394,50.58661247203405,,0.6280762358910617,0
4748,99.56936850409295,29.038816397243057,49.40806485390348,-0.935689638063794,0.3210876257229428,0
4749,100.65869519200834,24.36492825570484,52.67999977095242,-2.2014818454917604,0.07003613973707756,0
4750,105.48906646546654,22.760903655152877,49.25366752299571,-1.3103031185750253,0.42116733433900133,0
4751,110.51966773350954,24.420350553225408,46.58551772958926,1.094881795357367,0.4937432166216844,0
4752,103.71859587874214,25.539518741778632,55.48559320874004,-1.801269890693542,0.3217627857248296,0
4753,103.82041735343938,29.062545520432188,49.34526261811249,-1.5609160198267604,0.32206917186585754,1
4754,102.96557377747813,20.14431542743576,52.626339574182694,,0.350787685224875,0
4755,102.32621664577839,21.546629983622612,52.80958168391952,-2.768961682114891,0.2628169227431824,0
4756,106.4748572785441,29.709472036129377,51.890428624500764,-1.7205065491976992,0.3243010677101975,1
4757,97.51371177410678,22.454315839782293,49.603945560805194,,0.43914503334044286,1
4758,111.40469788333364,18.27073980908793,50.573369639748684,,0.23330258793383457,0
4759,101.6728885093527,19.771721911645905,47.45097958139014,-2.6234072348315194,0.14788888944426115,0
4760,108.60951742719071,18.316064420982624,53.98029554763655,,0.707735624065017,0
4761,98.65000701303062,29.87907770904874,48.29638800363466,,0.5319663620786295,0
4762,108.34420065273109,21.346450187894675,49.49219807451825,-2.746159147325494,0.5151462872641439,0
4763,108.35972303907249,29.082513083234712,50.1979729740805,,0.553739160370192,1
4764,106.92101036002948,29.95063530911659,49.78512049032608,-2.1614712230386184,0.377498783003426,1
4765,100.02785739100104,25.19809465371737,48.686253435413214,-0.5932254584800287,0.5010057894892428,0
4766,106.24774094799038,18.39835578078674,52.78867810410938,,0.5333871815647978,0
4767,99.08471907632806,18.979099564643125,51.90055856697656,-0.8421601601332899,0.3332250467013307,0
4768,103.73618372451908,23.77906866129453,50.644094408651384,-0.09720254772228405,0.4571623879040639,0
4769,110.14706550477663,22.874064154937834,49.2008938880065,1.1678405309650477,0.5888702026968751,1
4770,108.98350963535371,25.274127669381212,52.128551743688945,,0.3035873074902601,0
4771,105.07591471270217,23.26617371653637,49.07106273444487,-0.9085104901398944,0.5843083075833009,0
4772,100.1259671203858,29.208922191257813,53.14078368067563,0.6860230271413432,0.6405768931313284,0
4773,108.22793856087097,24.416876584962132,50.22244183096686,0.3108955929337591,0.30536714160271655,0
4774,105.09690618849012,26.324712737549305,52.45956305394543,,0.3618871854893085,0
4775,93.39842200884789,28.75782327170996,49.772359347632836,0.06345213312654881,0.5136575808157103,0
4776,108.91314913158259,19.76246250999849,50.14306636408189,,0.5277585432598634,0
4777,104.87883583065154,20.756815849422342,52.45084212291734,,0.5876823149909582,0
4778,111.01225623991536,19.28782392568818,54.387850303608886,1.208701821224858,0.49670095373975753,0
4779,99.52364740578598,19.675660790758947,53.12073363500976,0.6704382098537334,0.7673389780734323,0
4780,89.11648093401999,24.151007603210797,51.7542692387557,1.1555694528548215,0.5529025401961827,0
4781,106.39541929172593,21.854151107609567,51.178566865915194,,0.5252218473622635,0
4782,106.45781838340986,23.07807407432106,48.98610261948075,,0.4896310309625047,0
4783,96.54664186196774,29.78987798152874,50.59045948221087,1.5019228951001886,0.6061751964246861,1
4784,100.10750227066697,19.880452173551376,48.17390163200653,-0.446410665422883,0.5031678542181748,0
4785,118.77608871859951,24.48974484957691,50.751564267369545,1.3938267349008244,0.7693074509059342,1
4786,103.47194692923098,19.186453860643812,50.880101321387144,-0.18767491495694427,0.51535331510971,0
4787,108.65479488188107,21.821955759166542,46.07830971706362,0.46974463181898385,0.42505980358706735,0
4788,101.74670086315808,24.330311084095182,50.077477218383414,,0.441766606105985,0
4789,94.54848550573422,29.359580951584054,50.82974979817821,1.2198005779265848,0.7082524970990084,1
4790,104.14870876602048,22.694738655401796,49.83258028572195,-2.4518191815133066,0.44579195631804547,0
4791,103.67197719856948,18.77888035457604,50.716097677713144,-2.3645965690641404,0.22613527543273232,0
4792,103.00060880665814,22.6579373755238,47.31655551328737,1.0075662976532644,0.38982579185201927,0
4793,104.42679582246804,19.748894110487733,48.44827138887948,,0.5292326399877926,0
4794,106.32134135822818,20.759875359497343,52.069876326327865,-1.1634654722829318,0.5034755638646716,0
4795,104.24941524373097,25.417087477979884,50.00114333129155,0.5464633635251122,0.4595184038316158,0
4796,98.67996916026318,18.80908639444418,50.679757962629814,-2.1119403151558513,0.2263859593131713,0
4797,107.4309239578097,23.576685075000448,48.90695767858284,,0.632304539823945,0
4798,95.25314122338789,25.31353903212917,50.03898804655371,,0.7629429637428669,0
4799,94.748212713579,23.062300708409964,45.3959756397296,0.9334540161118097,0.5963697020088489,0
4800,108.69590247350784,18.229516207484764,51.69202387684153,0.11344555601623024,0.605680484138653,0
4801,107.53510136067679,29.826232282834383,53.61586567790494,-0.9280920672079455,0.5700947284031561,0
4802,104.71302317462983,22.405389208086426,47.86996490157072,,0.3391354112736239,0
4803,98.02275747622464,27.3429262431992,48.11933562498086,-0.17073394123413582,0.4541598029096002,0
4804,101.46044529662963,21.90775790624944,50.88175979647497,,0.4187174137640441,0
4805,103.68626626156748,23.700201083921026,52.94775858101349,-1.2021627729798687,0.4815603449258137,0
4806,97.02053015712943,22.661563711331958,49.99580536523411,,0.502693736359852,0
4807,101.30485670988384,22.11047075411529,47.541363958374994,0.37449457789665747,0.7057128741336476,0
4808,108.2616516908834,18.262216526493344,49.58276552672425,-0.5654902587343407,0.5531557040368028,0
4809,112.13652682144608,22.320251254254043,47.94013583937642,0.8026073622388045,0.6222889522799441,0
4810,102.90282623670724,28.67387988479436,48.66230741426245,,0.7269454981902174,0
4811,108.7824417715805,26.284720063124205,49.39191780169337,0.3441969451194934,0.49670397101210423,0
4812,95.42969964706266,19.745074309145277,48.141350823516746,,0.8183583159429113,0
4813,108.29725620556806,25.09386005547287,48.44418855165087,1.2355582703483163,0.619606164530071,0
4814,100.9802579263626,28.706770319386457,50.14906800044449,-1.8908490159748472,0.46695275426529714,1
4815,106.53672808353986,26.400408491578265,50.43007162427446,0.6881046718822037,0.5129524411667107,0
4816,103.76123790880145,19.78421270828036,47.152039332358065,-0.08102811445273383,0.3565253334907494,0
4817,111.60207004891917,28.41398996081396,50.79276344501867,,0.433868638125376,1
4818,100.62782175830041,21.618528159466386,49.236132273737205,-2.132449320114962,0.4282858942006291,0
4819,108.13803148780916,23.4489137317481,51.440523047105216,,0.4764459114549612,0
4820,103.60246268351733,24.313713116269756,51.56099504137572,1.0463213023178475,0.5426425811203914,0
4821,104.20847260995168,28.206079252538345,48.910917638089906,-1.5693857989867896,0.33334136429328276,1
4822,104.08073053420395,29.179289941771934,51.228295388075466,1.4552505797919666,0.485421429175374,1
4823,100.77163447752943,29.155834533486672,48.32608792060234,,0.47327223843206745,0
4824,104.92950517046664,18.09545017534249,52.64752412567058,1.793788735413779,0.4568456120152615,0
4825,104.68675888939089,29.062661827025487,48.40172759828707,,0.5233737141730129,1
4826,106.20620124203364,18.65264359201887,50.705499217251024,-0.23765537310448825,0.5594906919620831,0
4827,105.42252572846431,21.189283881809224,49.62478171071144,2.453399595153142,0.7682817714909962,0
4828,108.98997274806118,24.179854256733996,47.966210971524795,-1.6861741351807003,0.6232350743801685,0
4829,109.61754308023684,23.759108268052728,51.80183152357062,,0.639258750221015,0
4830,99.746883390861,25.256517526648704,48.77173638226642,,0.5541017563597256,0
4831,109.34386250295385,23.75335474484407,46.59985567004339,,0.5300171878502212,0
4832,99.06831786445073,29.21250815568505,44.23597327366394,-0.8507824479191444,0.43372546965028047,0
4833,107.93927944068868,20.886586178575044,48.24991061114406,-0.5651864818196091,0.5119609823092459,0
4834,108.09869392351435,21.28829632846183,52.75181683859795,,0.8294790954986854,0
4835,95.44341554168747,29.048855228316675,52.51547693500732,,0.41546584097751943,0
4836,105.46489623264705,18.920874164943076,48.56280319530494,,0.5117010930981364,0
4837,102.65751943319842,25.314729862857718,49.251090170597244,-0.35310436692962566,0.4413667785655902,0
4838,101.20617371032313,26.18083142478733,49.070173848887954,1.4048256443816212,0.5075638774631852,1
4839,111.75426165349502,24.066500681156874,47.333135709100866,-0.816239277556488,0.5790762876011812,0
4840,101.7316042968129,26.330782545877646,48.10233625675331,0.3841981404887571,0.4428249865165134,0
4841,100.96811535440975,20.073055752143603,51.96229903880157,0.9430474507091136,0.488390857904955,0
4842,105.37847470002546,28.23158679325848,51.0077757427588,-1.082717180004722,0.4769844511604979,0
4843,108.42794873149208,19.680308273638627,50.54617771705978,4.136588886338387,0.7298620246347559,0
4844,104.29175706994937,22.809749331788996,47.329706776678286,,0.5100855740726603,0
4845,110.83185272834626,18.90309121569847,50.201406428067955,-0.33895643177606427,0.6514143123188136,0
4846,107.65487830982045,24.5425329458088,45.392310061023956,-1.0458517752760388,0.38464382996717117,0
4847,94.10894340134286,26.036949689107672,51.68560538252107,0.13758453544047283,0.489770631044894,0
4848,102.35266518246496,29.294659621143488,50.51714980147428,-1.8239970159202044,0.21612509536274077,1
4849,102.1907895032415,26.87203435075201,47.30953509580034,,0.6031723744048549,1
4850,107.39680476714712,24.49323499744981,53.23285111498008,0.6468806586016208,0.40004837702157336,0
4851,91.87591471812944,29.191404206044005,46.407670681662836,-0.13197910111709224,0.4017745395983629,0
4852,117.74504854358861,23.74124205649052,51.06061236449921,,0.3828623763147711,0
4853,107.65513047447105,24.734467837186433,51.11034353795733,-1.0822721671289512,0.35663595902110395,0
4854,105.74438401958845,25.153182332041148,47.52065912129504,-1.733939379645656,0.405796909010158,0
4855,110.90783858209574,22.9197567106388,49.924298618379765,-0.19519960759310645,0.46582184245911495,0
4856,116.71827026406312,28.06179228678989,46.72634431569428,,0.4680885698575498,0
4857,109.35373322294201,20.222111266140708,44.307251367346375,,0.5073035905462276,0
4858,109.7440654823581,24.658106284459294,47.86424754613668,-2.2144168746483404,0.33878011500652166,0
4859,105.65345012232191,26.666799074246327,48.76675011547601,-0.6844752450288479,0.4623158847726279,0
4860,104.29237123316526,28.847714062518925,51.288512361621585,-4.625197189752832,0.257717501183241,1
4861,102.62102277997549,28.60702075721134,50.13481617012164,-1.7735237563591375,0.4388218644007082,1
4862,100.86944004142728,24.104883473161703,50.18709091877229,,0.5335483899810703,0
4863,101.56492950150252,25.7179374139601,47.97115675343283,1.4415387128621022,0.5287109662874913,0
4864,98.24722017828509,22.730852833551612,48.939977391917225,,0.4921718915452655,0
4865,104.62064274657489,23.618133154562404,48.14014678026168,-0.4869068236115636,0.5359420067627921,0
4866,96.57666211386807,28.875189510876595,47.550051985940385,0.038409232691991174,0.4986778924603733,0
4867,105.95458262071855,29.16844791830969,48.812601146025486,1.6171652082631656,0.700368602889816,1
4868,104.81834695978829,28.744968696804236,50.14902477019267,,0.6229470142131842,1
4869,105.73467649193344,19.66045034176366,48.854722961151595,0.2296233828345337,0.4953639047346604,0
4870,102.38934214990003,28.201008255967636,49.352994661150056,,0.4735946018858419,0
4871,120.38430185090252,29.380364772257764,51.389829621822784,-2.1655404130509517,0.4082347090100445,1
4872,111.80057950090156,22.334996334883257,48.99849116261859,0.16210385184159037,0.41638518631342614,0
4873,98.77728749957639,24.22375547306003,47.33206673802422,3.1123837522353988,0.4682563951215543,0
4874,106.16434043713448,27.34914306975595,51.12690704320248,1.9352888249059785,0.6249115550635809,1
4875,101.95996928531338,24.744937650787783,50.531699297016566,0.2622874443883572,0.5965179533690814,0
4876,99.92760136646294,29.921802260474994,50.65731899634463,,0.42265749176162914,0
4877,98.29963964438032,23.46856038188194,51.25167731507142,-1.0327745421780845,0.5556685495934456,0
4878,107.16108345379627,26.56731253448853,50.91328305461589,,0.308569244375679,0
4879,101.59309882465213,27.51109368235853,50.05745738494261,0.22139876337652337,0.45519111089496467,0
4880,109.83913012012601,23.929204989101272,54.782905325704185,0.22595151047766396,0.6818991577456325,0
4881,109.96891107265219,28.28380566853651,47.430062507396094,1.51612489935459,0.6113998935548487,1
4882,111.86957192605725,24.55385509448636,48.827165443022885,1.443124399111944,0.5419084657172136,0
4883,100.73806616962948,22.939809561619576,51.93466872935633,0.780850170316624,0.5642710920456541,0
4884,107.37682805346004,19.293884086223365,50.28517258419115,,0.5446983565601293,0
4885,108.16227108321151,22.72096291620509,51.515846068022476,,0.2833778586751451,0
4886,102.62910912448018,26.80723745679941,50.33951285907374,-1.3318372054268783,0.565194114756525,1
4887,101.14114021303563,29.055436940161286,52.74811310231996,0.35328043380999263,0.46866036858098165,0
4888,113.04760332887986,21.020152846323725,47.98497828873351,-3.0394815821342123,0.4188644135229171,0
4889,106.13747937866027,22.262826207966032,52.684919778813416,,0.43810701364349713,0
4890,108.17983875355868,19.847531929253115,52.341992986408535,,0.774020535889592,1
4891,100.88961994086036,26.288674730747626,47.57942177153924,,0.546895652284439,0
4892,98.90357766738903,29.522261160119104,51.261330819775345,-0.5260914164186754,0.3408137543217826,0
4893,102.15275112753945,25.691426638178108,49.91392013552682,-1.0473831206246704,0.4946384864642757,0
4894,104.37989306305002,25.404918360074717,48.786835961761874,1.2085729271650234,0.6905516445376262,0
4895,99.67889996591326,24.641879166005207,46.22276162056456,,0.6417804699911573,0
4896,104.95077595674809,19.06146888822644,47.97837265776537,-0.36964867887411096,0.4908676030744742,0
4897,96.5574740596575,26.754045917152602,51.41622428036918,,0.5370302164377039,0
4898,99.39976288765064,25.22459452259221,51.627682538521114,,0.46357191632257005,0
4899,108.35455624138437,25.937721226275443,49.57857903884766,-0.45455514598048274,0.5363760081560772,0
4900,108.01895260138947,28.78573311632906,51.63397028628657,,0.5951097593565814,1
4901,103.04061617306567,27.407529444732216,51.89052015578827,,0.3035610802115012,1
4902,99.91117845461524,27.370983025854315,50.309279917252695,-2.0508747417640745,0.29739571212367,1
4903,99.86298224236995,29.126205226552173,48.55533275229959,-1.8387293587932594,0.4288479921701845,1
4904,103.13365877029344,29.879219417555994,50.88210822563129,2.0220842814730973,0.6176036872492899,1
4905,108.22259245822646,24.975392783532715,50.973969415317725,0.24872841399593296,0.5095286715971985,0
4906,109.64122845672162,19.30657939237399,51.34788878070062,-1.6974759551832626,0.424063664105067,0
4907,102.51734132259016,23.509558893305236,51.73080654000448,,0.694510635841553,0
4908,99.23253787007609,27.451213757539733,47.275670856157554,0.512527649833249,0.5610386043564973,0
4909,106.33921818933166,18.33270389714219,48.98014150926851,3.3048686428873393,0.4319808139104845,0
4910,100.88232514687076,18.682649260273788,46.20275730862436,-0.3529525158983121,0.6771233384525084,0
4911,102.40873680569399,18.805893388593855,51.4939920767107,,0.3924981893817113,0
4912,111.62638045218519,26.77242909993973,49.57537710403917,,0.48715167963591544,1
4913,109.13557714282884,24.013999542758064,50.86162814139483,,0.44827018241313127,0
4914,105.78987156125726,22.426775322247124,47.04864250361968,1.4162400873167318,0.7131560020528187,0
4915,98.64040499443638,19.26740454314083,52.8019616993861,2.4065211506906588,0.5925261529262179,0
4916,106.05698283735329,26.78688300247067,47.61132167076145,1.6658704762631031,0.6217212794247645,1
4917,110.31328645393764,21.852237726610795,51.549126608764915,-0.14857227881351676,0.2939553932121265,0
4918,103.12183167117232,21.183888840776007,50.23590034178508,,0.4851218242265496,0
4919,111.75557044993357,25.827830418642613,49.621114444947644,-0.9030793505460567,0.4964762536803642,0
4920,111.46372644759103,24.708130711162102,49.45967978677565,,0.42964604763920616,0
4921,113.31866416071736,22.34892770175962,48.72387398136774,-1.3813485467755648,0.5258942350217045,0
4922,106.52621563265676,25.697849649667056,52.59039235380153,0.6387920238126487,0.5497904881404959,0
4923,107.93695849903006,21.254658244609416,50.025225668704486,-0.07162931823777946,0.47534772708527745,0
4924,112.07093644165545,27.53796313925192,47.46155693929356,-0.33538521019833173,0.40214005483012527,0
4925,107.23696968534487,20.75182740369185,49.23207959593032,-1.1896543739212468,0.39620586025624593,0
4926,102.49382946104893,19.90605234458419,50.256678054405874,-2.658598516287428,0.4877195361378271,0
4927,102.7572858173607,27.3892729139865,51.79561056289065,0.2731246698558747,0.42987727110294216,0
4928,106.1927747688687,26.494704368375196,48.79076055896559,0.5687402887029653,0.3441274371978164,0
4929,98.5471928902689,20.19166770842158,48.924446888390904,-1.4873453400700734,0.3268794403232879,0
4930,104.28370542317904,19.394949032279257,50.04686425429481,-0.80016040524558,0.5205962477068246,0
4931,110.48273559115127,28.060789061840303,51.74684963989465,2.313200181134143,0.5853747846962971,1
4932,94.04373074417359,27.319181786360257,47.26249092880794,1.7392469303604507,0.6474117121488872,1
4933,112.67241050897258,21.92708848439597,51.01070926198349,-2.226636842593426,0.1886220498271902,0
4934,110.6118710935158,25.8983688985604,49.071874939742685,-0.12695458084613387,0.19539807971735518,0
4935,102.70117692084762,19.48992223857373,49.35113483650303,2.182433523558378,0.6355325331485686,0
4936,107.71695413935905,24.084571908572137,54.0031514902595,-0.3246314959612793,0.5842377138754359,0
4937,105.01573863453163,18.22476350472504,49.60706155089695,-0.40341478261074454,0.3087297386097617,0
4938,111.14995184219342,22.699222571058666,51.50938750061716,1.639106440114615,0.6345596439397133,0
4939,109.9134157138497,18.89811385765686,51.4378276744067,1.4806038664128238,0.6930565506785122,0
4940,97.99964638408495,23.70176616188259,47.63995217180299,1.4029550180708996,0.5697093967124579,0
4941,107.93631206732088,23.060179762234732,46.30921134955419,-0.39297712376119565,0.5704602277455606,0
4942,103.97186073178376,23.332620319656673,51.641964184833824,0.9943320244125704,0.5687573646357664,1
4943,105.4141628525905,18.54397562457593,47.83290761510296,,0.585812476019286,0
4944,101.35914049515092,22.33939609538199,46.67163409085794,,0.5783610267157445,0
4945,113.74068534560418,27.077806189199,52.0523244296884,,0.661024036959723,0
4946,110.20030909951288,22.426972480243442,47.961146532448815,,0.5364713337099336,0
4947,101.30114418013517,26.582063431314968,48.45496504863121,3.0681597043456845,0.644634818515661,1
4948,98.32694696544884,22.4337446836048,53.94874631017859,,0.5595568207881116,0
4949,103.07163684511076,23.07887329788224,46.68052927723686,-0.5617672496624253,0.4874329919614922,0
4950,107.17251323045653,24.766705353951195,47.487427917186146,-0.411060374245338,0.46380704434269143,0
4951,106.20102921973111,29.408183241684988,49.080603715052156,-1.5437434997048243,0.5386580193517776,1
4952,111.26566412384122,19.30632535975986,49.519486320331154,0.17707848662219744,0.6508287411975978,0
4953,108.94959861090426,18.394965223934083,48.212509435764694,,0.49823962546939393,0
4954,109.84784512876453,25.295486205720543,47.682689805354165,-0.7899501625612408,0.5651789263100767,0
4955,106.63427700305219,29.389165067141114,53.01998864886386,1.051694697243585,0.48210111319430404,0
4956,98.05350634894505,29.876677590656577,50.52597224820943,,0.4337551139504347,0
4957,104.02150734426549,23.80997096870402,51.170337488418376,-2.716081957750541,0.4078776396849246,0
4958,110.30044869954332,23.61697945302118,49.725549646882925,2.3554384474115793,0.6197739480967076,0
4959,104.74238535737678,25.739565248942355,50.578909897718276,-1.6304941307276049,0.6183941815953846,0
4960,107.51545184311874,24.667617086459636,51.86580332221918,,0.23576550741619945,0
4961,103.40625842376933,25.609056691369418,48.00740197090933,-1.8583832276466739,0.4690389192380616,0
4962,99.85094075729077,28.48799310645473,50.52967199303596,,0.5107088281225935,0
4963,104.38327967976944,26.95567403385131,51.39208462681578,-1.3452095679987415,0.3565437419750883,1
4964,106.54523721516327,23.96252870024155,53.08959469276852,-1.3086501617833537,0.3378097754105163,0
4965,101.72156140269279,23.542373508002036,53.895781959603525,,0.28125341229625156,0
4966,103.82144377571666,25.67522098215739,50.13971959396352,,0.3455934328792745,0
4967,100.30268379007009,23.46847541304357,52.27727789937427,,0.6631381679996781,1
4968,110.59622458782047,23.493352215187677,44.6596641332569,3.366610106838315,0.9384034000099697,0
4969,103.52772121205983,18.195670821438057,53.10456581875343,,0.502347141987895,0
4970,112.26377772563092,20.088769648887702,48.54823267655839,-0.7448835295772183,0.3988263056011817,0
4971,112.64373925270453,23.862163679949035,49.51780510202422,-1.801072467710132,0.278860541568283,0
4972,104.59477017639128,27.87184150860443,50.88220896873404,,0.3831655899633693,0
4973,99.95775633726325,21.34472408072549,49.693115265368974,0.673084334088839,0.4747097745374649,0
4974,94.57051061133332,24.27172119757379,50.39290675913627,-0.7550229289785677,0.5831256476358351,0
4975,97.63981463486604,22.139545017110784,53.17538593645229,,0.8238769305177737,0
4976,98.1308258755067,19.25764787447507,49.23155990930806,2.8460311410882304,0.5700189606418996,0
4977,111.89234813730752,29.499581796855608,47.82615236699889,-0.5761651905587447,0.3809864007422366,0
4978,105.57912293613472,28.25608644300362,53.6269277145971,-2.830163332188733,0.24169251239931916,1
4979,106.94802262045994,18.941909093602877,51.05352843400936,1.3102301810871522,0.6105904519619407,0
4980,93.89789495532438,26.637447149619415,53.844477950626924,,0.5579961996199241,0
4981,99.01016785391369,22.170958852290003,51.72725982115781,-2.56348801688687,0.3819181793870702,0
4982,109.43539888223144,29.93819768474151,47.35281121597313,,0.4876429040888343,1
4983,106.43387056191293,21.628782237947732,51.290769343513766,,0.5610807037310381,1
4984,104.26397360657201,20.864861344351198,48.03210386823489,,0.6095252831081085,0
4985,107.82421179300061,24.814686579664862,50.01486360487933,2.860895263806437,0.7151311451751986,0
4986,113.17898903067908,28.021513960118448,49.84857119278448,,0.5237511626238412,0
4987,103.89478768231474,20.310226461837576,46.764672390733885,,0.5623064576857433,0
4988,105.34684901329035,26.512833236631977,48.374379020876425,-1.8427309767785658,0.336346624747505,1
4989,105.96298459365653,18.73687899769346,54.4103746003182,,0.43803406557902685,0
4990,116.96054817636997,29.027216917325966,50.476754809682326,,0.6936190511901348,1
4991,94.50321867790487,18.972898993767586,49.64880773067409,,0.5798052396786072,0
4992,108.41611507394404,28.970776516129952,53.62578043988185,0.9550049117420063,0.39130684710401037,0
4993,104.42598875620469,23.889686993432434,49.20752937986166,1.7280334542680653,0.6203294870105026,0
4994,107.8338586309209,23.37709335355104,49.81715927606176,-0.7917222146969364,0.4295472045310187,1
4995,101.71313723002638,29.679684954004518,51.9816057122457,1.237674539644001,0.4740240063551741,1
4996,104.75517484570774,29.88461013237863,49.1985284027673,1.010316243463226,0.6233585065951601,0
4997,108.55705289732748,25.802137511532145,48.506958521295,-1.9422072311735465,0.4206166774712109,0
4998,120.5645510052192,19.525431502284583,45.49248716927856,2.26947796711903,0.8488862369953292,0
4999,109.04018094701036,24.074041027862428,48.12700337323448,1.9602907739692994,0.6464627548084002,0
5000,100.75967200984746,24.34995721146795,48.10794450802077,-1.9255758585565923,0.37399914428055947,0
5001,102.88120158988649,24.173357137623718,50.31713339093722,0.3004296621926922,0.5041929328652448,0
5002,102.73292945808073,24.833902062240117,48.77908346854445,,0.3654788927682478,0
5003,96.02178413684993,18.22469656553269,54.31603802171439,2.127461204888906,0.7294578780964163,0
5004,103.3495490414928,26.53472737764603,47.88474213953039,,0.42570262811169973,1
5005,108.66414540910873,26.548731623435856,52.80129337371481,5.403622536315794,0.8033940948451042,1
5006,98.62883940461603,19.385637302134654,50.4395059102551,-0.2617262540578117,0.380491840878142,0
5007,110.24241325525296,24.842873309349606,51.61354807142478,1.1076677492717861,0.633283505739452,1
5008,107.43887410542169,24.820334189229296,51.49203918947174,2.081247498004205,0.510522578056864,0
5009,101.32883339014481,26.189405042284804,45.56352893937517,-0.29399901475521645,0.4299090981448885,0
5010,104.29235181331076,19.024772305620974,49.97689464204689,,0.503923148606681,0
5011,112.99160903820517,25.518039687193156,49.47554372553233,,0.4041931361673979,0
5012,108.66773906752933,21.369023408956096,47.734043810617464,-1.3281984391966768,0.3543570469876082,0
5013,105.04391827449074,24.084035885954062,50.91925207443174,0.4077887216890811,0.5153759062412471,0
5014,103.81158341519507,27.27988263244892,53.43308063175494,,0.5908556793602848,0
5015,105.38304535225829,26.467751236356158,44.65399271223187,,0.5513045614578741,0
5016,102.44118221028849,19.42683621213592,48.93106064831656,-0.6764459220505525,0.5369192587252279,0
5017,94.47625247140493,25.09421744539288,47.508467671772756,0.8643501808397136,0.5918414923977662,0
5018,115.21088955267365,29.629398371288865,50.143555652475385,-1.1963452940258166,0.39262632937457276,0
5019,105.77662499599701,19.881233248020028,49.34875743370001,-0.3704471525883446,0.593564900649845,0
5020,106.99073632561269,28.23488505270498,48.78864557448564,1.34800108768366,0.39380980068883265,1
5021,104.71046125061545,26.430576966645322,51.37901365665812,0.3708382051039494,0.5619208374189723,0
5022,101.32441599637706,27.288039754917115,53.2723626021142,,0.5054125534346696,1
5023,104.07037759525615,21.383499925711746,55.32263730351567,-0.035806603120454916,0.48918051295385934,1
5024,97.00302618902845,21.45466715255811,48.52074190306283,,0.460547445110456,0
5025,116.38543249026652,28.872233469317855,46.35824889636386,1.4839082868543636,0.5704895120707469,1
5026,98.82744000788801,22.317984385110705,51.11839286815668,-1.133068000117351,0.36758709692265334,0
5027,99.8401685807641,18.756184688313727,53.22096947064641,-0.837794584051702,0.5095363365657293,0
5028,102.798703978068,25.207160442953402,51.62737993408145,,0.5424363666452827,0
5029,111.44037862426188,19.49781202850211,53.212694079060626,-0.9682802990876828,0.4962549632424814,0
5030,105.07254499631327,27.5591548968949,49.54902665879576,0.6075070735456726,0.5690889087095481,0
5031,98.81932101984769,25.70095731001269,48.78085112045375,0.8917336948254735,0.6206184404221725,0
5032,111.2716918037867,28.496718062654498,50.230871814802626,,0.6664066926251232,1
5033,108.65500313392741,27.418046997391624,49.33889362526622,-0.13676236361365315,0.4153345108672673,0
5034,107.69217478608226,19.345363780058353,51.32618804268069,-2.1079844321692125,0.24080145072879275,0
5035,108.5786712058542,22.572848117213066,51.93953555600698,1.0042052466861946,0.5779989280597102,0
5036,116.97180950291225,27.294722998975047,52.096167329143775,0.23871551761137572,0.6043743456566456,0
5037,115.92547447518056,23.00809767919591,51.02118534160878,,0.3464078661142559,0
5038,101.56642328498353,29.66838581735974,50.4916446533506,,0.4106279460116278,1
5039,113.11942496405577,26.82888539872139,51.588853378501696,-0.29375379540801133,0.5981458782023945,0
5040,106.9158409487945,18.185999000283854,46.07401618469456,-1.7904821791885777,0.39883008142357357,0
5041,107.49547908068875,28.559828298730036,50.42114150466789,,0.6882608036074004,0
5042,96.53864584178336,19.20965741842269,50.1049561143409,,0.6011418402617452,0
5043,104.14807117305902,19.68628469016103,50.42616079194311,,0.4427636655969303,0
5044,100.93588204831718,26.81390880733261,49.824752907491536,-2.305733224633548,0.3479393684100971,1
5045,109.14029407446654,28.379622713165762,50.86371098692323,,0.5420985905599784,1
5046,110.35540250201403,24.43619553479467,48.85079415693197,,0.4940931455603892,0
5047,94.62756824491845,21.46859679534935,52.25904685890726,,0.3891732115170722,0
5048,104.88982567997864,22.215786543038107,50.94729955482695,-1.103235136038832,0.3090011367409835,0
5049,110.60930752397127,22.114671955152673,50.30137171576772,-2.4758625899499815,0.14905739398618845,0
5050,104.06660518843277,21.920137245714148,48.604966858727764,-0.7974383822658806,0.45801278356545067,0
5051,108.64531822501182,20.9149160618598,51.63063377041581,-0.5573120066590703,0.6760228931825694,0
5052,106.75582733813542,25.306405135550797,50.41331939698898,0.4391400313722641,0.3229052066742976,0
5053,106.70830115976314,28.804863822780806,48.48903321292617,-0.5325486163336982,0.4549562814358874,0
5054,103.64342510965851,21.684988957000094,49.886676915173524,,0.4247030954402703,0
5055,98.91709597932146,20.240331569536945,51.258165238482476,-2.255009095713501,0.3720429201619,0
5056,99.39234926287486,28.0629319964571,51.10314707763965,0.0726802431341225,0.6293141370963754,0
5057,108.54676257227659,26.90139997067644,50.97401793561631,-1.194840290656301,0.35141769789285393,0
5058,105.09729127759442,29.170044378718927,50.18506278348215,1.9812098006485472,0.4044351707323638,1
5059,104.30743877696388,19.986236827258914,52.05163906660379,0.22521999200715298,0.4578326944507697,0
5060,102.88054978838824,19.7310157693991,52.47559300762322,,0.47537427939763954,0
5061,103.47405577259624,24.49715273165996,51.47464523135108,,0.25824954922423515,0
5062,110.2345589724407,25.373203858021142,48.82509745028859,,0.5396446946829454,0
5063,103.32377959065987,23.762081302315075,47.883876565418966,-1.33607297365538,0.314595088596501,0
5064,98.29467643349216,25.187599635886507,48.91212046605681,-1.7673282385044087,0.4033236365857993,0
5065,108.71825887770086,20.164557226500857,53.907313495953446,0.02269661602283478,0.4648508249193249,1
5066,103.97561668067641,23.755365049969,50.563391827654705,0.8555874828016139,0.4353777770011126,0
5067,105.15697932766388,25.897110731276015,54.25288365505277,-2.918717655092366,0.4431268348644001,0
5068,113.03789153199756,23.192477390984443,49.75960331282513,-0.7486552362060614,0.4344212478155462,0
5069,104.89719721324747,26.153368029799175,49.48237265901416,,0.6435863147945171,1
5070,106.44591836559363,23.414295366646076,49.851886926711856,,0.5945826920255245,0
5071,99.10538254350837,22.003194970107327,49.81565183989339,2.306469050535747,0.6441736170984016,0
5072,103.9016527382452,21.643260565045107,48.452698176264555,,0.46694663987417395,0
5073,108.04763022604301,22.930824707863056,47.702303463666645,-0.68685864749166,0.3832378712565396,0
5074,97.22313133079379,18.27707547218641,51.002673254361724,1.4500999805167611,0.46128047246040343,0
5075,106.00422546557854,26.022301661353364,52.109801435194726,0.9352805330674885,0.5625487778122922,0
5076,105.50395536322404,28.14126769176314,54.889962601332805,,0.39672960573580324,0
5077,105.2064372779372,22.255525133317423,49.13257418661796,,0.48475542520413495,0
5078,110.18579449329121,18.552397633700622,49.29468902627185,1.7352779433403658,0.5738099230518057,0
5079,106.6721925742426,29.84130716862669,48.457541411097964,,0.7531283135629661,1
5080,112.39035949178222,21.164379065412803,52.25145485874714,-2.3577992824451295,0.2835328222505489,0
5081,100.03205242202982,19.519453460289277,51.629974909592526,,0.49115162313179045,0
5082,105.67962283609174,22.437030095676334,48.24613083625095,,0.6327647265508409,0
5083,105.42233393194974,26.862684487602678,48.19560382605411,-0.5002029765572246,0.4600429817319274,0
5084,99.6537275312246,21.52699916268679,51.90502951719179,0.40445923130750083,0.6115445874367366,0
5085,109.78147501045673,24.89643844703385,50.76639230241682,-1.8082849187099959,0.268393713207076,0
5086,116.62336652926409,22.986719933245706,51.51677742602229,,0.46891178918613424,0
5087,104.91496962758085,19.413167907319423,48.23446304332217,-2.4168804417032543,0.5093920664050371,0
5088,107.52510544136884,21.96344414990532,46.24455027217959,0.714123734667307,0.3792439021051639,0
5089,105.42259237907663,26.6984460685688,48.25006996663966,,0.8950606967903366,1
5090,101.43207665046413,25.344046767977346,51.37553346002245,-0.9592972337454935,0.47228901669283097,0
5091,95.89619861098991,19.43734055860273,54.22211595726978,-0.25311500743756754,0.4054507645503964,0
5092,101.47113258452318,19.959868916571704,49.14107202094478,,0.5262340094356039,0
5093,98.04020809524134,25.688800311689345,54.55171176375373,,0.6848987147866107,0
5094,113.52051039029558,27.760984971850426,51.65963953498338,,0.44786188523923365,0
5095,104.4244515303838,22.19369395149803,47.21393539658235,1.3805190155278928,0.5008230670921945,0
5096,103.27040335476414,25.143729022121402,50.42806767562206,-0.7593530028035589,0.48694535500804553,0
5097,109.44576912393903,20.047723065025263,51.72794855682372,0.6503535072296945,0.578819755161557,0
5098,99.39124448572056,21.736516042863887,45.149034202894626,-5.051708599403787,0.22757081459081868,0
5099,101.16567980997723,18.24324246807663,51.28890231582676,,0.5902936659148493,0
5100,105.3403613462431,27.219311373594273,52.34544235964623,-1.8266890631928945,0.4940204691706567,1
5101,110.14384495711741,22.8121178372756,50.79773624826229,-0.4913908222498883,0.4927612325361139,1
5102,107.50842522584394,27.793506883847446,49.876557578637154,1.1178766629663073,0.48674631513106414,0
5103,106.2416257125794,26.500475952272716,49.65414683399719,-2.3041347489298616,0.3826995676798102,1
5104,105.39058867618009,27.944931188741723,49.53735534461636,1.634149197333038,0.7573314178963451,1
5105,107.00117927763388,21.427904034994594,47.64804039246578,-0.18645721693308626,0.5239841608114435,0
5106,106.00826452564627,20.221304765134143,48.62495233619006,,0.7330072317990338,0
5107,99.85013862611532,29.662868191820046,49.16681190869568,,0.38085280706064467,1
5108,105.23039610816576,26.607933444490435,50.226988692451485,-2.7191815865204227,0.3903050176952666,1
5109,99.63155670541124,28.008507215120044,48.88637048468587,-0.04342007300705736,0.5772605005948017,0
5110,105.40541271450412,18.157600484519204,48.26174151500414,0.8806141017708633,0.693806472961684,0
5111,102.5967602925588,22.25353944355064,51.51954171825169,1.0064054082153322,0.6730791433847159,0
5112,117.6969081139143,26.91380028692798,50.74122794389571,-1.7032322038908538,0.3029116594939141,1
5113,104.80052808124144,18.9357939958798,48.92154092642087,,0.4933377573266869,0
5114,97.97880216869206,24.808079154827226,51.01255694297517,-0.4684859608523471,0.6451757264387256,0
5115,104.32909894661537,23.14887320946004,49.09368421262813,0.7746659857133862,0.48124385100200767,0
5116,107.59679372818944,18.211398085693286,50.12613005897624,,0.4454873106841364,0
5117,113.36681973076261,20.831706925433416,51.95008810944574,2.358189504708217,0.6154660135792109,0
5118,102.0527380003064,21.41750386880057,48.79251781366747,-0.5601828021261255,0.4899406302019993,0
5119,97.0878601298818,19.34231935615587,47.65517678433251,-2.7673446573370333,0.3266258509823373,1
5120,109.08418505715491,25.578442916911925,49.709730833957316,1.7949996574263531,0.4710765006335611,0
5121,98.09700647050174,20.908774515022667,47.27306996762908,0.2927929711661313,0.6618802499661244,0
5122,102.81922279246257,21.33143399543266,49.44510298129805,0.4232818657513663,0.4351680236940198,0
5123,103.71189757244503,28.77886317840177,49.43872504137309,1.1506355881598758,0.506839021967819,0
5124,104.65183273349946,23.605477112317672,45.072631752188876,1.895465385552992,0.6056858145541858,0
5125,108.44582228537168,22.70553776363127,51.06127032748902,,0.3510254914793922,0
5126,101.58182858856806,26.686452459776607,49.63462046663736,1.764827449992104,0.4333519623300255,1
5127,103.6313537391662,28.915365562594946,52.363792905543875,0.828204396212677,0.4982416498174775,0
5128,104.92864823525306,18.300436034849326,50.431063959588165,-0.9833735869619985,0.5333943391128089,0
5129,105.74798978759394,23.378866158664756,51.4712171406311,-0.3498577082527669,0.501307465892201,0
5130,105.48913587353961,25.329376272935367,52.38007750641409,0.9251160350977586,0.340316205802812,0
5131,107.1800288761129,21.822757177511875,49.73656583445851,-1.063237146365843,0.5857864934333438,0
5132,109.21919754820868,27.2688926654789,49.9983536222722,1.3296886532046786,0.6462253694974247,1
5133,106.96317057825485,29.657724843243287,46.85291355321954,0.23727525127081012,0.5309651451096328,0
5134,107.26792761754609,29.3211283950034,52.47907549046848,0.5724273586497269,0.5450407744936157,0
5135,97.0888841662676,21.1917904725593,49.70860520055689,2.160757985325229,0.6753795220080876,0
5136,105.2511384958284,20.71605934124983,47.98853889930404,0.534850316364297,0.7593744016022422,0
5137,107.39753774000805,29.489886372254652,51.479444972974854,0.10711778087296964,0.5934083088743846,0
5138,108.64470597285225,23.50354184917759,45.640437616071495,,0.5234226212541995,0
5139,101.53824612883103,20.4995726770163,49.14145155425364,-0.20198543967111307,0.367190626707629,0
5140,101.70480362555678,26.48396356356502,51.816622082423685,0.46844904630541073,0.5398743555214837,0
5141,102.12949662358201,21.4130438868455,49.12455629606819,,0.6795804412240436,0
5142,107.68206949945672,21.20696370085263,48.564156098102835,-0.9176643905012535,0.4425983681003504,0
5143,110.16940527462104,28.550988516933415,49.167690405774096,-1.0311857080064448,0.39616216371236274,0
5144,102.962699463542,19.94974984052284,45.98014147106285,1.927559842797044,0.6517425705634989,0
5145,109.53981156813525,18.772715357594837,51.43095686356607,,0.35873322265552116,1
5146,105.61739904582296,21.230237282060248,49.754227916046176,0.324142299529056,0.6030034837178101,0
5147,104.37857111418782,25.283344954058446,49.45535078001048,,0.4120588463835361,0
5148,103.94307885091015,19.477054240839248,49.46266276718192,,0.16179236128272875,0
5149,108.73305682301078,23.659136067321526,50.02815959692917,0.2973377899379425,0.46939149294592813,0
5150,106.62788908393534,25.52804532510384,51.30687474134413,1.672751841039076,0.5779251172661871,0
5151,116.37912713823819,28.184843911118087,49.8958729176015,-0.09308227768908707,0.5505952719495055,0
5152,100.73887678501337,20.758435094427053,47.27672690364037,-2.222487844884342,0.4325807276158876,0
5153,107.59050851014987,27.808155880593475,51.15103224308813,0.16360587457562303,0.37913523724612896,0
5154,102.35399495094244,20.818875133574863,50.997139382008456,-1.1339270829680883,0.4555130491029416,0
5155,100.65356506505678,26.121198494875685,50.41105399643292,-3.9292576248686424,0.25013661477174176,1
5156,104.94566431482514,23.16808285778946,52.15048261392264,-0.12132558258531054,0.4579115939807156,0
5157,105.68676239703518,19.37617490854404,50.06075735282592,0.7765262908320488,0.4390031049921877,0
5158,119.59086777530047,26.571161553862183,52.22275217797851,1.7665582171978744,0.5832372104983008,1
5159,104.07927092158398,20.613151422588214,52.81442204295679,2.635282109943211,0.9450075749829452,0
5160,99.34910635257658,20.119481112295098,51.16462577104897,,0.7344644073623687,0
5161,106.36505358747193,22.299875143072597,48.504132756244125,1.400351112908391,0.47014698705986646,0
5162,94.62679981226816,25.8394829371138,49.73842856299512,-1.9268481751170998,0.4102520248445458,0
5163,104.54021608697867,20.807957745487535,52.477712068116745,2.432738702319381,0.5902383747720612,0
5164,105.0801264114758,20.203938465382627,47.004744267860985,1.901040272357326,0.6092546793144424,0
5165,108.97300191472605,18.119443508560373,49.21609266364278,-0.5506732274497849,0.5640972492778566,0
5166,109.86811124713924,23.659717165220684,49.31407032710651,1.0224901879317645,0.5381922641538143,0
5167,102.48215190546141,23.14374683178219,48.26957879929253,0.8716022751729151,0.47235700629246424,0
5168,104.24692992685033,20.806412923648516,51.74575789983757,,0.7259144188031429,0
5169,101.16939584694664,18.64382596811629,50.753630142081555,-0.22666165823982615,0.36526369184244367,0
5170,99.35968722596154,23.151070495150044,48.577883286799015,-1.1193489565500174,0.46296293803454336,0
5171,106.54947389690317,27.458461332859574,51.21102584047168,,0.3146398173182551,0
5172,98.632072257017,26.583385575926123,49.68316753066357,1.3451939750458008,0.4646523828149032,1
5173,102.92686549714068,28.329538678322045,48.21961085355532,-2.8798056152135016,0.4304885975757461,1
5174,100.02413020050382,18.11499225255787,48.574163179514265,,0.20728034855174207,0
5175,107.7484159314513,29.59703180165518,50.87210214955188,1.3413735104519682,0.3794125045422646,1
5176,114.00715049633244,22.096947031529382,51.878019757043674,,0.4483413641525229,0
5177,98.49206008598334,29.884773553103578,49.026463534090425,,0.4184076531614932,0
5178,95.73490758551216,21.031433527221296,51.08888266733803,,0.27584742563095577,0
5179,104.37556557324966,23.65843665093894,53.163508315154964,-2.564834646892932,0.42676693906289653,0
5180,105.07848897978879,22.247132118903643,47.48225888725949,,0.2977290505814396,0
5181,106.09329653378649,22.269128579931632,50.71133974567725,0.5425426490545223,0.46833338426506543,0
5182,102.76839742382828,28.10738518497859,51.66131138259082,-0.8786335691508078,0.4694091054188184,0
5183,103.99680350587285,26.957027276848066,49.80970036680234,1.3501503003630335,0.5332285249158739,1
5184,106.83755205270302,29.905817222760575,52.4765664217113,-1.4310890130304377,0.3880264879871827,1
5185,110.20215446322419,25.36217619261015,54.39767407652257,-0.779017609739376,0.38877850594275576,0
5186,95.22475614840859,23.55907925273403,50.68671069677261,1.054801582026554,0.4308614167889374,0
5187,103.15530280484269,19.080886355362694,49.532820535444,,0.40805529028145077,0
5188,106.06904396970532,29.958737034166283,51.953965615323916,-0.49102494048389445,0.5412046939129256,1
5189,100.41011947694632,24.618367835187392,51.6841377207558,-0.965232680473219,0.408333849218854,0
5190,113.6558481588365,26.405729636281702,44.962338090163634,,0.45452153271692014,1
5191,101.82295059885631,22.880908646295737,49.99452888781777,,0.638275106978193,0
5192,104.79353656496359,24.57258849815083,49.210801066521775,0.7255594419669379,0.596258384748933,0
5193,107.78011048421145,29.310932782714644,50.79341138302783,0.34072265632692406,0.3894081466318101,0
5194,102.04357605599053,19.997033255179232,49.61268343941242,-0.9242754083301619,0.49858221781824064,0
5195,95.76713476097791,21.508471011963056,49.829647815457996,-0.302237849870059,0.5896550590133959,0
5196,102.85672736541733,19.824716733336388,48.27357448107784,2.3939021751317644,0.5614751832797096,0
5197,110.14720277963521,27.506590845657296,51.469058436848975,-2.1316250656493505,0.23485633274942463,1
5198,103.31552436607431,18.744543125061956,53.310084442937466,2.828836920642959,0.5973722877675787,0
5199,100.7678284927051,18.979579798216058,48.30465610156993,0.14957976917632024,0.5262845596800517,0
5200,109.62836104751361,21.581929353448423,47.205889953706055,,0.5457313201576847,0
5201,103.34612551988474,24.170258171052133,50.04000643965493,1.4300675082025156,0.5194287448927212,0
5202,102.44919593174892,22.875297606715037,49.942688677929475,-3.100899103587552,0.14140619924689152,0
5203,105.74728044831654,18.537795728049687,52.34186557224072,2.070479361869626,0.47588312581635783,0
5204,108.85375104809394,29.48989869445142,47.54161009524294,2.7865887434225716,0.6753215305203947,1
5205,116.90856765866273,29.434434244297005,48.9240896499518,1.631959301188649,0.7806654339715768,1
5206,109.13618053828712,21.352275878889117,45.70459352146629,-3.153428053366075,0.34013395612761654,0
5207,110.79919983194172,26.77830738322298,52.749967272423646,1.1462516967007237,0.6886003142650652,0
5208,102.47016900506073,24.942904936598687,50.50108925664673,2.4689978370280254,0.5177543751544691,0
5209,99.87065947015262,20.84972034006749,49.07313417203841,,0.5509422792059024,0
5210,105.31165674809561,21.146058620899385,47.35545704281765,-2.1121338708395907,0.1603648609522051,1
5211,105.53584957629798,23.893838091725407,47.539047883645495,,0.6131915059658553,0
5212,99.60743629317702,23.03084329796832,50.828533799582786,,0.5453053082914803,0
5213,104.12352735047993,21.49475193877517,47.78514990879858,,0.5621200302067592,0
5214,106.99658800859565,27.690139155661786,50.208010846297135,,0.3408157981906037,1
5215,106.8019669750904,23.77755501164862,54.08588972227006,1.242978889087401,0.7643302449678727,0
5216,107.52143926692136,25.858176748669536,49.304824754110356,1.5807869529776253,0.7583595122960121,0
5217,106.45482365068722,20.271282002014505,48.07711111205124,-0.20881224648885377,0.25922231444031574,0
5218,102.46495670364972,24.402091950197843,50.764014410905524,,0.46981682260591,0
5219,102.43049686675579,21.815712593359457,47.54841651843655,,0.499310591082612,1
5220,99.00524301003063,24.316963324738538,53.439969060658804,-1.153213298432637,0.5070279906597643,0
5221,113.92387519592548,27.36991000093114,52.80723933705667,0.5960200898083061,0.39542634230002255,0
5222,105.06725182309647,27.226958521095142,49.67165676209271,2.3372495325194187,0.7609858652703703,1
5223,103.87573472102574,22.25064813641131,48.20541363715156,,0.47865937263833364,0
5224,100.3560395927377,26.33132540495567,49.148460254449276,,0.4267070708589965,1
5225,119.6782895116389,29.295479404731324,49.40866877582914,,0.46637528563925823,0
5226,99.63335983888553,25.50803195909888,50.76713426341413,,0.5026906096266353,0
5227,102.85576037196964,19.780921480591644,52.079264658602234,0.7714746517992402,0.6105055608833139,0
5228,107.0791841814303,26.15650355134914,47.92697473848282,,0.440951385403492,0
5229,108.00106482872138,19.258852636191737,52.021819130685486,-1.7625287053929644,0.49051078340835896,0
5230,109.78966027607842,28.465324905516326,51.23537122562259,-2.6762921580460164,0.359108792636774,1
5231,114.03804253884631,24.199925949623285,48.98442101838679,1.847644064128822,0.6535594317139778,0
5232,107.53078827730356,22.621688835738954,47.82657620864598,-0.5575082776634455,0.33533807268140403,0
5233,99.71984600016665,18.68407913579631,50.23246543458514,0.8549106185360491,0.5401463762049663,0
5234,103.71527437439109,22.569404815105315,47.880823032595835,,0.5786348574223313,0
5235,106.53916186256943,28.83848001498947,52.04736169832521,-1.7426407550624337,0.553976693397578,1
5236,115.34113020752912,18.25179595543564,47.75223445573559,,0.5662274092400025,0
5237,98.01097260787851,23.69577789338166,51.09541238632629,0.4919438605872333,0.5146836801425969,0
5238,111.01288252612613,29.17389709332747,49.838767270369836,-0.35534873098113895,0.6190359937127667,0
5239,105.89957184773209,22.738091997180252,48.8787502312496,,0.5125493671844086,0
5240,109.1891526761474,23.138108249545805,49.79433698736142,-1.440726834366005,0.5424163738256301,0
5241,104.49002641682034,24.94272066238944,52.1599663392684,1.5908996618329674,0.5688806507781612,0
5242,100.78783684936838,23.555248002926202,47.61548518201242,1.938591957801712,0.6009294552153742,0
5243,108.75436389700666,20.023220294850628,49.175686889616365,1.138956857005381,0.4464760055339079,1
5244,108.27215513552811,18.222666468838327,48.49651287062562,,0.34717281234827446,0
5245,109.86028482869861,25.31773989574442,49.92276573290257,0.0890201920251139,0.6022639553812379,0
5246,104.93347682310683,29.049679044093747,48.63063821497469,2.3532546722021443,0.789944641154293,1
5247,102.00088988340076,19.27636959632599,46.46383751522677,1.921749326416766,0.6066587182741778,0
5248,97.20606502488079,20.53143263103304,47.88972490613528,2.990803635763088,0.6329210311120456,0
5249,109.09686634069703,22.442753829899683,53.275510037076224,-1.1707782799697608,0.5437252437549034,0
5250,107.11944741221993,27.704906748253435,50.49345642257254,-1.3053184259806987,0.4684705786157449,1
5251,100.1710868356802,21.23112379765173,50.42472410761616,0.20155543137316376,0.27024551300593974,0
5252,102.30713163351687,28.584652851345222,49.434775219982726,,0.6298844162434187,0
5253,102.6662059402428,18.659494495800796,49.89674915178166,-0.21343374758934403,0.35563788629970156,0
5254,97.5850778400879,29.29147945510722,49.14037615433724,-0.5845266417531086,0.4696016345510651,1
5255,100.91158801697433,24.728964934485177,51.05385706208213,,0.5509059972306494,0
5256,99.33084821596823,25.905332141852455,50.20161770851875,-0.1360981358207098,0.4291292355952308,0
5257,102.93760494056032,22.412274270436235,47.65746357968277,-1.822817126877486,0.41355289878160634,1
5258,101.30651250835218,27.383931426132726,50.50744900620838,-1.649533630403287,0.5068860722293953,1
5259,96.86497539566625,19.998795001012873,45.0825161534569,0.37059648770025233,0.5216619356861196,0
5260,115.1129511528474,18.586941903341845,50.82771839935557,4.503978727367531,0.8661884123737394,0
5261,111.26270365514615,22.746203317290686,47.18128628632696,-1.463915615617768,0.5802043070371874,1
5262,101.10490289240008,28.244348567772473,49.80788982765985,-0.4723111030095897,0.6288715419754658,0
5263,106.36210698326805,27.059122039652337,47.61074479360762,3.6072071628990594,0.6747756168636954,1
5264,107.08732544910647,24.205871645867497,50.005646399066194,-0.7264210947577038,0.4158571583682046,0
5265,110.95542927386738,24.865652965984243,51.15655703855244,0.6831912619071078,0.5307898106748851,0
5266,100.90697486669961,19.558713915585066,53.00565417049916,2.813866083886847,0.7532255214389083,0
5267,110.46053391991214,28.088178103410986,46.917284689977045,-1.4272180213557335,0.535175443116106,1
5268,102.26047347896532,27.443516195570364,51.950945911342274,,0.2172847155108519,0
5269,98.32068797915693,25.87764472664331,50.26230541075494,,0.4942574823732463,0
5270,108.62068279657248,23.59429243594726,49.09866569435075,-2.2768430444507874,0.14935660282475835,0
5271,111.45379212061214,29.57351121935415,51.51971301011892,2.3540489185329396,0.615795620049914,1
5272,117.93954486765342,28.54838366251765,49.52815029782958,-0.8781065077047985,0.40319430656189753,0
5273,99.00137367454893,25.733165922175424,51.43506103280136,-1.314368513732838,0.3505895914627962,0
5274,108.49459842540395,22.461611972607457,48.01546057374401,-0.6666508321056327,0.5515930223097492,0
5275,102.95099378103234,25.41626734417815,48.73400593540742,1.3932471077311586,0.5049337460461663,0
5276,108.91679355262016,24.905291118367984,51.8872001055892,0.16934030551182125,0.5075165504577512,0
5277,97.64755224384375,22.730903854018997,52.970801047140846,,0.34738824189011136,0
5278,98.68615112150718,21.680087660256913,49.929936201694304,0.6137247673725788,0.5380584274371213,0
5279,101.12062588416758,22.88412950684787,44.42542214928844,1.2188920466228588,0.6569176436229697,0
5280,105.39482022834042,24.886936872400774,49.60190143478309,-0.03564688185413545,0.4104299871592157,0
5281,101.79459366730822,23.137618136533135,50.06485223564486,-0.3521413932984893,0.546386581718301,0
5282,108.2952717195671,21.162893858416606,49.53445324661366,1.5238139075733297,0.5818393197995559,0
5283,110.13447309128958,27.131559813129705,50.67267712333106,-0.2687778697701622,0.49129308031589236,0
5284,107.99788770622678,24.377609951488957,49.046180144805355,,0.5855735779245544,0
5285,113.09393819830434,18.8121019587072,51.67774172135606,-1.1364523081354678,0.5205181058640881,0
5286,107.07913314727672,22.419798067513504,47.66657345453792,,0.5085232710117329,0
5287,98.91551644829916,28.618961486543924,52.47369741470828,-1.3556951701265187,0.4188717578717798,1
5288,111.81688256769169,27.062838374399423,53.10015764792219,,0.5023543447263402,0
5289,101.97421882197001,21.878961407328084,48.17388052387938,0.00375609204947784,0.5744854207245829,0
5290,109.55209249842785,29.258197824534108,48.17280034879388,,0.45472922847080255,1
5291,112.86867108277553,18.919234900298523,50.821390627555054,,0.4765931276881892,0
5292,107.283440053652,29.534816446706266,47.62555918051422,0.8480312809289337,0.6589723481566914,0
5293,97.51920593417675,20.948461109816108,49.01479425779536,-2.198237332189544,0.4765019152551076,0
5294,100.40893916745104,18.109130163629032,52.20505391291203,-0.7817571395713285,0.6720360449014886,0
5295,111.61372233442567,23.20569643821992,51.47521352895392,0.8512285928534702,0.3856044875339534,0
5296,104.15438657178592,22.307645156244103,53.960392683379176,-1.6341288988138807,0.4884921189909216,0
5297,105.39786767471082,24.469068062481526,50.34156829520042,-0.4739677828701943,0.5915105658814999,0
5298,108.79412208081804,27.561274326838145,48.77832399544363,1.6322753534006957,0.6821304788293205,1
5299,108.48161431040161,28.109169625805364,50.10248702330604,,0.6093674015463263,1
5300,106.3939990619273,22.814759995340303,49.69882332118273,,0.39667798106214697,0
5301,103.95665814389767,23.1581489244762,49.72688578159373,-0.2538799287414206,0.6412714646463454,0
5302,103.43665777133822,19.778132763953685,49.95239258380853,-0.7520970309535913,0.4142207374141613,0
5303,109.28949412645672,18.57057130657396,48.13646658230753,,0.5387620688096594,0
5304,107.76784765533897,25.694579882820296,50.56443550994128,1.7001095986735046,0.7916603593821214,0
5305,103.71349999691105,18.773251506632306,47.18267346448282,-1.7346536956764722,0.2859558951936539,0
5306,110.4105615649657,26.80596143305747,48.56634678418377,,0.6501708072243157,1
5307,104.35482942435108,24.469081740266972,49.76224247372036,-0.9105694525893316,0.3790927618734289,0
5308,100.74168912832803,20.382995738713,45.48089337468882,-1.2893336609283643,0.35796003461818543,1
5309,101.20514650548327,24.474275322151797,51.53798307268983,-0.23046630532564216,0.5052419576061549,0
5310,100.10629581845117,20.195972599225186,45.89369098030499,1.487419863843547,0.642008473085003,0
5311,103.63794991698157,23.264846490124945,51.33917538179636,0.4641079872595082,0.6182254698854847,0
5312,111.16862139168097,27.59472379490675,47.41438142014368,0.4234974971862249,0.6293221919123377,0
5313,100.97452409484745,23.54303152092765,49.190162618593,0.5286624809995215,0.4557743641278934,0
5314,105.94237880509051,19.78439181957058,51.038261293898856,0.7014870280355417,0.4207216573515663,0
5315,101.71655327186294,26.685944181875342,54.396279038958966,,0.4571742689527922,0
5316,103.69845479364281,20.241220995240106,50.2329039554147,0.9478331480879789,0.5821395232092419,0
5317,97.44979394007373,26.862598492441315,46.03474734360098,,0.42996002107076814,0
5318,103.89730885421731,23.75222747059,51.907390265271545,0.9765114764182931,0.1856716924284553,0
5319,104.03147310097519,23.44490110913162,49.53616319028196,1.2854780217509831,0.38155591863893146,0
5320,107.70143972017847,28.217220454289695,50.139813308917645,1.0487048918504687,0.5283879341294855,0
5321,106.11640456627686,26.503242292088025,51.11572605977523,1.1265432475411477,0.6418472476690134,0
5322,99.00803937523978,18.39492956345927,45.54924408618857,0.6972984603452174,0.4444002522253086,0
5323,110.42099122021772,21.554091775219227,50.01307369547039,1.7601643730139211,0.6613153331472026,0
5324,106.05151520110998,28.451047930198783,49.18061222009461,-3.407420675967993,0.1800185999540456,1
5325,105.99196758588744,18.219914022542383,52.44366981201104,1.2806189363477425,0.5895877989466612,0
5326,104.9540882330743,24.543041355143643,51.454227526677485,2.9631862907368136,0.6744445188041823,0
5327,102.4112127638889,26.733908030087328,46.7459961544369,,0.5002317342127516,0
5328,106.08901169874363,25.46227302581491,52.5252517046981,,0.3441421131133555,0
5329,107.37794217964291,27.126386425253237,50.89905017632042,,0.4417106201930855,1
5330,96.26552154327223,26.70830218697695,46.90551680509356,-1.3901090092189232,0.503099742010735,1
5331,102.30619581326953,26.30436834183736,50.111506206985545,,0.29737980538202,0
5332,103.72526514798206,27.858478331107825,52.069652227711714,,0.435655169528275,0
5333,106.28085302847138,25.74828802139446,47.57191225485321,,0.5792469217545175,0
5334,110.96655502963563,22.829021931083787,52.75515467169083,1.3125367529903387,0.5826157324711799,0
5335,101.14129592701609,23.66290931897505,46.97474245174495,-1.1862031833857694,0.47756524001235956,0
5336,102.51019076591079,26.60069739217741,48.41754564670603,0.5409500215600209,0.5895210750016686,0
5337,102.43732944676725,28.515672356001527,48.11425832922062,0.426723694494759,0.5802481505458718,0
5338,100.9923620494773,21.26662561007731,52.75386746317732,2.495832108612705,0.6226632889170076,0
5339,103.26406752443869,22.10492155165285,49.01796772690161,,0.49725546892247935,0
5340,108.85401109993985,29.168872756348954,47.674365994678006,-0.7942913121804807,0.7286912159277374,0
5341,99.73082252317828,24.942141508913345,50.89042175782812,-1.8967386097083683,0.3758995982450362,0
5342,107.13907197576452,20.147541805620012,51.32236198118544,1.256953262966154,0.5959523142453805,0
5343,96.49048884990832,25.96434166694859,51.33507218958826,,0.49500960394475035,0
5344,102.19331001778897,29.889145866472553,49.45732166954798,-0.503515106855627,0.42152919883349127,0
5345,103.35255349891007,27.8814427736448,50.509068602073896,-1.5897415350954542,0.3779440268047104,1
5346,113.37429836457032,26.94889363861683,48.69953382754143,1.0185178961802495,0.6997491665587923,0
5347,103.62598847623656,20.49655985119523,53.34960335587146,,0.3776152653059909,0
5348,93.99378263274541,28.513677416208086,52.288410317315865,-0.05256253245418287,0.5386148579400556,0
5349,95.00555546569375,24.309466122426556,52.16591365808135,-0.029254598838698707,0.5881226602101375,0
5350,105.17014793173341,28.67148026486347,51.588231869147094,0.2753409298708663,0.49235278760190426,0
5351,108.06885427894954,21.957933953098554,51.03946661199,0.9924577525794717,0.5402344944848656,0
5352,106.87727928813626,18.744612631625195,47.51127503170042,-0.3642305578413316,0.5774789868115262,0
5353,105.83785052900495,23.711711623916955,51.266602472511295,-1.1121413728298137,0.43065798417181256,0
5354,110.81129798752833,21.238051257814533,50.22853046012664,,0.15281332549356305,0
5355,102.30204389631434,26.58275147731558,52.52672816990184,,0.6580855567234669,0
5356,109.47455278013413,29.48527863427239,51.61483836476486,-0.23549856092704283,0.39067752396337824,0
5357,96.83992557486792,26.291689813818767,51.100760940306046,,0.4682622136828685,0
5358,100.47526083530967,28.643207156510442,46.63155040493969,0.09382869322880394,0.3729136033280235,0
5359,95.96479302534092,23.436288163214478,49.82199892678306,1.2839740089223288,0.5131107651172149,1
5360,103.62577349665104,27.25968884634362,48.88421548019269,,0.5397430167321984,1
5361,104.76869391366829,28.116521240060443,50.50473184836615,,0.40228180304708716,1
5362,105.57050746113259,26.53050753100251,49.16890345711471,,0.3852221754772122,0
5363,105.30941676443568,24.093327432834776,49.44810844781339,1.4415378185976409,0.7703603544213397,0
5364,100.36223334594136,25.510393315384416,50.91806780981341,2.3940615517845356,0.6221562921488485,0
5365,104.04879577793392,26.406083948146563,49.13572377286245,-1.225895479737626,0.5268094079232659,1
5366,97.51276665697125,21.037012838657123,50.243183079148025,2.067484393848866,0.602488778813534,0
5367,111.81614487566125,27.714951130979816,46.96117621825139,-2.0251444233519282,0.49846958779817285,1
5368,103.48186963551,29.40389446760728,48.335197046479884,,0.376056340288017,1
5369,102.55556940478155,23.58287178215923,51.31208713440592,,0.40839372499043053,0
5370,112.94470164222041,26.412806197318528,47.53961576660705,2.3442348984656256,0.565032152670519,1
5371,98.78876733225385,26.844310869484246,52.491450155205996,,0.4122091088774077,0
5372,99.37206442984015,25.94697057025776,51.948798710602645,-0.4648360901405083,0.5286259792472626,0
5373,99.51889837565717,24.565381299943624,49.46354012932043,,0.5487120500961619,0
5374,104.66064309150259,28.579775454897728,55.99746821100493,,0.3773160901880399,1
5375,107.158158148188,23.387120511226733,52.48620715569659,-2.64370900613799,0.36288491187875827,0
5376,108.69837734058916,18.733235477839244,48.10144098658853,0.7652312895610676,0.782312730685079,0
5377,117.85997658747485,28.134676508545923,51.4923481074001,1.4826935210300358,0.6065940204716237,1
5378,93.75283772899618,26.08777526779861,50.131726132639514,0.9113662542616549,0.3230475858173188,0
5379,108.04367794562208,28.191103517995757,48.446575818281175,,0.48296306882501716,1
5380,102.21434713713884,19.66256930933633,47.86018171366758,0.7202831176080631,0.5919606778876939,0
5381,102.06792425555614,18.369035286116596,51.989786669776755,,0.5416691931366509,0
5382,101.90113935873062,29.212494484590017,48.804109070751736,,0.5904137759364522,0
5383,100.45615164596013,19.772739670206892,49.796247289925894,,0.49437197415969814,0
5384,113.42262417301725,27.715827984845422,48.157948143546946,0.5512002800025279,0.6165604693435651,0
5385,109.21148663506952,27.87851930616763,48.50368412540282,2.2028008533628984,0.6200706382428267,1
5386,105.11597989278687,26.504462406588036,49.746141599857054,-0.22498120702911756,0.5933673710964984,0
5387,111.755078762435,19.575146533114452,50.776364585448306,-0.3249739819565477,0.6385412055858856,0
5388,97.43735517350562,26.00878349472969,44.8232816728971,0.10102694667117107,0.4928647210664714,0
5389,98.34647434334536,28.669038999922385,50.0338395983335,-2.0139616256981125,0.4868816153391373,1
5390,94.11016133902656,23.1063797376106,48.50775797482993,-0.6044266134256764,0.5731440172778823,0
5391,101.50292729938356,22.962202252543186,52.80472530690045,,0.49223999904912574,0
5392,105.80849263352377,23.31429971495303,55.885505292010876,-0.42599991493032124,0.6745090272779543,0
5393,105.51429288966168,18.987262688114477,49.28144193009257,0.40243675074511864,0.624676173375791,0
5394,105.7467095552994,28.70430682835968,46.55554287857361,,0.33043651487089726,1
5395,97.94471584466959,28.430194367766124,50.233753939837136,-1.718420975790751,0.44008688639196825,1
5396,109.0157737130701,29.974911861483434,49.58914134101359,1.6981043949577066,0.6709221100480909,1
5397,106.19813759119499,25.02219769798096,53.94270129800258,-3.010872336095714,0.5414653252378603,0
5398,108.66527140733,27.014299637416627,53.33317868675108,0.9245566033092658,0.6083134891287518,0
5399,95.53618911204974,20.432062875687656,51.73074994119313,-0.560339521196525,0.5009290359543004,0
5400,106.55745429398895,26.010345818690034,48.82661183757468,0.24018372249517772,0.6383906197719561,0
5401,99.06117380041236,25.796794185088686,51.35553313236161,2.337148178000909,0.594911983018901,0
5402,103.01338373724319,28.81450483009935,50.53001271813661,-0.1967741787979843,0.39116308055624815,0
5403,107.67182449318192,27.969512674068888,50.48264640659878,0.9380820082586536,0.6172797362357479,0
5404,105.45546803127957,29.261597551413157,46.88354030286426,0.08785045152287327,0.4665756967503458,0
5405,100.74230010110341,28.42600167241929,52.12359067690729,-0.1640642546299571,0.7633736809805439,0
5406,105.03136578092209,28.424326738786224,50.21561665662247,-0.3497629467605441,0.5078088460681488,0
5407,97.34232342378178,18.76467992026462,49.79831730491085,1.05158752275934,0.62356627491775,0
5408,110.75133697949148,28.15154343235147,48.79968700998234,-1.0974027991820114,0.38229735041967877,0
5409,103.97357990251875,25.289740734037416,48.41276700069324,-1.698034782826895,0.5415583031418278,0
5410,110.59274972127663,22.565333421191532,50.63451716255796,,0.5028907173642457,0
5411,102.36734156451979,18.67817549265675,46.50167439628384,0.28917600538274285,0.5020051614860933,0
5412,102.38212005796709,26.132085297216562,51.57899751930009,-2.73623724809844,0.35313592647869996,1
5413,101.17906606681076,21.93842100645141,47.89178912600863,,0.3700730128580674,0
5414,109.38086965846537,23.61331517983242,45.882638627589415,-1.8403153818217666,0.3829315688573968,0
5415,101.45284421335762,26.18074124466161,53.64379063185204,0.9402646611717305,0.6016298130877203,0
5416,108.22297716207588,28.941294564289713,48.283825901308845,-2.7055272838449493,0.21018501186401073,1
5417,103.08773801165354,27.90524298725998,48.55568167695661,2.8876137447946335,0.7465475896394402,1
5418,95.1201835005419,23.407165549243196,52.26907666201615,-0.5072976249537411,0.4478012733395006,0
5419,102.14842966106767,22.653397889356548,53.70886180103328,-1.2974429227309687,0.4596005272785776,0
5420,99.10445892818576,20.87735686612857,46.93399684279314,-0.42445869055228985,0.25537562581837736,0
5421,105.16951361841168,22.469121014111618,48.08766387949866,0.8344062879508372,0.5642190204632801,0
5422,99.04796132162755,19.33255664750278,48.23464235567881,1.3357051338524055,0.4624705684668643,0
5423,109.62987550357309,29.653266100377053,51.86960332539131,,0.44428081525104546,0
5424,104.54462069823487,24.887009327514946,53.278264255859064,,0.2353516646373779,0
5425,104.11202002620631,19.533670113542556,47.839494876843844,-1.8184457004332713,0.3208895586621272,0
5426,108.27946068893792,22.23367211119087,52.82949067593644,0.4295815481111178,0.5051232459281094,0
5427,109.81953467037931,24.56446972344787,48.5819317769426,1.480990694265678,0.5468742923745011,0
5428,104.89950624115174,24.394627639690434,50.672245805891144,1.6762128773761775,0.6722636789175744,0
5429,101.14399850225355,18.426040424623586,47.45709260114437,0.25213886311617256,0.32579983072332064,0
5430,96.13015191943936,29.410092410749336,49.756139172836,1.4509493492721344,0.5674105379135167,1
5431,101.5697512148241,21.304508177699336,49.777774571854565,2.8685238263880013,0.6335179289760349,0
5432,101.9139387667602,18.194216027182694,49.369683387369456,1.785521569104438,0.543495372083404,0
5433,105.53528726496148,18.91732810740339,50.76994196263939,,0.4778322539022162,0
5434,103.27426559430987,24.962338838975725,47.98593827029495,,0.5497259194860583,0
5435,108.43966486025714,19.653426248101162,48.23255340362632,1.4439294306420045,0.7769678281287321,0
5436,101.93508364364655,18.500697514242038,50.87574428989871,0.6918487168331208,0.3631863167454279,0
5437,104.71479416573528,22.555517596952537,52.68407066195146,0.9759684425507078,0.4563799232559044,0
5438,110.91993721598445,25.473134308082262,49.954372611904155,1.8916594184167677,0.4941469171543669,0
5439,106.70912606977484,19.34207765809935,51.007341546924344,0.5378367725522861,0.4987396684912035,0
5440,104.69981229155718,21.759933985815785,51.51616002059468,-0.15381949599219472,0.6178935925228101,0
5441,101.99027779032411,23.013128059494505,51.66101037726698,-1.60479871149138,0.47252711165290695,0
5442,101.83384301642512,19.913521173441207,48.092950548326726,-0.4447744764679873,0.4623760188828179,0
5443,100.74693373524026,24.072886781600523,48.44597953959019,,0.5176001761995637,0
5444,102.2949656710855,19.02256904282125,48.61985081211293,,0.4889201851152948,0
5445,108.77832919372158,18.558221956140823,53.85726760178793,0.3658144480054858,0.5921554053966003,0
5446,103.89055864353865,24.238024405861616,51.01638587834381,,0.6579967523394783,0
5447,98.25113465309384,20.974763673010507,50.92663144077003,1.2980470503256818,0.6240321440476718,0
5448,113.84084646529891,19.14448569477633,50.732471506367474,-0.09313236218489582,0.27568925302787917,0
5449,106.59982595572582,23.086951049851585,47.358413192761,-1.270893161183922,0.43776941766642347,0
5450,97.96528299743416,28.981688874208736,53.876380941554075,0.5750369051663577,0.5100982752225525,0
5451,102.79075536379588,26.69030935984986,50.95837506157392,,0.7676056773285995,1
5452,105.55443191414209,27.787390984164333,51.446320225309904,0.4818641629185658,0.5480038627748803,0
5453,113.5229604664869,28.462967865103636,46.468957422168394,-0.4438859285598295,0.5334795578652478,0
5454,99.45943770870565,29.67153289675703,51.55928770472303,0.8037542287007411,0.4906580068179933,0
5455,109.88020359677974,27.158958882170076,49.28757509974475,,0.6386200573009049,0
5456,111.99743213486171,25.300895063273757,47.354434050547525,,0.6672302680143138,0
5457,101.85672847462715,22.385110563626966,48.092472668256406,2.059320292568551,0.4402668768784094,0
5458,103.61243190569883,20.179718838692594,47.47021158309327,,0.399338069762705,0
5459,99.81845376313115,26.23991848779953,47.43643160977078,1.9881183531155227,0.6756512873676952,1
5460,103.98269429459847,29.939399833463302,50.12109564072842,,0.500028329057489,0
5461,104.81705012828535,23.60830421542703,49.2264744225367,2.26874740126331,0.7163087387262685,0
5462,108.29824999041185,26.684152417113694,50.66813872432277,1.8101027936094058,0.6146872190992352,1
5463,110.45091735510223,23.941109399917874,53.35195174213601,1.3826991173293508,0.6384217272520706,0
5464,101.25951967689177,23.18320108036172,49.74099257274533,,0.4844651922086574,0
5465,95.16337467887003,22.92366736271898,45.51022141208315,3.452276515605627,0.7065932099829692,0
5466,104.89377610361879,24.05549619518037,49.516083576904364,1.6149263829996483,0.6150095088041279,0
5467,106.4676876498432,22.4027479423845,52.38678887279574,-1.2739755069367682,0.36741182468723577,0
5468,106.24708843842521,26.98527986186169,49.82812105500634,0.3688508272024812,0.6186118890376443,0
5469,103.36663376245478,28.4912643190982,53.0586613073834,-0.39707515234089275,0.29061407840127396,0
5470,105.62376049831967,28.59462367974221,50.90588318627564,,0.6756064274193722,1
5471,112.57722404176124,20.73238456110991,46.32346053120522,,0.46445008301934027,0
5472,106.90867084481255,28.75090966477789,50.219164500876715,3.0479265369316284,0.5501661626710752,1
5473,103.13315787498458,22.09861478226126,50.594002588529456,,0.5415990992120154,0
5474,102.49901091452003,21.71169198582357,52.16071160254729,1.652512017824944,0.4726331172361713,0
5475,104.15073821161134,26.721072688778833,53.639273143223136,-2.0467934745540486,0.28344642580958584,1
5476,113.1836998091532,21.656356081035472,51.8154510394174,-2.3881985012069737,0.438622295610721,0
5477,104.08349645236902,18.635596867316522,50.88095959477443,-0.595434198711141,0.35914988166226397,0
5478,104.90102827739646,22.483413267723698,51.352376543156694,2.2685627062435576,0.7152490880012311,0
5479,102.58843214531848,26.657587204300185,49.66398638710086,-1.4889225614308679,0.4900143901313212,1
5480,110.49491678720982,21.92350104324212,47.07424432638514,-0.02521777023486504,0.4209747252515268,0
5481,114.79918627372338,25.554708671941757,50.08299217244572,1.7832643023088295,0.6872007833347472,0
5482,107.25306524715694,25.921433331157566,50.73058065491781,,0.36962407198477076,0
5483,105.41386451892713,26.80483214071627,47.592684748176154,3.324279868069289,0.7134631315500223,1
5484,105.18391416587117,28.76556559573124,52.65324327899988,0.005057988314791269,0.3756297469911706,0
5485,93.07846605607128,23.190773991221178,52.01082203096486,-0.6624443169460014,0.4145478428661491,0
5486,108.72575432142409,19.997184919949486,47.25647716942426,-1.6417216216184656,0.37204292558897406,0
5487,105.67083207997922,21.82710858518267,52.73166457757975,-0.5519999101761002,0.6005397362930069,0
5488,107.14171025330363,23.186007062087832,49.38337126158031,-1.6553984387788565,0.3671021522092676,0
5489,101.44268902958147,26.56669763193736,48.443016869763305,-2.694667919864422,0.35740466423322986,1
5490,103.07771560511455,18.1574655067396,52.15855538549305,,0.6034370962593765,0
5491,102.94487531748413,21.789424601278547,49.89789117447988,0.07336019891308874,0.40540399526507037,0
5492,110.1081149203652,27.358110972231803,53.79837064167374,3.8872003068436913,0.5913298908082409,1
5493,103.10620081698454,26.050292439968345,48.2942239122265,-1.2589326550087256,0.46792620000265434,1
5494,115.41330161054898,26.780879683027262,46.53668495205469,-0.6432129130560147,0.46520045897479617,0
5495,107.15431209507518,27.741729233270338,49.43912343766772,,0.5180989821721698,0
5496,98.62158670002134,27.398828626535547,51.57844499812094,-0.9611340974891466,0.42773695085607094,0
5497,104.35726853374021,26.18619799383334,48.145714028928914,1.3104056163141653,0.544554393155958,1
5498,101.74162438921792,23.275938388447088,47.33979923440024,0.8494859493965619,0.6190495914776064,0
5499,94.02808765089988,29.803179946537846,50.45785480540551,,0.5284449478058225,1
5500,112.99735470056895,24.828878347080884,47.072625579664965,2.013407388227911,0.4567113295692902,0
5501,108.51571271110002,20.43323051242607,50.61338539922683,,0.66780632720158,0
5502,107.66603658949656,21.51375426125741,49.318753897543644,-1.5127346166629803,0.35664916704709837,0
5503,105.82701830149853,26.32274947164564,50.988932976704746,-0.78572784550354,0.46740226372750143,0
5504,98.0899121565378,29.096874782393563,47.2323423921508,0.18222421510745632,0.44645983515558185,0
5505,102.58191430222281,20.14464155047077,52.59632630288781,5.591750017144781,0.6823373290223496,0
5506,109.20890387392006,18.988157948949436,49.63393103001262,,0.3680578380257036,0
5507,99.74389985108749,28.578372576504073,51.527045335809646,,0.5419182261436606,0
5508,92.34115341874593,28.983335746954012,51.919750922569776,1.009912082618627,0.21110415281426748,0
5509,103.86446996109537,21.316552143790794,47.68511009526809,-0.9046710816162822,0.5846009235354128,0
5510,104.29121222986231,22.527428692454876,51.764515019216155,0.3936382665034571,0.6228835226792605,0
5511,105.67781708207355,25.9222559699743,47.14986644971135,1.431993277215109,0.48064944365870577,0
5512,108.64259321757268,21.959160250109697,47.25972451448021,,0.6566506146661781,0
5513,108.18802906115604,28.525904499240635,53.92799847197687,-1.1348298810707815,0.6493384252398823,0
5514,106.2938490262196,19.290944432566352,52.22370673759325,,0.4668277989284053,0
5515,110.97765694043355,18.45578665152234,54.14732835086751,,0.5171287984071931,0
5516,97.40515109593343,20.501834480913473,49.25957193878418,-2.0356911295063456,0.41184240697767127,0
5517,107.52290907238695,21.43305333845963,50.20485732815602,-0.857328240288912,0.6084951861202154,0
5518,108.13269181668471,19.3551190954665,51.054709493504724,-2.0892191794956667,0.25627580656995375,0
5519,98.8021885695988,18.78828515208776,49.97560886681221,-1.855192335744037,0.38450342594276243,0
5520,97.48564695658806,27.067292562021578,48.50772795860819,-1.7114167317997047,0.5063689492160832,1
5521,101.270289367622,19.971318790827087,48.2078306042399,1.4301769473387929,0.6528622348864798,0
5522,101.69229278742354,28.967066388795647,50.427724465657896,,0.6074065619298135,1
5523,108.76709731751215,22.415995937377154,47.86628031667539,-2.30411951555734,0.5240251315190738,0
5524,101.92730608154453,26.047269716656146,47.8102730152663,2.370275499411734,0.6418616078016669,1
5525,100.71825740859398,20.704825377225603,50.787144022309185,,0.42687545536621174,0
5526,101.9418313165272,20.8838732219024,49.80968129702877,1.1203201409585373,0.6257203094334947,0
5527,110.59316167077105,24.896510434410903,51.87441254116337,0.3878378561494581,0.5133023606148868,0
5528,105.06521687188476,24.727715101751834,49.150177179834316,0.9537773170692802,0.5527150225050529,0
5529,104.10374487321545,27.224750736144976,48.83748810004893,-1.7486145792164434,0.33384007145928546,1
5530,104.44997250649475,27.09375966833119,50.84710679207094,,0.657413503120697,1
5531,111.4603016716326,26.048253175963932,48.375950250892345,,0.39244058162359835,1
5532,101.25414136698379,23.389566790721894,48.68374454888663,0.6403029749409858,0.6049395937938828,0
5533,111.57754145470052,28.687684635367404,48.76309121924117,2.9353562632287904,0.8376401981040198,1
5534,106.05248149460752,25.470941882655584,49.580595787408896,,0.28848874378898925,0
5535,104.19790309012326,29.882381885548284,53.54487308659181,-0.14825622997246551,0.5537046447256507,1
5536,117.50450248967141,27.8324378152123,47.24642235008569,-1.1236187977644283,0.44613533025873936,0
5537,99.72180255100702,18.531717734859914,52.59101516423492,-0.02583927416451609,0.6781811971799314,0
5538,103.23157120216497,21.847126884963814,51.475573512579835,-2.896178041544493,0.26426998653012834,0
5539,98.83784380418,24.86250859765142,53.13395769473998,2.247065003084852,0.5371277760481522,0
5540,109.76230985268084,26.657634454457845,56.27337209664454,0.03605411742945873,0.4968118891174612,0
5541,113.44594466825839,24.6040379731433,52.86290604157571,1.3757484959791275,0.5194359858079977,0
5542,113.3496139070232,27.433565069546184,51.85133389581572,,0.43665708625653205,0
5543,111.11974376573002,21.391867833088135,47.37500729674996,,0.7171400379921028,0
5544,104.01189766102017,20.2069446147939,47.62755547697792,1.6933087389701198,0.5973697071307907,0
5545,103.17379511255076,18.64700020547724,50.720380368730446,,0.43141021838228727,0
5546,96.64415113752968,24.879764934858265,46.60384770416087,0.2515594861731828,0.4735762992389301,0
5547,115.17936767590896,26.263194248105943,51.23087850258244,-1.1909115639382482,0.4809435777381058,0
5548,107.34489039074234,21.91379660543234,45.73015621847798,-0.8016353425186497,0.49365499134718027,0
5549,102.54021547565259,25.363010218270517,52.30446677112923,,0.36631245212032504,0
5550,111.64028444493484,18.62588677023995,49.356599376132806,-1.1070263827194977,0.2818455117279931,0
5551,100.1361774162,19.191520155561644,50.25319389094038,1.876843665696251,0.588788157339792,0
5552,107.03311017111336,26.42105726710198,48.50325540715904,2.7129139650107073,0.6278862057132384,1
5553,104.13685432854582,22.416836462607584,46.202947179554855,-1.8709123269440866,0.34184136154283673,0
5554,108.1933856994015,26.056008373236068,52.469390558388525,0.592757677555163,0.6576158604843403,0
5555,104.6821323040694,27.980653443359017,52.67140278990943,,0.5336309358199879,0
5556,97.74536054444388,28.231469249713403,49.29702446959261,,0.6182544789938529,1
5557,105.37788186335018,20.066011745573412,51.32385912946802,0.20229032726687915,0.4740433871103367,0
5558,110.24432070937681,23.83542686821616,49.21821715957919,-0.011213557111302567,0.6727421844923059,1
5559,104.85391797073008,26.807120683589837,50.57697968853249,,0.3286950175026018,0
5560,108.87557560794544,27.287767155202925,51.51827839784022,-2.297670058638622,0.33545689067422885,1
5561,99.77235257162974,27.416111768746532,51.110169849147745,1.1414077241242317,0.511833577742365,1
5562,104.86869603365074,20.738008012567015,52.68193922681869,0.5294678621271658,0.5563694544450543,0
5563,101.87744772455711,20.31041781268528,51.03776135141067,0.5661662107806442,0.5943967935764791,0
5564,108.73490420052354,25.08014961928435,50.05616923407719,-0.898990653987897,0.3213930054036132,0
5565,105.15745781130998,26.893029572858637,48.47716206424516,,0.42060636412131785,0
5566,108.45036838168306,21.82967418641032,49.04298923935216,1.1866064791703754,0.6040947632661903,0
5567,110.43855213078933,19.256461882349058,51.62010279345003,,0.5071437866002182,0
5568,108.45809287560694,26.60095659492093,46.99634696217176,,0.3714370201398111,1
5569,106.36559217146822,21.596373976560052,52.21161460682559,-0.9500221057520961,0.46976336492938925,0
5570,100.00893870744298,19.99635269174066,49.43771254797093,-2.084825133108214,0.29776619527559556,0
5571,104.9860694466655,19.77268234076558,48.36278819118422,,0.5428559632157725,0
5572,102.33454798992084,21.778914570320595,47.80255164643707,,0.627581357081325,0
5573,103.27968021647887,25.112136790964946,51.34873557129677,,0.48293501409287665,0
5574,103.12732924624875,22.3008268643258,49.97071729239337,-0.9942849464995716,0.5928241341850595,0
5575,100.10037212608877,18.247942219121178,53.17753044645964,-0.502952780707937,0.5473946121709101,0
5576,95.21330705433004,19.162901216133733,47.47384869894816,3.4594699724647304,0.6688813254037336,0
5577,101.65928475836117,21.48603896638343,48.84367275387628,1.7878921498853222,0.5572521292611192,0
5578,105.9668972596208,25.916453785765103,49.815557683745176,1.0964957590944913,0.7302967119152943,0
5579,98.25911477286255,19.182180881622408,48.49628651206013,,0.45785938179293784,0
5580,105.07841118235812,24.72788224200818,50.012237328283604,-0.01911219692857272,0.4718271345819804,0
5581,114.50134212155483,19.438630449888052,50.63900153283104,-1.359948246143069,0.39102091815523354,0
5582,110.1152827762612,20.539383928192578,50.96896847825948,-1.5925356364620478,0.4601535571534819,0
5583,113.21770754560265,20.066262330669154,53.01233426176892,-0.851866014769817,0.6829223287128184,0
5584,106.95563938466363,18.806743626849727,47.393055142436836,-1.4306698197030505,0.45313378000573273,0
5585,110.83754911493223,26.055957808639082,50.67552063987062,,0.4222066219160523,0
5586,101.38017634766106,23.560842568632413,48.70611436082367,-0.15284343917936635,0.5112249853083765,0
5587,101.77829866489007,27.97264129076806,50.86002676004717,-0.037952382844437325,0.3668165200125737,0
5588,91.30429896931264,19.1866900797878,50.86266437270609,,0.4346929635842572,0
5589,110.9307273702115,19.736795200056868,48.02616123353534,0.7428143319603074,0.7075491455105202,0
5590,112.70161989909943,21.67749277620541,48.197695314731824,,0.5520235218852657,0
5591,102.23411377326364,27.190391843265697,51.02328612693915,0.3220479467672701,0.6391991294121292,0
5592,103.73024146801383,21.669105877868386,50.04680902148826,,0.5454903616391812,0
5593,101.23068943154519,22.90102448998431,49.56075631853679,1.0393088317650112,0.48108547900121856,0
5594,106.91326775738746,21.619242795565974,51.31597365954995,,0.6510853663008793,0
5595,110.6246627265162,18.96269150161236,51.46343695172426,,0.4430367132427284,0
5596,96.28614013059479,29.273203474754247,48.940739774596594,,0.5163753872993316,0
5597,107.04719265321125,24.582467904854266,48.295893724715,-0.1420260922417859,0.2869336893110832,0
5598,103.61664114140427,27.453998258225962,47.47616204632472,0.8903827295133407,0.3731883752206729,0
5599,105.56697195983345,25.900285106223553,50.06690824040297,,0.6544452795932446,0
5600,107.29497000837145,24.171051348743703,47.15367944570287,1.3793905202869965,0.4998362487607416,0
5601,104.05898780613589,19.07613907991256,50.19885691645807,2.6633820495209553,0.7576576602495992,0
5602,104.4820657329711,25.712802543243654,52.433673582848876,,0.33220466971059154,0
5603,103.9306241622268,19.864444271241986,49.29308045942743,-0.10047973326707305,0.48612519328461234,0
5604,109.85158100894141,22.97259803227532,48.92759143891967,-0.7944688731027258,0.3386823105090784,0
5605,107.09379980063748,25.549357721765162,53.99568954725429,,0.45711074701000287,0
5606,106.1029176886868,27.38674800566548,53.019403638375294,,0.7661360983139206,1
5607,98.64524139453859,26.220542108503434,48.470804258889174,-2.080449454533553,0.5751577486262132,1
5608,103.10710128393423,26.058402348655548,50.27802636211795,,0.48986728279054326,1
5609,109.49334580169587,19.78850651010249,50.657356484696166,-0.328480115300343,0.32411403289019625,0
5610,105.18848286561962,22.153542480859056,50.407320845452354,-1.2484732043201097,0.3169078512065686,0
5611,108.29765734794569,18.51494727192233,53.62934689542558,-0.6131579772632225,0.4853475973501667,0
5612,113.83255900163817,26.633722718117575,50.17445978483884,2.7093518075197665,0.5548766999230087,1
5613,110.19303034604408,29.43103177580903,50.474469751262035,-0.4471395594449391,0.5434402758539681,1
5614,105.46579168849871,21.16932468214891,51.37732459029283,0.6174728477444171,0.6984661550555562,0
5615,102.44505414902136,19.05236050994771,52.37983943209534,-2.487295274993603,0.2773682468479228,0
5616,92.2322520197205,23.70684092104384,51.873798388608215,-1.653655903977695,0.32781104882525813,0
5617,104.15807538763573,28.280378677530827,51.07616957262328,,0.4519077527561224,1
5618,103.36993752091576,24.62369034326136,46.882600389212186,2.5020426578173343,0.5996762403124416,0
5619,106.95183097197688,18.56132580228136,49.02372455188315,,0.521828542783128,0
5620,104.23047386512656,29.691266886335352,51.63884241441054,,0.47920692884396426,0
5621,103.39807470281603,27.943798919551206,50.50079739455861,,0.6269806510463848,0
5622,96.10300534746389,19.57912892461812,51.6522572676459,,0.34448957259327556,0
5623,100.30016085424967,29.06157307804211,53.7743321233425,,0.5113126855946417,0
5624,107.3832552040028,23.40825946326226,47.646073589881354,-1.5691659001612521,0.42563324584039736,0
5625,113.57953815566347,22.462775886899294,52.27582034960917,1.191139473336063,0.5681081853145145,0
5626,104.51237308127189,23.532639966326258,49.33927307501274,,0.32979717960732463,0
5627,106.63905536787061,28.014863482451368,51.87069963854947,-0.9425639638639206,0.38516033527357074,0
5628,109.76239078476402,25.91375613944143,49.917558513263764,-0.061463757161992545,0.3766197482554777,0
5629,100.94553031899875,18.71098142879673,54.254009077785994,-1.1426867744339309,0.45709337613426565,0
5630,106.83407021642721,29.49125245339405,50.260173872523474,,0.4219086477756316,0
5631,101.29754946833921,19.773409601739814,48.71897155128804,,0.6203429682447595,0
5632,109.32412219245505,26.946815420824212,50.83974924558353,-0.03674402177588696,0.5053610669509913,0
5633,105.75701523975866,25.63363836513757,50.64788556143654,-1.3958712074468624,0.43169788458319774,0
5634,106.49225906990719,20.25033657535873,52.2761941882209,,0.66897737565716,0
5635,101.08700701290705,20.048784913356595,50.89610559720985,0.37647130360674363,0.37836239806480215,1
5636,108.53516179805392,28.443931124456306,54.95012927833861,0.43873121937749515,0.6988614757409916,0
5637,115.42356460615508,23.036339081995166,49.77719172919546,-1.338766537842156,0.21456371998903984,0
5638,99.96044152285897,25.85491817008966,49.80076010043905,-3.8214100089930785,0.45400906907960503,0
5639,103.30120496176238,24.04885204628008,48.79222789989389,,0.4521238572359003,0
5640,106.15803737084046,26.728242204911513,50.17133667670836,-1.5118028670532249,0.3720054994157196,1
5641,108.93203105997908,23.750908500471965,50.46211824216591,-0.9199454357710826,0.30683909133560033,0
5642,102.20226857355266,21.44855898306682,50.562421059911756,-1.2627834989884577,0.37691186214743455,0
5643,90.8348485492863,22.360600451957957,50.134375350988,0.16904776357044893,0.4920846823934666,0
5644,111.79594747082012,28.308932333404112,48.780357566545405,1.3213162065685544,0.5855576156839442,1
5645,108.80253059792071,23.616416315072726,48.23666974383529,,0.7252718459129064,0
5646,96.28526234756667,20.561391986935313,49.24965255032889,,0.5701323092987718,0
5647,101.96215604110222,29.21526465692704,52.283075320470225,,0.4646435292985978,1
5648,112.84091214763663,27.559205477980523,52.71359937098296,0.08835118997975835,0.5394289387305229,0
5649,112.23898209228933,18.66799375267439,49.84607092711913,2.3477487722550787,0.5846336718785021,0
5650,109.69320011339472,29.987315543766215,48.11683406706515,-2.3771014994593647,0.36192423243946736,1
5651,104.11943783020068,26.339120357281228,49.837652779366415,2.0223450666376963,0.5904220082910293,1
5652,105.41493709406255,19.923199188487043,54.18333087054016,-1.4941550045845189,0.48793771069088276,0
5653,104.34537097436937,20.84601217558316,51.99793567063324,0.44064793137612435,0.4307395215320379,0
5654,110.6411989163442,26.309345774898564,51.101485383065096,0.6191776754535433,0.4803011725468256,0
5655,100.62078796752445,27.357132663349464,51.92536983410514,,0.5498774004471889,0
5656,100.97100172557897,20.868431317797672,53.081133222682624,3.342709341303868,0.5594871164745697,0
5657,110.05137293418008,21.08362624679125,47.69426759690576,-0.4512478507069389,0.48880262619603876,0
5658,104.77819272244218,21.68544833846473,49.215920262605756,-2.4592318123854624,0.3224706530238164,0
5659,111.89233677726904,25.17622037803964,48.94255673432637,0.5346706012902678,0.5772621530577156,0
5660,101.64243896509727,20.061794139615323,51.17422879414197,-0.2550599770866896,0.6246292994246785,0
5661,104.72610819830588,19.25091838661733,50.320221781279194,,0.48714737140948905,0
5662,100.38793507578023,26.146369069026164,51.512622581378814,1.323142862810599,0.6419272272705503,1
5663,105.03681340711783,27.349175277518043,48.98622530026555,,0.5175335931552769,0
5664,97.607265315006,24.011152852998066,52.74390410135831,0.6544656459634473,0.49434122716993023,0
5665,102.56183289522518,22.365992523220626,49.8613325837014,0.21635689835554553,0.5114810179022852,0
5666,97.8187306753594,23.184512562317718,51.389091103916364,2.6878311661120673,0.7641872423291077,0
5667,108.4696161659563,22.660894006463423,52.39081299784588,-0.555842629301498,0.45502588492567164,0
5668,108.58294669879825,29.5198188988521,52.230248630989934,,0.5793804872345628,0
5669,96.34868634757828,27.217078862629684,50.721656816803595,1.321096354666842,0.5540581678224874,1
5670,111.66942872750286,20.497046578201324,51.63869381276509,-1.3937697230140749,0.28906880040430183,0
5671,117.48707563209928,22.61026982464776,53.48332132794457,,0.5147377976483675,0
5672,105.2300319336817,24.528147496357317,51.027202467949394,-0.2543837305037312,0.3382502449603585,0
5673,101.79442869887677,25.35583034476426,48.54070719587684,-0.15198102681289985,0.46062973920885286,0
5674,119.12165295501524,23.618206752345206,51.16610146192777,3.6559569360152544,0.6471860067004493,0
5675,98.40515750848745,27.72151962014351,49.92543756396082,1.8511301173833512,0.7742420716599537,1
5676,105.10053233434549,27.211272233498782,45.30399773119131,1.5323692999791476,0.7375552290906952,1
5677,105.89811136315961,24.061895023538,50.923996047406185,0.7958559607154598,0.5483325763432789,0
5678,111.72573810226207,28.253152641380765,50.233301300031215,,0.5692720840390555,0
5679,106.79869487563394,27.013074365308633,52.312835542994875,0.39222253010658115,0.47983687750276294,0
5680,102.50683052105774,27.34298218464772,48.499812685023386,,0.4010249273697243,0
5681,100.24407814806023,29.476809353201,46.98858067524139,0.2984781452090532,0.5677065625352101,0
5682,103.29089089876932,21.197603294510433,50.33736171882102,0.1421254910159418,0.5432445473309457,0
5683,99.96536319527428,21.21177794840219,50.76035477521089,,0.37643834679098004,0
5684,105.23912659892342,28.66742706828768,50.187665890771136,0.410187974521924,0.43117913776138705,1
5685,102.17901910069757,27.266716480628155,50.041417367370805,-0.78835702718029,0.5545388250302165,0
5686,97.52981103355124,29.118546497227527,47.86254609158735,1.0551347693508906,0.38440373817021695,0
5687,111.27572894187452,18.757561923893437,49.72216572605015,-3.023656801736455,0.4046352674852364,0
5688,102.5116373828548,25.533084927139157,49.30318834099117,2.0381153496749134,0.5704581877690281,0
5689,98.65931597512343,19.73554005748137,52.14541748153488,-1.9674988528018345,0.45758141803291796,0
5690,104.15870432756229,24.04676637951099,50.75865072806123,-1.6008825361043355,0.5187864459238536,0
5691,105.34185782983829,19.86896318224133,49.44400575650961,,0.44323168245406047,0
5692,96.26766637210483,19.53694210781855,53.44776975284553,0.8099127455319939,0.4264783890966393,0
5693,106.65823833562881,18.146020144584398,49.462184647569984,,0.8024994903600019,0
5694,99.76421215654868,25.562865748594852,51.11557344777233,0.44442679396368895,0.5165027002958358,0
5695,113.55514404595394,22.308271400281033,49.666157332821435,-0.06068214898925091,0.5297406761558591,0
5696,107.61980256038368,19.26225941854766,53.262305030056005,0.28694906781423624,0.6054245237358961,0
5697,103.00050004945342,21.874053332775716,50.17371955162722,2.3857316419316668,0.5231577794684457,0
5698,101.27416114841324,20.02732909741902,50.232828455781345,3.636599985996569,0.7720261866690631,0
5699,104.47516146218189,29.30033797801991,49.72025928245457,,0.5501552981863304,0
5700,108.06395370791645,21.840058629136177,50.39302385200243,0.8141586242581687,0.6877102177278197,0
5701,104.872529357074,22.007442279472677,52.39907567729582,-0.11158377674328993,0.6396791090942462,0
5702,103.91420596431571,28.078296040795028,51.691687689369374,-0.14139951188079838,0.4992736777541669,0
5703,105.29185145408948,25.773069135432053,50.05615236223234,2.818575935797151,0.716234414452177,0
5704,101.98070534381523,26.522059288836015,53.40265021291331,,0.43502524117401153,1
5705,103.28397036578481,25.632021647867525,51.74597128268514,,0.33945332489363933,0
5706,94.57103780547499,29.354355407382783,49.1236377616053,0.47616653856983,0.41092240920227074,0
5707,109.86863115426183,20.48400997869654,47.23930329253212,,0.5676259730298858,1
5708,106.49398890160882,29.86847090106955,49.16997239640686,0.3298449393765463,0.33701572684707504,0
5709,101.13272077983285,27.97147413067816,50.82669755710051,0.7533053268120178,0.5239172200505177,0
5710,114.49367490677619,25.067671066516105,51.194400741262854,1.12859007169034,0.6884337797196736,0
5711,105.43508240196194,25.94845949275499,52.71827536660404,0.16636661011440845,0.5861112556793581,0
5712,99.81928214012402,25.78591051800737,47.810908049762,0.8344614351724882,0.5529478855426246,0
5713,109.28368710735229,18.700754688709846,49.12168933210638,0.8094178479804897,0.5202664067051351,0
5714,106.99024108254632,20.616197982383262,47.644714660250976,-2.937906895859231,0.2990726597061793,0
5715,106.9728999274211,29.53765061429699,47.32240157684111,0.17080034059468727,0.4166890054820927,0
5716,102.87122197674205,24.412373146312554,48.74436250809336,-2.3591742494392465,0.46390817934100204,0
5717,107.25247861889018,22.540243239142946,50.73322448858804,-0.057257257661133376,0.34363374538811664,0
5718,103.69120854889452,27.1444615606689,51.54278886978063,-0.7429214232591513,0.30705302142581725,0
5719,107.77970725822921,24.294227311869715,48.10329178675665,1.5510168815517422,0.6679866253715883,0
5720,95.47527772994681,18.157953257182772,48.38144816122552,0.3666191388149962,0.5391162671121691,0
5721,102.83063268510405,26.834851160581415,46.440353649353135,0.7097892691323434,0.5399719933369392,0
5722,113.61077548904098,26.786610720634336,50.42870441655399,-0.2871760769433761,0.5063472545558046,0
5723,101.1646627229985,19.98178454531969,48.53572219605852,1.5782718939095441,0.7799221659754842,0
5724,101.98080851253407,29.47992106109056,53.326062756423696,-2.3959880107841007,0.3858044816283491,1
5725,102.76019330775013,20.686897578493372,50.81961759929919,,0.46216636997072474,0
5726,98.92596932055679,23.492992408586392,49.65710851308645,,0.8022788376467754,0
5727,93.95859611885874,19.376831535130975,48.717775144911094,,0.46096724330043215,0
5728,103.84706800738194,25.23938783340706,47.01065955961154,-3.218748007756328,0.5116943939413127,0
5729,105.67929712040828,22.50541344068655,47.26425644610914,2.178961914920828,0.3982468855752157,0
5730,104.73747465730673,22.238081546516465,48.75571809085573,1.6154041070396965,0.46458218901701187,0
5731,104.27560719026057,27.923722526651368,48.60219423595139,1.0664541099160991,0.4865255136868123,0
5732,105.21520435425194,18.11474055420574,48.00165631430801,0.14160901042755375,0.5654796292156778,0
5733,110.11420735775383,27.575361250709072,50.75418945488469,2.4911205272380452,0.8019550686572592,1
5734,104.04776907035392,24.857382788976942,51.02853118482972,1.8879276435937524,0.5353144609766267,0
5735,102.12958711456365,29.833182161762387,49.082735205396546,,0.7139144469997012,1
5736,103.59437257555958,25.07331864725099,53.87030453653063,1.0432507206708461,0.7758850434770848,0
5737,107.89673379878388,18.664549609775495,46.506541266967815,0.18419377687662264,0.6656857561963634,0
5738,112.06013439271625,18.607743917324715,50.11632779794453,-0.5987473065221988,0.42967529473675514,0
5739,101.85928130415411,28.597835836461982,49.56283959182415,-1.9033857636988076,0.4916869958841664,1
5740,105.49466893514442,28.09456974613264,48.89859823606549,0.7530684231995171,0.5715940891530936,0
5741,106.6917872096798,22.150680906984277,48.60467430797388,,0.4779566901389722,0
5742,100.03710996635589,25.416389810173648,49.98608023417528,-0.5246719978609857,0.516495711602264,0
5743,105.10208583606459,23.875096284667205,49.548944345356546,0.9205215421749502,0.4986450868821689,0
5744,97.67163071328953,29.605968661632627,49.216246945774884,,0.48752202754720725,0
5745,96.154748481303,29.3995308105227,47.40256073002125,,0.4272173057592414,1
5746,106.83373203946128,29.806068102489295,46.763776364379005,,0.25754885432375774,1
5747,103.08062629334609,28.39738536761117,49.42296704960887,,0.3922129455947683,1
5748,106.0114020381061,28.914619089301215,49.19580779100694,-0.36086809082797133,0.5137707516557731,0
5749,104.91052511495825,20.607345345205637,49.605926279446344,,0.4493725365056361,0
5750,100.11799975668102,27.972081467877295,49.78275640422098,,0.46572061558923805,1
5751,104.77372849017831,26.506285358451297,48.95499531623437,1.574530528513793,0.5830014776787481,1
5752,98.83449347492572,29.55343810593684,49.57518515236359,-2.463882201577819,0.4418310587394375,1
5753,111.954861790007,24.855141941311434,48.29294338379301,-0.37011881339143604,0.5760579148663232,0
5754,98.22014827570018,19.022006000526677,53.04789161832657,-2.1196141906539614,0.5283769547632273,0
5755,104.02107364515709,25.168786694245835,48.40051970370006,-3.914849046274848,0.3645847537733179,0
5756,99.78864205976376,26.238971136255454,49.25803858106932,0.5496777071628808,0.49795745126356084,0
5757,107.85210586680398,20.64385234454914,48.55242242177224,-0.26671666294667207,0.5055504422618924,0
5758,103.34284314359249,22.72936060215274,48.51883691959019,,0.6281356731548833,0
5759,102.40666640189394,25.182040968620157,50.04928313327589,-0.7749207869771695,0.559800431834361,0
5760,109.26600772525777,22.489268847798066,49.79553158023398,0.6627378403939708,0.5402904984858404,0
5761,105.14715295838776,22.499372606863968,49.08107921924958,,0.45733539437176013,0
5762,107.58322222967983,19.59703967007357,49.43304801689138,-0.2980216733525978,0.42527497966871763,1
5763,100.09337031741268,29.288960676931993,48.56037289801346,,0.35139590196673665,0
5764,97.97591528036247,27.00593261394116,50.80345127545232,-0.8734531971449393,0.6271386771327611,0
5765,105.53603981020066,18.014921266393223,54.110385485181425,-0.8930059121146163,0.5031996091957739,0
5766,103.40576822252635,27.187359408265984,48.25031744553356,,0.3262622825426873,0
5767,108.13217336226973,26.877539911894303,50.78792644746921,,0.43098042522402336,0
5768,104.60045773668725,18.116771521866276,50.08989791404142,,0.5507517519425987,0
5769,106.02537669617315,22.435251571365175,51.33725951626518,,0.4268275604140728,1
5770,96.88308735029378,25.28097228390637,51.393585920992145,,0.3705567443924978,0
5771,114.44218469807129,23.43300782229643,50.410825394437325,-1.6075479457735398,0.45529948174527124,0
5772,104.17879007483984,27.335833424646086,49.9203588477698,1.1490219830354294,0.6232661374701133,0
5773,108.487934851696,23.105499991613208,49.13109960070311,,0.5478794079123943,0
5774,100.81954164890186,19.846355633446045,48.47007929378273,-0.00015416190509978556,0.4400384333638966,0
5775,106.5400495110867,29.71698749128594,49.80630867809643,0.09970948189625854,0.5510441858062132,1
5776,98.48577618237627,20.90447991331256,47.43082233716464,-1.0388459488043964,0.3355731699172924,0
5777,107.26033919129836,26.612307726495988,48.81228801976506,1.6005470351864959,0.5262071554568675,1
5778,103.22012957807084,19.717875739968864,52.213707248945134,,0.6183276588211031,0
5779,105.14595251967783,21.948151365407192,50.19702444215938,-0.24569074353849263,0.561618668113814,0
5780,108.48987015065049,23.304331301165085,51.7853288378711,-0.7821697925887825,0.41812420182416354,0
5781,98.8372984438986,20.306784054324766,52.93928777331685,0.5122128989322676,0.5819393354455444,0
5782,101.57754134693602,23.399514916423314,49.64594108817037,0.19339656605758335,0.6262733289278045,0
5783,107.28662140543383,19.885953875901,50.414651668387286,-0.7502332131859344,0.4118445349398761,0
5784,115.49110737273374,24.70807846783068,49.39630821169449,,0.8576325317259816,0
5785,104.30958832669259,25.964559030242327,48.37478847904879,1.4072364110848459,0.7123197113963426,0
5786,107.95568058961966,18.74921140833613,48.09406348133519,-1.1787276019871695,0.46830895002989253,0
5787,104.4651426507076,28.45358545298602,51.68630074519298,3.813050969573406,0.6724738962677742,1
5788,114.71122797378149,20.221690620504425,50.417254560971294,-2.2994132356467416,0.3294973496634557,0
5789,96.26389166517372,20.704349103843885,53.693206144162104,-1.2775360895113514,0.6022501967499522,0
5790,105.47310522334679,25.936198080996753,51.94410402584778,,0.5385975729053678,0
5791,96.87227983218969,23.62501272521297,48.537574020927266,3.3703096775648236,0.5246335541255754,0
5792,92.46714214731642,23.99274719005279,51.68068436045354,-0.8438860375209374,0.28659352489070444,0
5793,106.48731026558909,19.537859814757592,49.38984892179549,-1.5986194688933804,0.431313192491389,0
5794,105.69748898073729,27.6688298625169,52.433719418258,,0.5546376478637972,0
5795,103.57581531128899,25.40465095325052,49.02733224551396,-0.37289161157710665,0.38965834260276677,0
5796,104.46902954980123,19.624584519713473,47.895148079514655,,0.3984504950364606,0
5797,120.49149717035628,22.48799240430715,48.40848984587718,-0.10617082485062967,0.2983825691521861,0
5798,103.70912430984284,27.724919192820362,48.51067019517017,-1.2857498131949336,0.359779502222369,1
5799,107.55062180625038,24.820260551839446,48.31949647076267,3.5233139556213446,0.6398908922867305,0
5800,101.75317590193059,19.303785349595167,48.85478344878979,-4.431585898621079,0.34759782861191124,0
5801,106.47616287520302,22.473324549471442,51.71338374065048,,0.6234845103812123,0
5802,103.80883162472192,20.912332781468816,53.59208841653237,1.3998928563508908,0.6763933656687015,0
5803,102.94740758635135,24.209586643844716,47.339620968892994,-1.118383937290822,0.5045879527365275,0
5804,114.09449266100162,28.120333546463876,52.5270260856663,2.808630157250648,0.69175451394686,1
5805,110.8859248159217,23.235205617653037,49.044592568051144,-2.057128798866391,0.4950684244866777,0
5806,105.68373323699615,23.20010436441988,50.69576506240447,,0.43693886570095,0
5807,93.47894032028017,28.864210827924445,46.691707938853405,-3.123967669570665,0.29017723144101765,1
5808,103.19495388373716,24.914224950087267,51.048070034689715,-1.7188172894555627,0.6542005882620537,0
5809,118.51513782202542,24.794293048768882,45.989375206367875,-1.7225427384718157,0.22325015391209518,0
5810,103.84669166680146,21.142918702504673,50.62787014462033,-1.1259849906431982,0.4139214966613022,0
5811,110.51608786026829,25.292672974045516,50.514512094058674,,0.5484834498947727,0
5812,112.20971200976301,24.910925609008757,50.38201526859093,-1.2389645461622367,0.2503580751092203,0
5813,106.09481957927987,22.762217644102368,48.530179698734145,-3.0546164275466827,0.2720011454537171,0
5814,100.79089184065924,29.888346790790166,51.099053348859286,0.695176153051018,0.7343584399843881,0
5815,92.82343834108556,28.58269157937704,50.78216301883344,,0.5207153679863096,0
5816,108.42081604304477,26.995035480921786,49.58009443271776,,0.4732243103988848,0
5817,100.92621998588226,24.448147060956007,51.34370061435039,,0.5339408594310128,0
5818,105.88075225943847,23.54471762273556,49.80879170686899,1.4313529229777484,0.5139317801349206,0
5819,98.75089830205317,20.218768742678392,51.05755431781753,-0.11322352974165491,0.6655909819818103,0
5820,103.673812297649,21.668849688175484,49.74824134521182,,0.47683634629327026,0
5821,105.16859527450526,27.287529597878525,50.43340398221908,-1.1635449721518416,0.3895435343681412,0
5822,106.34296790522149,23.444987447250618,51.14944588215052,-1.0780055690082793,0.29687754861145815,0
5823,99.42588906323793,28.587234198834018,49.20417485276393,,0.5736584371828759,1
5824,110.98455474380677,19.774933636146343,47.53232682749161,2.0335029873409334,0.5842185706211124,0
5825,102.01552607634014,24.100165152163637,50.55215801109631,0.8606132141712493,0.6625947270980723,0
5826,96.62765269773378,25.763588208255705,52.378782757225856,-1.3336618692897115,0.3316437895479462,0
5827,104.45488290018268,24.202181475695113,50.59830194591489,-1.4544486529436347,0.47564041814967634,0
5828,105.1718765451323,28.670722699019848,50.63628462939275,,0.6082775101088858,1
5829,105.8029471658588,29.874759381949676,49.91564778700672,1.9089973913672391,0.4061993823507535,1
5830,111.81066201842539,19.390015900096436,51.4782373055464,-0.09536903650518755,0.42270147822285015,0
5831,103.8177558163207,19.55945884892305,49.628129167724126,,0.5991351797157249,0
5832,104.40190187815614,19.563889362721454,49.09220243774627,0.6883501079192089,0.7027214464369096,0
5833,99.48407809383453,26.17412515284633,52.210596505749734,-1.6607990610466796,0.4715327345127753,1
5834,109.10276751443948,22.472113145950054,48.93892336341464,-0.4134466495018374,0.4937947048790566,0
5835,105.92154532039052,26.799775935190873,51.7789418929035,0.008205867008060638,0.07087119494360249,0
5836,102.89986136352918,22.865657674643742,52.21187092391542,0.12959795512367028,0.3156529572083039,1
5837,95.47662653267268,25.531280655984766,51.13363386412412,1.8750048267775612,0.6665290445327622,0
5838,112.22206097527544,27.238296068146724,47.501528960854735,,0.5064826108108069,1
5839,98.86160017771971,24.578590927859047,50.05430981844499,-1.9972684486683252,0.3259117571536416,0
5840,102.04360995315147,24.474043085400073,49.596000005882765,,0.5479420973039595,1
5841,106.79172255538002,19.058811903427614,49.008001489329374,,0.45765251027678044,0
5842,99.01721035691656,22.929380914913217,50.285503174692856,,0.6987075514281433,0
5843,97.53245110873428,24.54932583869925,51.538412694995095,,0.5335410753180806,0
5844,94.38026208649667,23.543769907996918,49.082894679737606,-0.7880946785103602,0.5421321075200523,0
5845,108.60498476452818,28.809384002261105,49.657234651452654,1.8192806081763093,0.7015750012773921,1
5846,102.2740687763684,28.87836758543387,49.51788213233603,1.0956161926245087,0.4588191716320237,0
5847,119.63635046236665,27.86300856706514,52.32774209108862,0.9505457211949171,0.4280900228862027,0
5848,100.02822467184563,22.50357690447744,49.48579876437883,-0.18336589738273895,0.4112202819998399,0
5849,100.3927448828554,26.60758982025041,47.53118868447651,0.6306762774576985,0.5364056157619589,0
5850,102.17303514857299,22.74346153283532,46.85313032201897,,0.3778412815136176,0
5851,106.21567327569244,20.791123187709108,50.72545913313194,,0.6776267058173181,0
5852,102.64898330607345,22.11483172261058,48.47863652022819,-5.154093584502034,0.33943750938763756,0
5853,108.06166107001256,18.851575599426425,51.33744901054496,-0.6631846410388729,0.5030856288318422,0
5854,100.10705805005672,21.981330108055765,47.337560022985734,,0.4032808911255116,1
5855,98.09204140768209,23.52890660713406,48.922175666778784,,0.627325715126738,0
5856,96.00892630295446,29.465770737369958,47.338862300959704,-0.111175908618158,0.49494120842118877,0
5857,93.88212916031401,21.7609270346355,50.86922143109785,-1.7951903008743173,0.4692451679414414,0
5858,102.40965490262471,28.829442470466248,51.2976950812493,-4.161715863958861,0.32393967146370517,1
5859,103.49509843803389,20.746299309881966,50.6772503152732,,0.4982112883354654,0
5860,101.84281486258408,20.29162677311099,47.828127359192315,,0.6398242070589018,0
5861,111.21702898593581,24.22794547718598,48.50847251177867,-0.5269202502750101,0.6058496641897193,0
5862,111.14015104804068,26.07013643156887,50.46862797722311,1.4389964343387,0.562926791085487,1
5863,103.32598506277749,18.53198700962738,46.62451718375127,2.2565772563353295,0.5775619470828895,0
5864,96.03039443404019,20.6527903805666,49.517730111224196,,0.28379158246691116,0
5865,102.16647445972474,23.468203998015795,53.033810706671765,-0.6859127272174814,0.5079579061246293,0
5866,102.00089303041469,21.972052031798178,49.64008890163925,-1.9145784175332023,0.3530572759597891,0
5867,101.7143251886097,26.55145295217986,47.0229107219361,-1.209415556967246,0.47270867103658665,1
5868,101.51140548050877,24.1339271524958,48.78518150464773,,0.6454232515873584,0
5869,101.73268552137597,19.9243092672468,48.73861534864485,0.3355192296362882,0.47403715961304665,0
5870,103.0672919205112,28.733584551781085,54.280617559673125,1.183235401567761,0.4196033473216684,0
5871,101.82229450592222,21.514868105800314,53.331358161027794,,0.39378513598509324,0
5872,106.04161254312795,26.77357330757308,51.46187086820316,,0.32202139939123475,1
5873,106.8018435795243,27.358989349264917,49.3138481385172,1.0171735458280589,0.4504556811450564,0
5874,100.44677456408755,29.557892403073225,52.401259321959444,,0.6394699352501307,1
5875,111.35532663003517,23.982089598289217,47.733080721899086,,0.7367206008800358,0
5876,100.09968849079692,25.390026185573184,52.15315063048852,0.7336865426399022,0.48558531961370266,0
5877,96.91099693092332,22.018515521754406,51.85594707484009,-1.8522020795501766,0.36896242807489765,0
5878,106.90389035682526,26.1381515209448,49.69730853070144,1.0602954497238393,0.4945565177375539,0
5879,100.9129593279283,23.560601830395836,52.27837262670155,2.0190207343895237,0.6867187127824381,0
5880,106.60645735378694,23.25182837669307,49.1055577410723,,0.5729795966096971,0
5881,92.98165699449734,28.265610349393263,47.46982880380353,-2.695174868815339,0.36357851434368327,1
5882,111.96227970741533,18.602026121984263,51.95593002599984,2.4534442511629218,0.501361065803118,0
5883,108.36146704020202,28.583549133982423,49.829514141721084,-1.417235840465646,0.3323619739519495,1
5884,97.49761725418499,28.224838053942683,51.203561206597335,0.5816802403348671,0.5466133695725561,0
5885,97.60611438076857,24.076395042741467,53.641773183118815,1.4294644028413774,0.5938019491844624,0
5886,113.36132952048764,23.88243425046754,48.55549185520741,,0.5793604449572515,0
5887,101.31310048251021,22.34168841642588,49.71324099032005,-2.7000852176697685,0.431488451842542,0
5888,100.82907575633688,29.930085500180812,53.13926900915543,0.17582588410940664,0.38653355724126953,0
5889,93.66973952925359,19.334031993046096,51.33746346171057,0.07653241632391332,0.5341856085321919,0
5890,103.24610897199223,25.082582827543284,48.600434511590805,2.1585422815897672,0.63272574628916,0
5891,103.86140192582124,26.180179081349003,48.08996459292104,,0.4386103438137894,0
5892,108.57746548384742,29.211960098603335,48.943838719793305,,0.5481188524181267,1
5893,98.00460785907762,27.36244196228114,48.523170590394244,0.8098763998277303,0.6098067675603338,0
5894,97.39856603879696,25.726166433738562,50.474696238979064,,0.380578369842901,0
5895,107.25481317388238,19.401747801745472,50.1568690143952,0.2907891323072391,0.7609165636074252,0
5896,110.03365035613533,22.484802201977608,50.5584755085507,,0.66984592887186,0
5897,97.14423824441059,19.66609971057582,48.31837439688044,,0.39699643127260076,0
5898,110.40757043149871,28.574552789586164,49.85833218494949,1.3589317651807984,0.5427313548218823,1
5899,105.18770920743411,26.995453866763715,45.888600452087566,-0.9414239868311806,0.531748950522636,0
5900,110.45902669537323,27.090441441566753,50.290012634722736,-1.2637186263730549,0.395679115521713,1
5901,104.64889819241192,25.82707821328253,52.35088128991173,1.5351395499242597,0.5397253516951067,0
5902,92.38861041256024,24.084522443240516,47.15050818130764,-1.3246308825164905,0.5790272833525472,0
5903,104.2401630884198,19.799652713561965,50.966856461294924,,0.4811247042828559,0
5904,110.30071909335635,21.956338640460622,48.777971296478874,-0.7334121332396474,0.4769375281885571,0
5905,100.53126990458142,19.642989509722685,51.60500230738674,,0.24720854021306216,1
5906,103.06017515546274,26.69895771422812,50.31729490242456,0.7165739701565232,0.5617327462565971,0
5907,104.11933248224511,19.92274531226406,50.80940822532088,0.18948190943518436,0.5675355389157647,0
5908,90.50243060065759,26.425362602060225,50.129647797510884,-2.8651207716222276,0.5250335123380705,1
5909,113.35673787718738,26.307064675150855,52.6566636127687,,0.3538708953873246,0
5910,100.49312160051413,23.511653747895465,50.694820955390206,,0.21968817081705586,0
5911,107.52867716236399,19.62274384941663,48.5891525719951,1.0975348309446196,0.528197681169028,0
5912,104.56649431925895,21.77760991360844,50.19743010464201,2.0819898040651448,0.5423880911346487,0
5913,111.2880952817968,21.841117308906618,49.2622379140679,1.2742359075692786,0.5621670915230547,1
5914,107.0302806121404,26.40462159771952,50.32479981303918,1.4836952352001374,0.6263835943464857,1
5915,103.82537864239512,19.364916232964692,49.16046057526638,-0.7767456085002212,0.6876650271573429,0
5916,100.5324245374036,27.94882375459309,48.64637852890737,0.8203920166655616,0.4958710651078337,0
5917,108.9892535069107,27.13208748223097,50.398544425496894,-0.013602945213240932,0.2782794839840441,0
5918,95.63279348022692,20.235683018091287,50.11157925723311,0.27797177413322927,0.49010092375589126,0
5919,108.22945210137947,26.62997258134667,52.12791169009169,1.4361471906817838,0.6068601260064189,1
5920,99.50477624222563,26.02215817761386,49.170088241734376,1.7632311309708542,0.4911984825425013,1
5921,111.2614183097832,26.977449601331116,46.038292305009385,-0.5846345844577736,0.49413651606857306,0
5922,105.80649771331348,20.267142665384334,49.27225840307337,-2.1114672170325735,0.408174792682862,0
5923,108.22061883925055,19.891083865877622,46.74713848216685,-0.2811068020392844,0.5119298342979277,0
5924,105.4099440691236,20.83780783107305,50.83134394819315,,0.5626866990144445,0
5925,96.23811452429501,22.39046043778771,46.65220414330243,0.42689682002123447,0.5130757125673948,0
5926,100.6963541830233,27.523979772429612,48.023257875171794,1.2494938776961841,0.6172284595354252,1
5927,108.36194668805692,26.855087249746198,49.275331083450276,-2.871872948226086,0.17651023786566403,1
5928,105.83327908679922,29.1054191073424,53.087901209522286,-1.0063703267872137,0.35344355448137266,0
5929,110.90494952652836,18.703554709183386,47.85421976857017,-1.4458322839761606,0.39355495270858604,0
5930,107.01637281518586,18.138675372170226,50.02480996629317,,0.49330412015025654,0
5931,100.1664905464867,26.389665956409587,51.159953153914515,-0.3125563400285813,0.48503178320973034,0
5932,101.01967931139683,21.35144994952999,52.968121106441394,-0.7693253543426821,0.4271594025251255,0
5933,105.51458695261618,22.00894674640581,51.55558950344282,0.8074525386698667,0.49485922797559545,0
5934,93.42977966999948,24.561624310974146,52.18781390326493,,0.5439050033705957,0
5935,113.36720942811493,19.228957477521583,51.72861411770308,-0.02279216519527381,0.5072425708716986,0
5936,107.2087336818878,25.712332998576596,47.581754057207725,2.721106800168039,0.527684349742646,0
5937,111.13517298524437,21.9017693547738,50.7193842086341,2.6794354858299654,0.5736395358236079,0
5938,97.09698029595415,25.5925814916119,51.69732190434445,-0.6110764845942285,0.544768217464214,0
5939,111.22282580177628,28.008082956880628,48.08699942065196,,0.5062938004599293,0
5940,116.15749455513874,20.053336000049157,48.840480246551955,-0.9285427510962081,0.5731668789136364,0
5941,98.39560822311341,29.170477114974243,48.39361540974589,-2.888797912560255,0.4402167287825335,1
5942,108.85700897451883,24.368257692749324,51.54524597193607,1.554284017645077,0.5388075079924185,0
5943,105.00554972343646,29.07513318208762,49.86143775934173,3.6320131750076463,0.8251515036411982,1
5944,97.27783075875878,20.492760986421338,49.358308211329806,-0.6651741564761595,0.6185228245961176,0
5945,107.46441985925935,25.25475197525085,47.436660166694026,-1.2251905909339076,0.2601985147215207,0
5946,109.16801602418674,22.84664540788326,49.865211493612414,-0.4092701945100098,0.4827145722836933,0
5947,101.99436723665576,27.290666293872157,48.8648232900305,,0.45139450453954094,0
5948,110.82958260127612,25.27090731855956,50.48667913052832,-1.7032951653103208,0.3887876617727296,0
5949,96.66618296605401,23.93418548349982,47.7140656027091,-0.6877176914761971,0.38399903491903553,0
5950,97.52621926775178,28.955824877172105,50.3558125190124,1.5223458809070278,0.4819752058177038,1
5951,105.68298697794376,22.525404770060163,49.12209845900236,0.19107095170090724,0.5996708715382703,0
5952,105.12692638986135,20.63976245877818,47.50140614852971,,0.47847279615299676,0
5953,101.41713255787947,25.297214242225103,47.345431924243705,0.5471517792922527,0.5366930456386149,0
5954,109.04797217985943,25.488341246073766,47.64595922395461,-1.633375903159378,0.2834174958715151,0
5955,107.65447157107975,23.269135458862504,49.587201885118915,,0.5837395329395287,0
5956,109.29069535467008,23.839320524272587,50.241990868727,0.37261809533172235,0.5216342902382646,0
5957,104.38431782323866,29.5146409715988,50.539647264754365,-1.6838839139416613,0.4903350227708929,1
5958,108.0129013398917,26.792228296761614,50.615105835456895,,0.4255865981517074,1
5959,102.77174848485002,19.327221017790926,48.4829534780416,-1.788300830048588,0.3852605427734195,1
5960,115.26909345043298,20.54556085044733,52.11680581619035,0.7737065817207236,0.54552241917754,0
5961,100.93727114939007,29.70691961322671,49.1155489479837,-0.5493600231338068,0.6232653407952866,0
5962,115.52648714729156,26.717586645522374,50.90029952011946,,0.4989404562420903,1
5963,105.17443973544704,28.980541513735837,49.671689133012364,,0.17783357703383318,1
5964,98.1224455521563,21.646337567864663,50.751242463406086,-3.6861004019307724,0.237008508452307,0
5965,111.84039675244301,26.90240232103911,49.57134386771017,-0.19605767820482278,0.36928836972261964,0
5966,105.6295069419748,26.568032502282136,50.78726975314913,,0.7203680737294293,1
5967,109.25562049190118,21.5362798252725,49.985222260239354,,0.48501977668867713,0
5968,111.11927959271297,24.609795905408465,51.62768114130138,-2.058139864699304,0.4798381151699781,0
5969,106.68977777072513,25.528981335243543,48.36262991357761,,0.38136841349812756,0
5970,102.03879577593592,23.77358172992958,46.460217328218846,1.7968528708852354,0.5907102477268187,0
5971,109.87856688834626,27.926144479896152,48.053285161131804,-1.2111551571628671,0.45583673747452585,1
5972,105.00377753727298,27.994428501575875,52.13783683047607,2.312692991484795,0.7636370781542084,1
5973,108.4292890930421,28.20720657961868,49.69088236022452,0.9811401732769254,0.5677097661065744,0
5974,94.2313471310427,27.641082829177954,50.18412459109312,-1.1543530716070274,0.5531993313976584,0
5975,107.23490858504925,23.857001726365738,47.89272677190723,1.7507052664674614,0.6920516501650908,0
5976,101.80707087427484,22.577259577788087,50.131107450300554,,0.4143785553636726,0
5977,113.26654818589265,27.976515404572446,47.954374711854605,-2.171005668667497,0.3840562648864189,1
5978,108.11543673944547,23.882417502675203,48.24843744989449,-1.3001180900166682,0.39721382891583884,0
5979,106.19928872924649,20.95645678353578,49.19503263435224,1.1531049773853286,0.6859729714471108,0
5980,107.4315499667511,24.088122387866598,50.89019451568429,1.7069504835020046,0.4912413225233003,0
5981,100.00779573561641,19.702197863030904,51.10369516128502,-0.5940408943018674,0.3979987824738092,0
5982,113.11628345264027,26.29955388718559,51.158089795875675,-2.8024669667087183,0.3322522481470762,1
5983,114.95685209208452,22.031055379486876,46.82383176991125,,0.26842728240026054,0
5984,106.96456755274109,21.12790558136945,49.98667099921948,-1.6014683577890452,0.36079710373964385,0
5985,112.95201784286819,29.478104954816942,49.60643633323453,-1.9409953188751858,0.5165568532809761,1
5986,102.15425900663733,27.32257194909969,46.93563516783709,0.3981455640968493,0.5850478430221863,0
5987,101.01443216887509,27.44483403268718,50.031967533444394,2.907173767086677,0.603284668869137,1
5988,105.20462374364462,25.4846636313502,49.499145565126476,,0.6399661342438383,0
5989,107.1747051918395,28.070073726123567,51.023051344235775,-1.6923462674861092,0.6235734934934865,1
5990,103.0300665937844,27.109949773960576,50.1624941524796,-1.041563648499833,0.4792330068612056,0
5991,107.68884095184242,25.185284449603397,48.90135893943349,-0.7489360189482107,0.6045891449959161,0
5992,106.53194741036707,29.53349282222061,51.85152490091396,0.583821250489629,0.6143499442041851,0
5993,100.00846612354472,20.299139396213075,45.55753299844975,2.3568821037780143,0.5884004083403358,0
5994,107.59396508725861,29.320556627937012,49.87146974314078,,0.48467476851259794,0
5995,109.31764121260761,22.81725794398638,46.473498136016126,2.308165936602283,0.6680365435275573,0
5996,105.85734658795195,24.34078780081784,48.17561345758776,3.1558664376333425,0.5832963475144558,0
5997,110.76324051630846,19.47287183453171,51.0496274060187,,0.2128321194939256,0
5998,98.91298103251523,24.48128926706149,47.45160503911839,,0.38841909713249795,0
5999,107.33975211065926,25.33448102229832,47.15256436259213,-0.5409290510866749,0.25713945260045923,0
6000,99.14859646801612,29.972418501702286,54.76388996683125,,0.42954140626246584,0
6001,99.42959320883456,29.70230893285832,47.281421897159674,,0.30239211311661784,0
6002,101.84534583131105,29.596767502491446,53.301041806175945,1.3262661920839587,0.6543241800117015,1
6003,100.28969908212878,22.180656721224686,49.65559567084148,-2.323246920589173,0.26557790389716995,0
6004,102.26002090629432,29.895197984940523,48.95034175712205,,0.5143141517481136,0
6005,103.92924844644406,23.46573781914133,51.13357278117641,0.4937620096083532,0.601348306797765,0
6006,109.18577243165691,28.222035105142808,52.673188151089,1.3051267607407675,0.6354072154060568,1
6007,103.39420480647149,20.595839628227665,47.707864115783345,3.2929275955211113,0.4778127613695985,0
6008,97.07187146615203,24.069998155879226,48.97950042054294,-1.9335378414464115,0.5155875474678987,0
6009,110.7003392324758,29.592145153531263,51.6937394693685,-0.9780636212808841,0.493130655541103,0
6010,100.81454933192481,29.364376763081133,50.575988624854,-3.3996098598410054,0.41044608112819314,1
6011,104.70639786447686,26.20481853385712,52.20383566128277,-1.6648035110292965,0.5997474513689037,1
6012,107.23268253470356,27.57377187063672,51.03022390886356,-2.6533879454010636,0.44676381644062013,1
6013,105.9980520920139,20.117120359228817,53.6164480182983,-0.781946092596493,0.3426374322752307,0
6014,110.47089773760737,26.65990259380989,50.3571771976673,-0.34254838896244677,0.5482009246367598,0
6015,107.3950157169638,25.416609700024466,50.44362229666192,0.7041813597563426,0.3848473786099203,0
6016,100.69345210151445,19.098620829014955,50.643442744031596,,0.4713084733422357,0
6017,115.89281086995831,19.357908079076115,49.715022296546884,0.704905620618231,0.48492240105289536,0
6018,105.97166731669117,19.301323413015144,51.69617431760185,,0.5095706165681975,0
6019,104.26329886689247,26.69228321795803,50.474082447726055,-1.549984808625275,0.2715465423899356,1
6020,109.81962711527785,19.70058249897087,51.57636001829029,-2.5294105587613167,0.23409156442511164,0
6021,106.24725472965036,23.612787253373646,51.88899970724832,,0.49884090849029317,0
6022,106.99614096469664,22.283781670533095,50.85690936312066,2.4697544775217604,0.6012354131376239,0
6023,117.46091999300343,24.606049689242614,51.00343264846839,3.803077517523024,0.6475743679880126,0
6024,103.62439285872476,26.477717846632835,47.979340424806935,1.4031820518519313,0.7152043523945177,1
6025,103.41119552991302,26.216670446655982,48.89929282436036,,0.6516778533415674,1
6026,105.58289256006232,24.18623899097252,51.686766905981465,,0.5742286237788583,0
6027,110.35757967790519,23.572018483324626,52.84726236363703,0.45301407838531726,0.48441946978306455,0
6028,97.467329849048,22.773787141467103,46.11913954898328,0.16650153568729203,0.36914189281631443,0
6029,95.17222054261748,28.342919379652553,48.86427370549717,-0.15871446603129633,0.49165219821433787,0
6030,102.06442364689926,21.97022165847174,50.0472412048293,0.9106148331437023,0.7262577382721797,0
6031,96.83038520470356,21.112389854009937,48.24145107583865,-0.7808956220470855,0.4833931816860611,0
6032,102.8758432623718,26.919785923863255,48.354960711636636,-0.22116367738078796,0.6002610588544832,0
6033,107.51249848064646,22.31716154036072,50.94983974758761,-1.766949424446583,0.5355916174826232,0
6034,100.54625568223868,28.16398319708722,53.162751938342865,0.7123900035973635,0.5915736260746695,0
6035,97.86586711609328,21.934664623645737,45.93635288735572,-1.438646311719752,0.4500950815874159,0
6036,105.34668580857674,26.423337894895056,49.65904770203661,0.05061748572031907,0.4037577262150488,0
6037,109.31271742307585,18.541308075424034,50.926560683580774,0.7507366404635707,0.5166921178687012,0
6038,96.52513280741694,22.626754561323843,51.56042794440048,0.87883714705472,0.5078523337339764,0
6039,109.10116199152992,22.118762099610617,50.638254686138076,1.1572628067231516,0.5908626960807724,0
6040,109.08653101869163,27.80014487131108,53.52280509987223,-0.31993728772208374,0.34259647486737727,0
6041,109.77042551078314,29.604664838739723,50.057813186651586,0.7290956690845314,0.4827257138890479,0
6042,111.09240107435843,23.530575320315535,52.62398558078419,-0.7299378946683062,0.5039046942782254,0
6043,116.01006962329808,27.898035325845097,48.70726465930806,-2.9563105695153347,0.28197298956429956,1
6044,103.21953975690472,26.39633641148838,50.1159658931777,0.7954639106123396,0.44821222015224693,0
6045,105.54785790038929,29.60863185196432,47.5745698484023,0.44773216029621277,0.4432451024667585,0
6046,102.91780783375987,27.733302172113895,51.801728881097986,1.5199852543487038,0.548758324807534,1
6047,105.00988422377905,18.929736791564768,49.759114274717646,-0.037933069307401944,0.26003418775805726,0
6048,112.66436677818156,26.559380668586833,50.71564212503979,-2.4047450485761175,0.3051468463050739,1
6049,98.27492758034666,24.425996585068482,49.373262737429854,-0.1374461765463338,0.5884030123403747,0
6050,100.69475163917213,18.197232695187925,51.17285700331803,1.3298708471095921,0.5988814003961334,0
6051,111.8859046825228,21.015755504705325,50.7948679477115,0.7140522131946407,0.577706468482734,0
6052,110.10018253451045,29.061062940322714,48.01069714005759,-0.22011685934225367,0.3062250404415007,0
6053,103.18434176591461,29.112736473441036,48.12646513483398,-2.4953388418697746,0.33381316010092366,1
6054,109.2720100056036,27.586205522407614,49.9444625393173,-1.539025432355884,0.4114608231260788,1
6055,106.70607921246017,29.781355239335873,51.319147914813314,0.715858292777052,0.5822290756201466,0
6056,112.50137304500494,27.678542695490457,53.725791106227696,-2.4977357281114188,0.48619876538397744,1
6057,105.37254796913386,18.122450247422943,50.60598171333146,-0.47736737213525304,0.5716042229732585,0
6058,110.1281605693629,21.454012083618142,52.01506280497708,0.05763326846463296,0.4443441667259388,0
6059,118.2100595524631,18.367490186853153,46.774298130471664,1.724905733760092,0.5299970662322003,0
6060,107.99049577523733,19.129295624850712,54.025911698867965,0.9217358266958121,0.6872883902409239,0
6061,105.24664082897422,20.626089803409315,51.211372422258385,1.4442168492359457,0.5362037842331029,0
6062,108.61223492610489,24.042702555906267,49.90079097768244,0.452779986048914,0.41437952919374044,0
6063,103.17359570898057,28.170384041544214,49.67060790508415,-1.2681164733172385,0.4158809905338337,1
6064,116.93983852762366,28.343601073885296,47.785600404282,-0.9204907018628201,0.5889114438354409,0
6065,105.9003551884799,25.39442230268756,48.35742640855966,,0.33956340937289375,0
6066,103.63533339887243,29.13811126879482,53.82087126426683,0.8861712628893081,0.501420577167096,0
6067,100.82155497489983,24.0007479190825,48.02199112342797,,0.3616047436665499,0
6068,110.4861009580322,28.66843252959842,47.98346448426731,-0.5910004695427248,0.5660894093954307,0
6069,109.33593706413869,23.448783075984146,48.59555902784884,0.033736857280272474,0.5304722492089803,0
6070,102.51322814292953,21.326700089062587,47.60363849407746,,0.7156864579296441,0
6071,107.88225672561211,28.99695501720513,50.03061314969102,0.9857008619148462,0.7057869312512748,0
6072,97.45722015893571,22.655220908146433,52.17782102533048,-1.1592801369016636,0.29082581525718953,0
6073,105.92485287536579,24.040849306133538,48.77901534745593,0.2277714858493397,0.4354734370565138,0
6074,107.26378176038347,21.946327590368128,47.253351440478355,2.476967640743757,0.5804961903578993,0
6075,113.53664904779612,25.95405120348876,50.58372262602931,0.922768992643412,0.5530222855945653,0
6076,101.14590598635655,29.940374700072425,49.88845132464037,,0.43072083381747645,1
6077,98.60823685598838,18.306162586377237,52.00544910016325,-1.3728591429566466,0.3822116800971006,0
6078,100.52286019537479,28.79817607208522,49.09098340139546,,0.3564106844501157,1
6079,98.3171574984254,18.047112683871184,49.47968644074665,2.1610947380399526,0.7037206801241794,0
6080,111.68328678879492,22.370734573754532,49.70093927091346,,0.6488308447222699,0
6081,112.74319647512019,20.023281675474173,50.178008221106964,-0.9375554666784225,0.4847104048010025,0
6082,106.60108288974415,27.088101368070618,49.21487664528482,,0.23693058716966456,0
6083,111.10647472842574,18.607330089086084,48.89071178390798,,0.6240195335465769,0
6084,105.66979190290118,24.641819443011933,46.299244630236316,0.11200356914019002,0.5239970925556083,0
6085,104.52444176149616,21.53911360614375,48.869225581759764,-1.443488893984496,0.4116276369051619,0
6086,103.3348119047312,19.604042986376427,51.4304465361635,-0.37369601234781463,0.39938193521509263,0
6087,103.44804504311217,27.26181854523169,51.70049103873777,,0.32768831615544103,1
6088,97.26099221845485,20.60900201106308,49.0577739528174,,0.506332643912533,0
6089,106.3212738180367,20.684102544659268,52.598971996363524,,0.16821772405173974,0
6090,104.79833044892978,21.300921421655076,49.94259185659929,,0.2853898632669585,0
6091,108.72680362038938,25.04120116593633,47.3243072563681,0.6525591817678953,0.372724169380077,1
6092,105.46761748219305,25.91599118028898,46.69523188709149,,0.4011875520408785,0
6093,104.18648149215454,18.21123028441614,52.436515845239455,-0.7514474372018098,0.3473515414357177,1
6094,100.64403484996184,20.902435633365485,49.25399254947785,0.09475929165392427,0.577731373493856,0
6095,105.36076618410881,23.171650110063396,47.57187095385484,1.0129512448002553,0.38421549305482017,0
6096,108.69118615408081,21.983723425934798,45.48144765712893,-0.3316231769233115,0.6028933360736283,1
6097,99.2833050445807,28.61004790213063,49.208567778249716,,0.7170993744569354,1
6098,105.4373687684037,27.452504770637027,50.809501717992724,-0.0006584829898639132,0.3933435038888057,0
6099,106.16521475764742,25.51068258646593,48.60461771190759,1.7861920623881136,0.5798828883440953,0
6100,101.40967608190869,22.056508991964478,47.893509679732254,,0.43545389970797416,0
6101,102.06071847545999,26.40806813815392,48.90124846278655,,0.7177006664013178,1
6102,106.15305424383108,28.123656154149533,52.486384038289714,1.5875452558862828,0.7593629451096651,1
6103,99.33289490853689,25.13796452830784,47.21403676464962,0.06520466320891985,0.621366634271128,0
6104,106.74961857624696,27.41353760272055,48.716597939154966,,0.478389491573324,0
6105,100.523228131704,26.989259536796972,52.42151547923518,,0.49190227232128303,0
6106,110.31426846516608,24.86084773392387,50.988352578847504,-0.4063497575326765,0.6319087445136552,0
6107,116.6891387269415,21.746198601858133,50.35825562755791,-1.955116242053378,0.4546712644711661,1
6108,100.6962159914909,26.94938589601526,48.7031077291675,-1.212392403700693,0.5403916528038252,1
6109,107.67103931187337,20.48155639629128,50.06100962900086,,0.7196957090624223,0
6110,101.3662904755899,27.353860157658403,48.924341863093396,-1.8060470569178693,0.41732347111648194,1
6111,110.20477086898894,27.654560305710397,48.2812277378585,,0.4438914930663761,0
6112,98.67370795457393,27.865738554844476,47.83988504939652,,0.37188070901971193,0
6113,107.40293379213857,23.674991651741493,51.568191192745,-0.09061394212885561,0.4188878328995291,0
6114,100.63505516555324,20.309769213245062,49.879187735567726,0.5755887295964406,0.4385989384592644,0
6115,103.96507705450816,19.196683200792826,50.62902748760539,-0.7036810621710945,0.4296813094969852,0
6116,99.84487362426347,26.92033500585509,50.30334637160281,,0.5433580297365947,0
6117,109.11175235447877,28.63513661435776,50.88183765561672,1.7135781617200876,0.5748854980228739,1
6118,100.81509822780207,25.810060306042878,49.49056242002822,1.8999485159722502,0.616583806430471,0
6119,107.75982129665914,19.729920724660435,49.03668509789085,-0.40126770095526015,0.5463601355235667,0
6120,103.27950985868833,29.21875738221089,48.369439341217756,0.9170151433544469,0.5042921896220445,0
6121,104.42763814100569,29.869224174471835,47.17206173318577,-1.719200433211783,0.48783964205699426,1
6122,105.73877953700064,23.200543319219065,47.75593365875417,,0.5596879850202259,0
6123,101.19087664170576,25.137903471285256,49.269164557799556,-1.7606000980358134,0.4534848516643124,0
6124,106.05183556770443,27.326742240019893,46.793921031129045,-0.0686170331394762,0.44211637461399256,0
6125,112.65167282177205,26.836677480600535,47.23542819172794,-1.2888289145399165,0.5302263430869649,1
6126,101.10952607083642,29.613446303201393,52.084279785270354,-2.281040338207192,0.4342127941120648,1
6127,110.85905071636923,19.378597092945466,50.448358969707584,-0.5790078338717258,0.5329320374314893,0
6128,112.49048816743893,24.96869839371367,49.09632654359296,,0.5238733662117382,0
6129,100.91922505485978,26.303177036077106,54.54314891780912,1.9907896554692133,0.670483751120263,1
6130,97.72472697454724,28.68118109025204,46.70350056257394,,0.615612875755727,0
6131,106.50980450085882,28.48931553261781,51.951222552923646,,0.5590489855000632,1
6132,102.26296238616564,29.73599752273548,49.77706783444117,-0.7381012350524577,0.4199520668613761,1
6133,114.34301609581502,24.144941447252148,51.57009404582563,-1.792406738925901,0.525272569976023,0
6134,105.17403770249916,27.96913040175872,50.217907434541615,1.7632859570338786,0.48958969069610464,1
6135,100.9890029598241,23.12738049752793,46.25550987550948,0.13305537466160766,0.6954937077635355,0
6136,99.26420244494145,23.067766534272387,50.19092093511766,2.8303639288684446,0.7717089345280971,0
6137,110.44952479545415,21.040180373674307,50.671111709279195,,0.4737722826945049,0
6138,102.14408012957907,27.81884744423076,45.61602940295117,-0.6673954493496492,0.5867575910029152,0
6139,105.21914399730214,29.829781269762186,53.8880965876038,1.5071862633286637,0.6415926459908234,1
6140,109.77901372556241,21.076100740167096,50.62241518834554,1.5176289757485675,0.4468782701957073,0
6141,102.57870824034585,18.67357905625287,51.34397548027299,0.23014557977197744,0.42987816313505617,0
6142,104.77035585629919,27.786509249028086,47.66894122084738,,0.7787198405172214,1
6143,104.9171579508874,25.442760630417073,51.38123504429124,,0.49491229865388775,0
6144,108.41662255758045,29.516385606612054,52.17900891912611,-1.9041948554535262,0.5356031165126758,1
6145,107.95372167755163,21.026870628923426,50.50713645627569,-1.503832560871073,0.4550141226891938,0
6146,103.89943134372585,18.85233189601537,49.98125688295847,-0.41210923403884014,0.3525227334412191,0
6147,105.31824530748258,23.90930713039802,48.212823750203164,2.278162508237476,0.559375360839251,0
6148,103.14110494238255,19.02559227558177,49.56758616443335,,0.5603305842658792,0
6149,97.61193796540277,21.14148001323249,48.97594097148144,2.349078147549207,0.4351923479447858,0
6150,106.28800428699064,19.51173432983002,51.14399127478537,,0.3914459942842149,0
6151,114.46095880416534,20.689586155920946,48.300248149765196,,0.5439872125807607,0
6152,100.58140429654469,19.2737358338567,51.129301443007115,,0.6217091747006301,0
6153,101.13485145198649,29.446871993127424,48.322028874540685,0.5688720099329058,0.5067687913232145,0
6154,100.6463611417813,21.342752561396825,49.475294891679965,1.1290659016591125,0.6025465586298463,0
6155,108.62295889361562,23.326771031910788,51.232088794025636,-0.8500627231286182,0.45797835889475474,0
6156,107.2424272709822,28.783341691610666,48.59240656002791,-0.8335703168212315,0.4442362753545464,0
6157,104.20731153791772,26.12785905553769,51.3010729779552,0.5243204792468918,0.4608373675910763,0
6158,100.40990469180518,25.41644976674129,51.105988315342735,2.911667213259034,0.729565923794345,0
6159,105.46188395819962,26.466758284330048,49.45809865324611,-2.31112983790047,0.25901671973073337,1
6160,97.17688936332098,27.94586708526458,52.32356640271158,,0.3244453701010108,1
6161,105.71713283428747,28.53203121422113,50.15556868395423,-0.3956157543429193,0.5948321460855267,1
6162,109.35762193043968,25.71167604798032,52.2045530531707,,0.5008889412897201,1
6163,98.7440043168316,28.680087296328693,53.586929849754355,0.07706412852027175,0.3482194714301132,0
6164,97.33740861585169,24.424770329105723,49.51739795659738,-1.7539947702225676,0.20061750581018672,0
6165,112.8971894584743,21.32749027522108,51.28990996805479,,0.5725594728601816,0
6166,101.94120180247708,28.56092050660613,48.72486414935425,-2.5994598193247382,0.4433885702127075,1
6167,110.6797392297191,24.497673928957045,47.934371180983604,,0.5127457575033685,0
6168,104.23001167401084,28.873651050806814,49.60908068522714,-0.46366202467963735,0.34971406317498105,0
6169,104.19022591529337,18.482013767406976,47.27479944050108,-0.12304874931814513,0.47923785860600276,0
6170,107.19206349748323,22.770189018494825,48.12478444070538,0.6407782057667135,0.6498483571244353,0
6171,100.58000571626779,29.37366022034962,51.18286519864213,,0.38849697717397225,0
6172,105.66248571747823,20.99580111309963,48.972701969102324,-0.8118893605966668,0.5652229739374022,0
6173,103.09255292587953,29.29843495246191,51.42102817424372,1.5504192564697061,0.40799806216153445,1
6174,98.39753278297485,29.446829533551,50.59882387603498,1.1953988469585801,0.4460715763441143,0
6175,106.68741037363199,28.585707770710332,53.70230812403823,-2.661426288336397,0.3778563865582323,1
6176,103.68346096561042,24.764016541119585,51.04867457115209,-0.34536400720889787,0.5774970530110656,0
6177,104.21487585777646,25.76327338896766,52.22843614055863,,0.5661427607780906,0
6178,98.94919528292921,28.43540398139843,50.80376932625509,-1.9020871487931337,0.5040712944416927,1
6179,112.95700183881402,27.310764988670215,50.622787002156144,0.8027004352674286,0.6953615131988581,0
6180,109.38357093193058,25.56112619346494,52.32946608422663,-0.6288919209978606,0.48676145274306737,1
6181,109.82077942085989,29.787112894448434,51.33759493173053,-0.21415747341961514,0.42713333296361705,0
6182,103.47277648779159,26.22811963600433,50.420127225914854,-1.0045274006655904,0.5681822668791187,0
6183,96.3540855524829,29.70578390937313,50.411309331859435,0.5552631792297416,0.6641135609312412,0
6184,114.76458691244756,18.688661695285088,51.076458623660834,1.0175203279785472,0.6439583223746863,0
6185,104.69451245997065,19.667524448906548,48.65725296108023,3.2553822944644875,0.7240251831006345,1
6186,101.25600101989973,23.417506152005885,48.5724010677226,,0.625624095847159,0
6187,107.08400787241557,22.61855353061178,52.850811864745864,,0.4255658049044812,0
6188,110.83560394001648,27.392818096284334,53.72882732772,,0.4601548516367156,0
6189,104.88474721957267,19.927368317630446,48.14223508317967,1.2705898820724848,0.6360816407035066,0
6190,111.39287583969687,29.713142149337862,48.66201113512059,,0.48980957788038376,0
6191,110.41499969258435,21.78079050313097,52.28504563900829,-2.223191399182471,0.4773695422076839,0
6192,99.61809406298971,23.147084492881913,51.06703998628479,-1.1277265294321053,0.4304200404510776,0
6193,101.63104947170262,21.296940389280273,51.352856210641846,-0.8000488766239715,0.5509225875852917,0
6194,109.78768581639883,24.95236340791857,51.79320258970611,-1.6240043219469846,0.504561430450277,0
6195,91.43693718094781,18.703544405071007,49.518535676511846,0.32621477117465636,0.5376456661598724,0
6196,104.25272153417505,19.796130066845386,50.659939849980375,,0.41904319780492416,0
6197,97.84584399187663,26.949572441024692,50.504384301396186,,0.6832903249205042,0
6198,102.61723099283238,20.238007000857646,48.28301679950908,-0.6687897523883839,0.34559476627973795,0
6199,103.50589955485398,20.826173418679954,50.63018188643141,0.8370971528527527,0.44608428036423314,0
6200,103.20877811046246,27.515786828698054,52.47542139229934,-0.7384061910354988,0.47988197521096376,0
6201,102.23869373943695,19.119614140287045,49.33173352231328,-1.694418542713104,0.16448912279377753,0
6202,99.51428175185593,23.24968587325009,50.30513849748187,-0.8145287028688992,0.6135694982739048,0
6203,116.45955633409343,18.276760643966725,50.413417832021715,-2.427400783575446,0.3800991847665035,0
6204,114.33731002080675,22.161688791814846,49.43067089912946,,0.7880644972613811,0
6205,99.18967089871859,26.387776831329056,51.35380247538872,0.2137496216790033,0.6910908410399234,0
6206,112.91058375651784,19.08123935660674,48.639868737490026,,0.42486134908554485,0
6207,103.00267254763574,28.660015521345123,52.66529103739187,-0.5664662434230905,0.6065517932438937,0
6208,105.64593736665856,28.913988515288594,51.252411123264494,,0.21020405853797006,1
6209,104.68363020051542,19.25988450150162,48.12646279865421,2.1515298376077263,0.6509062041017594,0
6210,101.70125679373017,29.888789236509318,53.3960193697725,,0.5529021383422255,1
6211,109.91926171803074,21.57035464074587,50.33620292252319,0.16131285624014477,0.5777142329917021,0
6212,105.6294326528833,19.009220053579273,48.554104965529895,0.47919344409510967,0.6122170229122672,0
6213,102.6172428839038,18.06080537396715,52.20910904998238,-1.9015151653884903,0.38893345160581083,0
6214,98.47705278099764,22.902274749166352,50.98934303889605,,0.46485939176744084,0
6215,100.5320249314044,25.557719828473413,46.45608059153192,-2.545944223781598,0.4671734191001403,0
6216,96.79309942198951,21.986150998839758,48.94867936551229,,0.5067019070952756,0
6217,105.06111774207585,28.04060838569547,50.55819467444309,,0.8334816872196398,1
6218,99.01667203857802,26.5992753067806,45.68086664471468,-0.5748219430535179,0.4575450404366699,0
6219,103.67219743740729,22.201938383616394,50.170140170774786,,0.6916628150903545,0
6220,111.85050926805185,26.811715999303257,50.31595874541052,1.468250842340349,0.6879516687835705,1
6221,110.99649786460793,29.285852843630998,47.633016235248355,-2.4361510169670573,0.19220290465050233,1
6222,104.83861552948692,19.117151982516205,50.541289772519924,2.768348138068914,0.7877147476963547,0
6223,104.56457636928425,21.6732475218914,50.01492767825007,1.7359805811469011,0.6941935283552199,0
6224,114.39937274710505,23.55991126940032,47.61741178822997,0.7708390766406392,0.5499565457093599,0
6225,107.60378060179356,23.975881533057223,51.83912109372565,1.386141795804109,0.6061944387309548,0
6226,103.36096770061738,24.506347738632883,51.67570758953561,1.4566144549126046,0.6221098155843536,0
6227,97.86990941439774,21.607522878463783,49.420525826295275,0.4389598298847184,0.6594788558346173,0
6228,106.96936609082371,26.00711575178819,49.60283735321635,2.1424169293388537,0.5658131930477681,1
6229,109.14661886291431,25.741014042357957,51.45252787519069,-0.6789905229261806,0.6246507159549892,0
6230,101.84174237743179,24.933858075259366,49.598673713776385,0.6927168077930975,0.4262299667390326,0
6231,106.45601377569017,19.36514066053052,46.13818359895969,1.9824642018750898,0.42310986327708233,0
6232,103.18213352542486,23.723614693151333,50.97387311479986,-4.036799634088816,0.35750860047218946,0
6233,104.07983800400498,22.27472264987251,48.37348135852298,,0.6587498700756669,0
6234,92.56088971218834,23.89246163805747,49.220313891164814,1.086907467665032,0.5363870353082704,0
6235,103.89109298141932,29.062397226180313,52.91574113590295,-2.562662048826664,0.14544503365041403,1
6236,109.84684651204027,23.766376117900897,49.7320430519824,,0.37204247549931824,0
6237,101.84298722216721,18.167769502074144,50.00346987174775,-1.1905589705394581,0.484100435299533,0
6238,105.26263184107658,23.26604085700957,51.0193345509272,,0.5287549759010649,0
6239,101.2202464665404,27.847778160592586,51.01066788774806,-0.14249894461612636,0.6213030978674949,1
6240,106.80220838146387,27.360731078618016,48.16160446524443,,0.43631782694485194,1
6241,103.91738401231913,24.16068088233817,49.87940296893125,1.6644954954021765,0.5091659455426797,0
6242,100.30379229658996,20.997228154311784,50.07230505585166,-0.6275475359842579,0.49953073561225764,0
6243,111.66275733832563,23.58106395497454,50.54405379325765,0.4049456910323742,0.6218084904776934,0
6244,109.64466006766108,24.7644266330183,50.57844388183324,1.9710714352261474,0.7336770148154962,0
6245,101.97546618035912,29.998457259289605,55.174882457554915,-1.375041741574772,0.42014697709534915,1
6246,107.48894154708888,25.730137082032527,47.64828045882551,0.012073871959241013,0.5073461131612461,0
6247,107.6870600141019,26.33117916075136,51.960183240395914,,0.5407776572869185,0
6248,108.21150617505587,23.897449722816624,52.36675161166612,-0.40826946680658605,0.4047256932410897,0
6249,96.5287205200246,22.25387460939036,50.98556794784705,3.234127811859686,0.7353837314431495,0
6250,110.03303270516314,27.755435803766474,48.69936921025385,,0.5110541231722197,0
6251,102.15150518537135,23.939187892070834,53.329336060535255,0.4703890149333092,0.5159618803140414,0
6252,103.21086033279367,29.9362815595743,45.616034270519606,,0.5395741905706908,0
6253,118.189408761301,23.48544689121653,48.633466605564344,0.6453894413736991,0.5452284613713836,0
6254,106.50936690360506,18.816003403770928,52.34336439444562,,0.554442372586198,0
6255,103.06838762276412,26.190937645080993,49.25977679315496,3.445141230783311,0.6253588939800913,1
6256,93.97352813622047,18.55969741110973,53.19292904960037,-2.1965542877079667,0.3484228891507709,0
6257,111.94882066973177,21.00601916261644,46.9763905106432,2.5988913990394225,0.7746183289667575,0
6258,98.27395164595698,22.24485903335884,47.775796212103984,,0.5908202369061456,0
6259,99.98280548250249,26.87380302745593,48.93672365974605,0.2711685272017075,0.5903139973666753,0
6260,103.34323850456076,23.930831116891355,50.83479855507306,-0.45822746411496257,0.3740635756360909,0
6261,112.08205895850146,18.343751175723078,49.555959699239956,3.9077408266399467,0.7200304592134174,0
6262,108.8661999333288,25.402198215311067,49.019201494875155,0.9067343402616393,0.626374291676197,0
6263,104.2108124507987,22.937234849119946,52.84079286219705,0.026532097377598915,0.4338896419119171,0
6264,106.54146031819411,29.062014119605287,53.026889950778305,,0.5227045833056633,0
6265,101.99807153564447,23.994747733682825,49.17124046858489,,0.43042412786498807,0
6266,105.69826844782675,26.507701751272066,46.580464385340676,0.07591627075832161,0.43925373438484133,0
6267,105.36668372389069,20.626421907954562,45.68503234162524,-1.395904547491865,0.5315239169158055,0
6268,109.84384947840677,27.13168277437984,50.47858022956071,1.019476571917119,0.6647651413445054,0
6269,109.83589061219475,26.651463725804067,51.311911244437596,-0.9684635508545059,0.464449711348344,0
6270,107.46988691102823,28.8489805024957,50.12599557115709,,0.6204421031103252,1
6271,103.18826221226949,18.40585970063039,49.858183785838484,1.47388107196693,0.7061529612485558,0
6272,108.70911147195064,23.370008371409412,48.390914770611836,-0.0831535186862883,0.4562936182258739,0
6273,104.54015766898476,26.14986483287556,51.30995958782768,,0.5783808239744567,0
6274,99.59042815643434,19.14196680096258,53.35637075779782,,0.5086429478947707,0
6275,102.98356104044531,22.92724880578695,45.56624464532889,-2.1934974137172008,0.2884793294232185,0
6276,105.42263491892162,29.305759236794344,49.84499762242457,2.5975394829804364,0.5904121939206222,1
6277,109.55107891832373,23.23121389069354,48.0593033011728,-0.38361557143073166,0.3683248658750158,0
6278,104.08235913921423,29.824857401767577,47.019068011892294,,0.5947236123753646,0
6279,98.95400644380197,18.682068732957834,47.740048258431166,1.085435266579236,0.47705373882271573,0
6280,105.2837084164841,26.613957313690698,50.75934571136881,-3.7343056373031125,0.1735793448355778,1
6281,105.56728020028277,24.972194834979234,50.809924395182335,-0.9853937921242042,0.5250009949663543,0
6282,105.92918814451376,24.006476125585507,52.9205755223496,1.260553230639084,0.6307949485412984,0
6283,109.59935757977215,29.650168817820113,50.01756309429092,0.09337868915280456,0.4716424345078499,0
6284,110.0946162004495,19.555804805893544,46.483556740260845,1.0334540045071048,0.6219928713593927,0
6285,102.02894563809167,28.751987420170963,49.52366091524806,,0.42631789807715165,0
6286,101.91928270975528,26.294884933639324,47.22724185556843,,0.5549719908431214,1
6287,99.79900644522263,21.107952879595594,47.58640822715599,0.171050832666616,0.5492855560471298,0
6288,108.49407835140238,28.82002974758752,51.16111811681299,,0.7101868643972065,1
6289,112.24410054168858,23.151539014332158,50.38836181118884,-1.4700428658180669,0.38825392098812317,0
6290,103.42459036045538,27.770727936876852,51.17513119087066,-0.19146010421841686,0.43083601789562226,0
6291,103.79284717637503,22.6660382045688,49.28501430545654,,0.5537457362185683,0
6292,112.33391278449488,28.211169929198892,51.58105912685071,0.5829540960933979,0.5904163465861035,0
6293,107.52778926607503,25.639549421340583,49.173194203419776,-0.4180019173238648,0.4939722541494861,0
6294,107.18117852400528,19.692559603004725,52.23336566548449,-0.3442712806404551,0.6008983207903067,0
6295,99.04541747013137,25.79595796163433,50.68927787894309,,0.6418430742040382,0
6296,108.39364034639709,20.29613715242247,49.58600625903077,,0.5020365140831895,0
6297,100.35431829745121,22.943071534729953,50.424186088352194,-0.015415595875016036,0.4402420435196828,0
6298,99.32989907032521,20.043547011024405,49.964278598050164,-3.0320177267747592,0.3981300243150146,0
6299,103.26614211616644,18.264193388005424,53.192213030625844,,0.24537432214238172,0
6300,102.07103638275655,20.54263847339949,50.490875245157575,0.08871891346122401,0.6286522222909909,0
6301,103.8920015280748,24.436464284689507,49.996774655210984,-4.153764847850312,0.2221468142245426,0
6302,97.7950918273754,23.77873161332815,49.5230182858984,-0.28971341521210686,0.4662002866490505,0
6303,109.79408153233837,24.017965146432765,51.68636843849002,-0.565745641786821,0.38794507473632023,0
6304,110.63843147258214,20.972242541359215,51.41582667810701,,0.558870166816652,1
6305,95.26328762929593,26.221934407370235,49.452316739374744,,0.47134405036460747,0
6306,109.89228902833275,26.451159441844148,47.688716970754385,2.3542721539379494,0.6919782031202615,1
6307,100.94735685089186,22.295613906715985,48.19606372324329,,0.5755764342883821,0
6308,109.28487768491394,28.574041061690092,49.63167492091561,,0.3912046523954394,1
6309,104.65776753666792,25.728278599626574,52.697855012238165,-0.42651953621151373,0.4212860143499858,0
6310,105.143877820405,26.55647130310358,49.49964674150617,2.2907777162758127,0.585904154871119,1
6311,104.07451175289391,21.328079015267274,48.81175278006887,-1.046447858099301,0.30838630899637437,0
6312,111.06064602116743,18.007339621867043,46.47856137350271,-0.07933848753811683,0.6354031664250251,0
6313,98.80205993737486,28.384507345225316,53.02708287120459,2.106191363782165,0.5958793859430654,1
6314,108.03920169367504,27.8690926149577,51.13805629196292,-0.8108934240941672,0.6235249719556386,1
6315,110.50665082444775,19.47830265651396,51.59201994001172,1.684469910124338,0.5721205907584767,0
6316,108.58170040270205,22.489261619475677,51.92337610385875,,0.2415375979469432,0
6317,116.62349457161709,25.936071700662993,49.670539542482075,-4.331420775219179,0.23838956899829378,0
6318,102.35526618637651,25.825330286624737,50.16918126749507,1.8427939746609403,0.5918790756324649,0
6319,109.78652411296765,28.324204017702677,52.97720388390399,,0.5394401641763703,0
6320,104.4695468232929,19.68321793962514,50.359161778638274,0.7568464130016983,0.6055260433263832,0
6321,111.16703038176335,23.159276973421427,51.17505058012799,-1.6394441869579115,0.4354158390977115,0
6322,104.96155502139315,19.166693015117097,51.741101434401024,-1.520028924745295,0.3902989274174874,0
6323,103.06062109068765,22.675142981263537,51.28586266484529,,0.49478376874500674,0
6324,111.53036101935814,18.181289347052452,49.743661659467016,0.36481096110639444,0.47760371212911645,0
6325,102.54219030490535,28.779276781321524,49.93223231437216,-0.17618408600663954,0.5516433800605415,0
6326,97.93637120549722,24.324527961944174,51.55528087595189,,0.6024107705687352,0
6327,102.41576558413085,28.197627129628245,51.552005719869456,2.262758295018451,0.5457522133635377,1
6328,108.09516473294266,18.718856412040367,52.33646519803892,,0.6549762626502192,0
6329,111.96019375793546,20.729497325675048,51.10219396661968,,0.5213080175783914,1
6330,105.55564687648256,21.112559942654165,51.19321122718411,-2.105231791680078,0.30602999029481043,0
6331,111.59098533617012,22.64029793566546,49.107533266431105,0.8820806427416776,0.5687745371927423,0
6332,98.20912539261204,27.634396468770554,48.837700977856194,-1.385952015951343,0.4676791055017136,1
6333,102.78368267591048,22.63869448477791,51.56126134870299,-1.7735654064281485,0.30487744955727636,0
6334,103.55712441422949,20.455842355755923,48.85162986396725,1.9736237803111014,0.46281742627648664,0
6335,104.4272028626374,18.779883124065222,49.958597993766276,,0.6128123355472446,0
6336,105.42047194125098,18.95390098023225,52.75804648194258,,0.4834988457065382,0
6337,108.45455478696097,27.12056647153173,52.441140584690174,-1.8575955914058742,0.5583303914830701,1
6338,102.77596580914755,23.337635892439597,50.603577661594365,2.6838990911506233,0.8063015823910635,0
6339,105.69514343476563,26.714173464000183,49.40772084033258,1.5433024720737742,0.6243640525138419,1
6340,104.77438554837974,26.187445461164373,49.75324217931299,-0.4556784015935913,0.5723900905974323,0
6341,100.37055048054425,19.624349541123095,51.73532028211123,-0.7729200872412985,0.3589686509816015,0
6342,104.43166655459282,19.714655210307207,49.92700144510767,,0.37269706199231056,0
6343,104.28170235051441,27.064104185209608,48.883435213979475,-0.7176279998079766,0.44997716880367133,0
6344,104.17459717498477,26.655219521825007,52.43154951281595,,0.5372329879329812,1
6345,105.15879728290726,22.536369202491723,50.36320027825856,-0.5782925620572973,0.5018491427734121,0
6346,105.37836770306693,18.92906715999408,48.84548835801651,,0.34154114756994036,0
6347,102.83852410446335,18.145176260381426,50.95788037786526,,0.6381767700746395,0
6348,111.36357366985632,21.45788339354094,51.94243682638502,-0.8535927499306597,0.44001017068823384,0
6349,99.15259685398492,18.110667283046723,47.98465387042448,1.1796451621750932,0.6227174953281179,0
6350,101.39514945765052,20.76087145324444,49.59909217329413,,0.583287948495998,0
6351,118.89981812111778,23.034008882536064,49.50663326482317,-0.0878430758175813,0.45521553209897925,0
6352,99.81004322505385,19.45698918374345,50.904574331566955,-1.4594951467840442,0.2901866761509475,0
6353,98.2312266264512,19.251333093978555,51.264016645719714,-0.07227439046758571,0.5126373392625323,0
6354,108.67238372500609,28.75724922862484,48.897052177441026,-1.7547916594983284,0.23801276293839407,1
6355,94.61440073113063,25.02564034827467,47.01449764818795,-0.03557664380535497,0.6228318588933197,0
6356,103.8236304501378,29.21346824115338,52.0635975091988,1.159172199689487,0.6108520180148913,0
6357,115.72912462538244,22.14991396542815,47.76010945884558,,0.7131109621930973,0
6358,97.275320389233,26.12573924794996,50.542368410087754,-1.6317736739164328,0.3214629129732086,1
6359,95.09017757130644,20.456300095461486,49.73603820253864,-0.37568790599389157,0.5168237151979583,0
6360,97.50409399021152,25.420083807359294,50.32488781040815,-0.787216626337921,0.3939788881048156,0
6361,109.49179784173492,19.555028760119814,53.30246794341372,,0.5354374246313178,0
6362,110.62388359992906,18.02496767011543,56.07656322724365,-2.2827125644662303,0.2860207588015536,0
6363,102.43705601510746,29.178381616914947,46.73312517720278,,0.4220061131509203,1
6364,108.41606202000534,24.65873251410251,51.96781231066585,-2.5380248371029532,0.23524570811353301,1
6365,111.95127663755994,29.123287953384473,49.68750445464471,-2.157456810997656,0.3761241004160216,1
6366,113.93673207214913,22.005978284424863,52.0957090274251,-0.9906566908681282,0.2860289921545629,0
6367,103.76832359410076,21.933432829941083,51.91452615235833,,0.8000275668550032,0
6368,93.49264141165007,22.80786002127638,52.819489614396325,0.5214007153989497,0.5421105344768424,0
6369,100.89560538795156,26.47249180749802,50.56992983032539,0.09749381039970957,0.5054427121339503,0
6370,102.86597902532371,24.789703610234092,48.22084703008995,,0.6686221558470627,0
6371,103.70530601710804,29.104258885189417,51.85529897741924,,0.39883915901653216,0
6372,104.0607029949564,18.305290813589274,50.235995152288126,,0.45774311166477766,0
6373,110.59447298965334,26.498351255670435,49.532313569731734,-0.7095366977697017,0.5176291466062719,0
6374,111.3721421334379,21.96393227239865,49.04755223859008,-0.9559925334136228,0.4683458398199788,0
6375,104.14163173037608,20.162803821821534,52.01267113821026,-1.9666904245971286,0.32970047073266984,0
6376,110.4924243802591,24.12474747024119,53.206738984014756,,0.5197228535280224,0
6377,106.78830683315545,24.060765410159952,47.60929488260073,,0.5092338726602976,0
6378,105.32252986431286,19.64413234426114,51.24390448495786,0.5170784212753807,0.5764096483336811,0
6379,109.53272078554981,20.42275267359468,49.25522562915471,-0.05513762256705533,0.5362169668966453,0
6380,105.36126024118958,22.897975978818657,47.06545520361577,-0.5476041988015332,0.4044794900748733,0
6381,115.2890558854888,22.905736948707784,50.295411641526016,-1.367515127845124,0.4240394799256071,0
6382,97.8079441660272,21.810697675436217,48.33372443962088,0.5986902119328157,0.3442288915356795,0
6383,102.42414550453991,19.78254181811977,46.844493544399604,-0.7466491305507613,0.41158432310539567,0
6384,104.36740551523025,18.052484149211754,48.43651905555093,,0.5020004083689062,0
6385,107.19726345228996,29.64282074913625,47.94445216417229,-2.8699081643903046,0.4191799351125447,1
6386,111.33980243551545,29.32199075644712,48.70662629387322,0.5046317444548414,0.5764466775257996,0
6387,104.87800716381922,23.80380455011362,47.348231846092624,,0.48080983761336327,0
6388,97.88885175246897,29.94062103930007,49.20971978274757,0.929296289045622,0.46904422056888917,0
6389,109.21256948227503,26.08385196938692,48.573501743832054,-0.29508063802604206,0.6159433979824982,0
6390,108.77479383070983,18.826290451290497,50.751227754291314,1.3729774731365656,0.5392580337092349,0
6391,95.29070670310297,19.41261838899153,51.18707797279663,-1.9094383244337712,0.415953075693512,0
6392,104.980979331646,28.99333012643565,50.52029715355688,,0.5718344091119716,0
6393,97.04929084659851,25.56062642579554,49.52911108425298,,0.47754514810904947,0
6394,101.67674451248969,28.118203519888212,49.47514480861537,1.5545995335616305,0.5625639844612293,1
6395,100.485955365186,28.77923579560613,48.32585002517727,-3.030739755786822,0.3169298239663697,1
6396,109.04632349120993,23.37530413538863,48.374010681180124,,0.36973297120727966,0
6397,105.58415087086092,18.582311418920316,51.407207736157474,,0.645334063364423,0
6398,98.57204499621986,20.259364186767865,46.48059480269907,,0.13546117471091318,0
6399,109.40032981478672,18.79886336762922,49.83855012337411,,0.524970151269732,0
6400,97.83097088035792,20.26487814838209,49.3529418768776,-1.0504907445407135,0.5015005510586629,0
6401,106.65056895235472,22.92639511747052,51.19826420274978,0.3820539054691498,0.5614705942099781,0
6402,100.92994665354222,19.418361726179825,47.1499760331553,2.1206736057890305,0.7471401467220173,0
6403,103.1716145873474,20.000798973664118,50.024961410971876,0.4398103066182455,0.6057322662317974,0
6404,107.52135374019193,23.34986138486015,50.68596868271821,2.1518000651415266,0.6484157738587019,0
6405,107.60724699529764,22.082051404661875,46.19053756275201,-0.7385237711802024,0.46594010564304306,0
6406,111.6848453677798,23.611897490256492,47.851344054276524,,0.4273334605791552,0
6407,104.58873150164274,23.150064333108745,49.81642030637442,1.180263373271588,0.6093399940114282,0
6408,106.5322543148167,25.7337363117586,51.02829381526861,-0.6591456904234974,0.49939166856226924,0
6409,102.81131338797837,29.246274586510253,50.3649986222254,0.896019571557004,0.5073727752150521,0
6410,105.90994941311399,19.29437206133091,51.120908505899614,1.7757063248665248,0.5020761480159488,0
6411,107.19743024004256,19.191121791710337,47.841254974718694,,0.559815452529128,0
6412,104.50845076272812,28.233673333090824,46.822499300543946,,0.49718232893421643,1
6413,95.98124757953752,24.076760455829508,50.16901161151358,-0.5120711655742828,0.4854171796944156,0
6414,106.65735448165448,27.196860282821305,47.54129352357177,0.4227487260822326,0.5239771871670484,0
6415,106.82280738677728,20.58506284328738,48.269355347904394,-0.365840309444088,0.5240246832176965,1
6416,101.59913261826024,27.94635087801062,51.864556709652746,,0.5540845079021169,0
6417,98.57806481963743,29.08615949031235,50.378199113533704,,0.547021032038338,0
6418,112.37939575251983,25.625796186557857,48.86371018948917,-0.7898521810763545,0.4562993578110611,0
6419,107.45722755447201,19.270548257685626,48.603936990718076,-0.29015832068379577,0.43467387963926934,0
6420,103.85459484539145,28.743537769876067,51.24184311377833,-1.7715520920102827,0.5119080678205886,1
6421,99.31483558426257,27.509852728440855,50.42394187129997,-0.7167626803609823,0.4214656997361018,0
6422,100.89092585789327,27.010533318173877,47.57088671535462,-2.290017904148723,0.5427319635787207,1
6423,111.51295198393116,18.440738266870987,46.10435253379811,0.17474504353903658,0.5241731127755356,0
6424,105.68830970434023,27.587550303083653,53.7636036652803,-0.28983330653782463,0.49077745718197324,0
6425,102.24706466499647,19.655412125620284,47.55504154936489,-1.3736928180729437,0.5073132010803092,0
6426,107.54844615612328,20.66863411436266,51.05539300660025,2.67788971324327,0.5685758703204612,0
6427,100.92800906276838,24.92561801843109,53.02138586467635,-0.3681172245702613,0.5389808628700702,0
6428,112.5042151514019,21.179769275002595,50.29519513766631,0.42982941611943015,0.5330172963260524,0
6429,111.76400267448362,25.936178475743034,48.79912664706559,-0.9579497472681936,0.4931906468650479,0
6430,102.66712964398612,25.29684537238898,47.147901916608575,-0.6215220311059502,0.40056444805689406,0
6431,101.8566487648457,19.297795176159152,47.11997892735994,0.4866202062728039,0.4550339690108746,0
6432,91.9093340065386,25.872174955098075,50.75338969735277,-0.49837657471033153,0.2918294126001669,0
6433,97.59209614224316,29.08745891789916,52.90195264589997,0.004955035332401911,0.4545224075730434,0
6434,98.30265112521121,19.933318862229996,49.209081806590945,1.2102369230301968,0.5095412077331865,0
6435,105.67595170493694,25.164744251314648,48.888559075701274,-0.7770392692782786,0.39441100307550603,0
6436,103.36883147779321,22.102384463240327,51.394962181622375,,0.38854173982580065,0
6437,98.2733225629238,23.515340061283247,48.62810549219051,,0.39195671543549054,0
6438,103.59417978767722,21.44400214894764,50.54896581525684,,0.6578570546520804,0
6439,107.52668573823674,22.249567636172344,50.08360290017102,,0.6264149311673562,0
6440,107.63919674957793,18.34694187919869,49.18106388284389,,0.6142328260768328,0
6441,95.50164859570559,29.778620855006647,49.968923682526956,,0.5365259940994032,0
6442,104.35868259758085,25.49759906487298,53.52630422929996,,0.4275502987517644,0
6443,98.08329611514195,24.008467085926625,51.20906588820191,-0.42345242024422136,0.48435006729916796,0
6444,109.50864348570137,22.60458419400392,52.18500160851195,-0.14003155692906832,0.5859087830487416,0
6445,108.9207320817675,24.47249470588833,48.16261127815988,-1.6973275001209185,0.484462209974628,0
6446,100.5098638683777,22.56127198458965,52.19187229521515,-2.2044844695729298,0.2415791922639092,0
6447,101.169773987998,22.31889512992408,51.27804095093797,-2.5954689096058985,0.35294775397568,0
6448,102.69366474750846,23.567358500664156,47.00080780688126,0.9860897813157663,0.36896444391475125,0
6449,93.7360330263433,21.31179640405429,51.0795814667422,,0.2273022277163836,0
6450,106.67984086720288,20.160598799601424,48.973451726410644,0.4641154810739073,0.4723182545116702,0
6451,103.63577726829935,24.67927077816352,46.90839264734877,-0.5966997801108724,0.45736571906726325,0
6452,109.8508754128393,28.113185233803613,50.25955146465524,0.8844568631642045,0.5018050879224933,1
6453,99.50795391018724,19.833938132710706,51.07808518212522,,0.3475778503414612,0
6454,101.90438525875034,18.392812087250626,50.30321613728913,,0.5601142814224551,0
6455,97.46737370980442,20.961740941848433,49.78172283030849,0.19568013781382587,0.439089735308015,0
6456,99.97854718252873,29.75664772144573,49.33882932308334,-0.16550416256506914,0.540662411548862,0
6457,99.0900900196589,27.945096884920073,54.93317601868311,-0.9230207259496075,0.385905190316582,0
6458,109.97986839423223,25.150392642343157,47.63486122294271,1.4701241781867944,0.5237429734584245,0
6459,101.50869075624304,29.15098698291763,51.74584396471441,-0.6346106298629975,0.511637882432066,0
6460,105.62087842372307,23.343349402046936,50.03084594177797,-0.1302752193772198,0.4585715225973533,0
6461,103.09618298069098,29.799367230902085,48.29106698746594,-2.1226876494862594,0.41091637556187677,1
6462,98.65267366993594,21.55562454143141,49.90320189874284,0.4110669057672193,0.548285583025007,0
6463,104.15849788414178,20.883668994191268,47.21413472482276,-0.9158723957181917,0.31149338945924177,0
6464,107.99551665931797,25.65657841376413,48.809019186386294,,0.512015223615833,0
6465,98.96120303728324,22.537847615404324,49.90613134832879,,0.34327150686462976,0
6466,109.0455639536569,25.516386503715093,46.89776588280174,-0.18599467183252286,0.3795939586104684,0
6467,100.75139539261151,21.65994621963223,51.012765076976116,-3.00970892255549,0.2768543384619572,0
6468,102.58508036963579,25.415019082055892,48.072477918176936,1.0235355193698892,0.6326255753274437,0
6469,107.65341561505024,21.308955127020436,47.096558083972894,-0.05799716201884234,0.337063172452713,0
6470,101.68281921390256,18.61166482582668,47.83916452834326,-0.7009284018033107,0.5300533640539462,0
6471,105.18787429667933,28.9456308230782,54.351908323670976,-2.3223459986863766,0.41783799652275655,1
6472,103.42654585605953,28.598462422481546,46.04387171626232,0.6496000297199555,0.539913375800239,0
6473,105.6468400335191,29.649577791272065,50.87224617753958,,0.4770930827823693,0
6474,93.09630447238251,26.598326114656857,48.49672745796143,1.9591303053724716,0.5689461714245125,1
6475,95.85159092395959,26.192654132823634,49.29974365696488,0.7294784434946733,0.6047026570726849,0
6476,108.0798350302342,24.708036840897968,51.20786185736067,,0.5724431069281868,0
6477,110.18590702824525,19.511308996230273,51.10963742967784,,0.3477867989426395,0
6478,100.4475664823424,20.27082373139124,48.63860716167642,1.616734141743233,0.5731145263525859,0
6479,103.77985823914433,21.473636264070436,47.28435198673341,,0.6148434917508904,0
6480,106.47359626451151,28.68187635088073,51.24428194740128,,0.5153802607309734,0
6481,108.46608800829353,20.075634295236902,51.10475438601869,,0.695480943363736,0
6482,94.86161364164576,29.074478093854687,49.430060982423626,-1.2509793996884042,0.4121322489922203,1
6483,100.56979876510812,24.273428796617004,50.88388876761675,,0.6390832734535581,0
6484,103.33710310075062,26.586835625676866,49.10834103804893,,0.4691041871297548,0
6485,108.51570098618025,19.322933840166797,48.34592486993042,0.039315437277976366,0.4243346792073508,0
6486,117.49215241860747,21.22840258531093,50.00792436224215,,0.48193431164195133,0
6487,103.85997136595141,29.502223298177114,51.038065482183036,-1.6304179864750916,0.31459058253676553,1
6488,97.96511268948005,21.193799363156778,50.618500539104865,,0.3697149755753565,0
6489,107.0113403860065,21.558260644693753,51.01832536015335,-1.5379943261520768,0.3650780038016413,0
6490,111.60497894770356,20.371168618092952,48.478842253421746,-1.8772058435420909,0.4084885537322135,0
6491,105.54007060489751,19.548883983681954,53.16376224951651,-0.24978601905453873,0.5505827835888615,0
6492,100.46675727422854,20.799091697447977,49.31523828932275,-1.9189462466843765,0.3464871218230917,0
6493,109.78996970740009,25.70792270340958,49.76216869704682,2.3429108042870643,0.5607399510783859,0
6494,108.31772809249217,23.464412802042762,47.362688181564266,-0.3460549045245827,0.585759221705921,0
6495,99.86959577902188,24.645070036054783,49.61228968740543,-4.831751246760645,0.12529509539685954,0
6496,106.90712808767171,19.46837794519229,51.064475473703034,0.2999227771875631,0.4986688173645015,0
6497,109.98632783829436,27.6253973659548,51.52502122538533,0.8302589802810606,0.6372384171158338,0
6498,110.90945021279447,27.409136406958176,53.12388147437356,-0.6321483725853266,0.3975512961220139,0
6499,104.66775512345272,18.259078933712104,51.04046979165092,-2.0338395386418133,0.24495446119018946,0
6500,103.20960276910341,22.60218113412366,50.55382639159941,-0.15496052499974716,0.6629369318740833,0
6501,111.13636911040632,18.825247223653776,49.10740977697136,-0.7225582008402667,0.5438016218403884,0
6502,98.94919748509557,27.505269352979496,48.67651918353398,-1.4633578797885542,0.5098689764395191,1
6503,107.19289645460503,26.84723619750845,51.94049702933631,-1.5957376051421257,0.4112821697017613,1
6504,98.14986686317785,28.823857131517872,51.90214070347782,0.23435362340607702,0.575780390499507,0
6505,110.326881361298,20.836847507437376,47.845974598302455,1.3545327005844836,0.3186877455178071,0
6506,103.7097724219442,23.475550597533587,51.44619177430696,0.6923157569956457,0.49088638817170505,0
6507,111.34291617823735,20.213854525972774,51.30076738279168,,0.4651571366376736,0
6508,107.45706378177763,22.454819213689433,47.77238222997161,0.9232170068339738,0.4065703919649525,0
6509,98.88389884969035,24.266919018802607,51.08091360957835,1.1587110180405735,0.5245902332994565,0
6510,112.12313866038622,18.63996947806307,47.90090708103639,,0.6364934493903498,0
6511,112.75622633213865,26.578444928128622,45.14141406465302,-1.424831634137842,0.35033074013410737,1
6512,109.41143246299607,24.519520324452902,49.6797951726159,-0.0849039590469413,0.4964923212166195,0
6513,101.1920606748189,27.94750820652808,50.51562941050998,0.851286375455748,0.5811328109185863,0
6514,103.46993022821296,21.261366014294367,49.76985839023377,,0.49063072200070457,0
6515,105.7271360870288,28.839853263231053,55.73421363437595,,0.5013189299947188,0
6516,101.48144800334283,29.98433103636532,50.75770245846995,,0.4152927415955446,0
6517,113.46173286231603,29.031581260532093,50.2942836385974,-1.2696822249833195,0.4761309753481753,1
6518,105.72163235863019,27.33470970999785,50.85918260662818,,0.47682206196325105,0
6519,91.48325976446321,27.74842563448537,49.11736199119981,1.8739340344122846,0.6226994030475572,1
6520,106.69677906378111,24.884930910535036,51.858958124187076,,0.4367181542531401,0
6521,103.25921301591343,20.281846354951327,50.7220038923542,-1.7520004262544207,0.44641452019336036,0
6522,104.62536721940776,26.12448822177261,50.630343407784984,,0.6135250250979132,0
6523,103.1569031710715,26.553036024719177,48.75175955426612,,0.5287022882382626,0
6524,109.03523208303343,29.82462168321487,46.87133934710182,-1.9674320661401077,0.41140121385576994,1
6525,110.59843889276691,24.495615795075864,48.99722782184542,,0.4083574158781154,0
6526,106.41526581129327,21.256428180300677,50.565267712519784,,0.5773291991671442,0
6527,103.3034440643092,26.204070260874083,49.110601040510105,-0.9625013193703542,0.33957146168643126,0
6528,104.79331397595415,29.752509835997454,50.58345433413474,3.7874555952099698,0.669093795944024,1
6529,105.09799808288814,20.12656689922913,49.53527624628739,-0.4538698570110432,0.4263991486073703,0
6530,100.98784980067582,21.91197502242723,50.86115896925305,-1.3218764162582226,0.2511958762761909,1
6531,107.89464324285618,24.502571445272174,48.04635174824937,3.0326812361994744,0.6870153489590297,0
6532,107.30021161930233,20.04257561858406,50.38578002377016,1.3323821972885936,0.5462929328683265,0
6533,112.70220619888337,18.26664767423926,48.718091707297205,,0.5575495271648626,0
6534,111.27674890144237,22.043797469295008,46.92343411573873,,0.41963531048723013,0
6535,101.57162541204934,28.384449618012695,49.66969175394325,,0.6646889176224682,1
6536,109.10149187254483,18.52162079188458,53.07263514763609,1.224411882349258,0.6493671402750519,0
6537,100.24523308452764,23.14714870820301,47.08284718430804,,0.40090514869893296,0
6538,108.47966050470424,27.14640927511299,50.2387845007884,-2.57445468430837,0.5478110871109236,1
6539,102.41692900619947,29.43819116293062,51.59515412652845,-0.029880003716741946,0.4744884943237351,0
6540,99.88373388312208,29.825704788053187,54.600061370288905,2.5948960712480678,0.6885028512701702,1
6541,106.40022671348703,23.0636325673049,49.01413403510662,0.33057422961306093,0.5345601557201911,0
6542,91.6271643592293,29.40461153254941,48.73599879079137,,0.4823363670310696,0
6543,96.24512212797386,18.425027679370366,47.66661560812147,,0.5385492528331272,0
6544,104.11254058112858,26.951003255982677,52.281032669692436,-0.23887846022072487,0.6198878161081303,0
6545,105.41220883317422,25.712952415603354,48.26517134152185,,0.5177346238033348,0
6546,103.15340614920906,20.994262291033827,49.2588071364493,-0.061867244044222724,0.47257202914495877,0
6547,97.102818506412,24.087822008155786,46.30212424525749,2.1641017943183245,0.5997802011668293,0
6548,100.91054078930748,19.554644853125946,51.767943685357054,1.9941823183664686,0.5433597801320791,0
6549,106.95604663618697,28.459165811418732,52.31651656155605,,0.5149439370490105,0
6550,107.90890885314181,22.294777026547777,51.69155012716873,1.913846076826041,0.654682491750493,0
6551,104.91888441202029,25.512533645588597,46.789349437292564,1.1417119689791255,0.5228738649776961,0
6552,110.78416890518494,19.905315435447147,51.214302081558614,0.9500078064174933,0.6801513161986608,0
6553,106.98698511729617,20.473978135574484,46.654659230552,0.647867822460201,0.6397734715849668,0
6554,101.26272173020894,29.903476449637825,50.116080604128484,-1.395564568169183,0.6125723826346658,1
6555,103.59748973294191,27.037036733295952,50.410155159967594,-0.6083672774356735,0.3905989524882981,0
6556,97.98566921396073,29.54366243728885,50.62036643621653,1.2493776046819887,0.5524498407214385,1
6557,104.45930504804292,21.55021398254453,51.069273065274935,,0.38983384431385254,0
6558,110.56050309610669,19.974754519437845,49.983932792881454,-1.561162658093814,0.6823130705720535,0
6559,108.42645042355484,24.03682156174597,46.0751409745429,0.45929613714885875,0.5239490653871058,0
6560,112.0100466295956,23.93601938672812,51.070242017599064,,0.5673022495471594,0
6561,103.48557378100503,20.099358165095854,50.195216282255494,1.23584153055115,0.6652688377084758,0
6562,111.73049897257128,26.798634834976923,48.194760417257534,-1.131326934384818,0.43503924370116354,0
6563,104.03347886776015,22.341330413264807,46.86120515772678,0.3665702172947202,0.523879593289087,0
6564,112.35792541284947,20.236382771166205,53.080044371848714,,0.5768836817033944,0
6565,104.89071626278938,21.983800734519463,52.462601076581365,,0.589627222716602,0
6566,108.53615686902138,24.76390439562018,51.41191481461491,,0.46482594925164855,0
6567,112.37556182154928,26.71765118616532,48.64740017753059,-1.0200172200599325,0.39814111003993197,0
6568,104.03286185709398,23.782690632689814,44.96600889557696,-0.0279070584783547,0.5918330870872632,0
6569,106.09194493772087,24.307139877940482,51.52935835087047,,0.3131865918685234,0
6570,111.4443171260315,19.66735123131298,50.73337354771015,,0.5085109321552684,0
6571,104.33498418034968,28.976291096498784,49.25067538185564,1.1227365116928238,0.6621541189377882,0
6572,98.39553858746919,29.14469037590453,52.249612613395755,,0.457768422182136,1
6573,115.71503527292455,26.201119085016046,51.6959950679257,-0.7306041179668408,0.40677225124998884,0
6574,102.65117767831431,18.211576907208297,50.3521909764617,0.7773936149774234,0.43874630615704346,0
6575,105.79378025468772,24.44489059083991,50.070116835742226,-3.116467172520993,0.46288398233964445,0
6576,110.78003334725564,25.550627665063363,50.101935435199366,2.783376054599006,0.6216022260887438,0
6577,101.957530481344,29.93585067549732,51.35987974566949,1.5678868710464002,0.4882536547205112,1
6578,99.96066043388934,29.952803462337563,48.285047306914024,-2.30750337035598,0.49851057605306265,1
6579,106.26868648387416,28.291334823906688,50.851966243570075,,0.4222855354073567,1
6580,96.03461801043805,18.76597190431336,48.15881811106082,,0.39704720759340584,0
6581,103.5604696156604,29.439316689344757,52.67311034350447,-1.6803662938531732,0.6674121948452834,1
6582,106.22519332157702,25.35193496582399,51.06425714315047,,0.5180587999433004,0
6583,103.65024051587417,27.610641245750152,48.62354347672214,,0.6079550958222374,0
6584,97.28274528407127,22.886314196230245,50.1611916480595,0.1850685245059058,0.707911857674032,0
6585,112.97088978102006,21.836033654815076,48.29242723994392,-0.8553845775354034,0.5460527822415112,0
6586,105.51769076974588,23.558929745805695,53.00822567540159,2.400011459684029,0.6459185172131268,0
6587,112.1557605888087,19.762494155625923,53.24575196894242,1.1301781510825277,0.4132822173435796,0
6588,103.69981874909777,22.284793665039672,51.3924473651257,0.9047487135309686,0.7493403297487898,0
6589,100.59994009154619,28.291409997219343,53.113313135309156,1.8000839469411634,0.676517850948219,1
6590,106.3459046012758,18.455405835130577,50.303591897745,-1.528291295239304,0.282100048583532,0
6591,103.9210643683589,19.810536561895255,51.52702513434959,1.9271068035586358,0.7508180131703903,0
6592,99.11119271004321,19.501393915793827,52.44944904381951,,0.48626960115135814,0
6593,112.34892129393748,22.836906512402734,49.98851280896817,0.5020945449036747,0.4973389466389944,0
6594,101.88864888553002,29.96384281069034,50.142207714634694,,0.4310549113305421,0
6595,95.79866807602215,20.080295162536594,51.867313202857794,-2.816798409560378,0.3762762546043544,0
6596,111.64083026978666,19.74579179519112,51.29299593119199,,0.6525974984710651,0
6597,102.47850992093689,28.980668757313854,48.48907855959789,,0.3136944818221798,1
6598,101.96088053692188,28.58460620359159,45.626341257457064,,0.44026931924848534,1
6599,96.17306206485013,18.386884439958653,49.6489438748059,,0.8040996016236486,0
6600,113.70470743298495,27.02047152215178,45.80617164154964,-2.9304233190139186,0.4010487988765806,1
6601,98.55259706395157,25.865588417717156,48.0179653277889,,0.5140441037283311,0
6602,105.29224740352825,27.212889718232507,48.251426085599235,0.3672301361760471,0.42253460058844694,0
6603,109.5631016127022,23.934029457551066,48.862715378119745,-0.5199767873033053,0.33826086368032365,0
6604,107.10858466501548,29.896550621379546,51.640876288327085,-0.3962293105877261,0.6266418136893951,0
6605,104.70172844003905,18.52616422453156,52.07535908146052,-1.372509676482885,0.5492813587306337,0
6606,96.49167070856292,20.81245903684567,51.017481439614414,,0.6748494152845161,0
6607,100.95137582116358,22.75855184368338,51.26501395212361,-0.4878720377948984,0.46764680206388515,0
6608,105.9390016902126,23.397335298788438,51.312240912737295,-2.4614481015275507,0.502358978191091,0
6609,101.06412965006501,29.056408832394226,45.00634001755815,-0.3013780043563918,0.2295047403676712,0
6610,106.01679729999384,24.720052368927107,50.020395364014234,,0.4609787016036863,0
6611,108.40871704407571,18.541331946244725,46.40708255765999,1.3465456679138472,0.6706299328192105,0
6612,109.81251442900052,22.894355561107943,51.01827895134308,-0.5872601020479065,0.40180781372127894,0
6613,98.86910321093659,22.99788494842884,45.813783705360606,3.7822866460961793,0.7946977208472209,0
6614,115.98323027489477,29.585891261253416,49.6391229292986,,0.554538779413814,1
6615,108.83739672277065,25.1903650922533,51.09553955203917,-0.19540376293075296,0.48225974924075027,0
6616,104.99142923165468,25.627812853907265,47.76448410336737,0.8692182498358778,0.517600948019891,0
6617,110.4476829153832,26.55903637501525,51.92343192102644,-3.134698783067444,0.5013968501881216,1
6618,116.82703885999987,27.24047178818548,51.013244339903494,1.4435691103646335,0.5267420520752307,1
6619,97.80639949471565,25.62061284242987,50.76164939167582,,0.3808117480875991,0
6620,103.87368678754324,20.846332213607226,51.396003175021065,0.13459955556653036,0.4210070026099108,0
6621,93.10784170063336,28.488550972093968,49.28159982446669,-1.0914337692750176,0.4085707371616303,0
6622,105.96325766324013,26.785437604927562,50.30383772751362,-0.9319775628650433,0.4729014429726489,0
6623,106.8269712096257,26.902445821163468,50.0201031444684,-0.271698134969138,0.5502739934882571,0
6624,104.80418942278621,29.95868087081699,49.97490211076771,0.11524916250992706,0.43043336312874514,0
6625,101.72733214500845,27.630318418359792,48.65593784670585,-0.04037382118393856,0.5352716999299816,0
6626,94.75242741905838,27.94981683786184,47.51493577055459,,0.5610482405754695,0
6627,106.86766841705884,29.4168661885219,49.32628330142105,-2.438524061222165,0.28479626049275575,1
6628,112.27717241957663,19.813607998186725,49.216104185611464,3.4980744063961637,0.6812173846976718,0
6629,102.04490772133283,23.972728517736815,48.52653802496622,,0.5089136774035343,0
6630,107.20029964511572,24.966804283089452,51.70410756362005,0.6563510184556982,0.5402025201968786,1
6631,97.15927843289975,21.95130875066949,47.65558676428877,,0.4215017149681706,0
6632,107.28606531846258,28.072840126734064,49.65698168221752,-1.3112320418364325,0.42088842542478433,1
6633,103.03308851127672,27.14903545974868,52.33267942312251,0.2265535964552619,0.5144347637584638,0
6634,101.18791024698542,26.65059689409749,51.818258705199106,0.433915365961541,0.7081005626592275,0
6635,101.19818179391935,29.965793277098,52.432587770194566,,0.6021095820023811,1
6636,103.03194208983496,21.112576480900685,48.81843884525155,3.1164265252721965,0.7896627461756209,0
6637,106.91216657846267,26.825487020105058,51.56857625145541,2.2155336059853226,0.7521877790289282,1
6638,98.43918399402241,24.616853698870806,47.87405920604374,-2.6497933851299385,0.2356134585583677,0
6639,103.01442334216074,21.75587018992651,49.44825208836692,-0.6906272112146892,0.4363497193138803,0
6640,104.79264111000427,19.92704244867751,49.636488378439616,,0.6668036149799625,1
6641,99.5048038773407,28.750606044810567,48.84831957560398,,0.48808942234607133,0
6642,113.98332600837509,25.145465792494143,49.27637202383095,,0.48507460122161855,0
6643,100.7325225996933,27.899206051689536,49.01324814500529,,0.41411777695248536,1
6644,101.65281543183255,24.54413980801854,48.03521237779661,1.3713195014749568,0.6753184958878908,0
6645,100.1084602508875,20.639724967848235,51.71282701201158,,0.3564037434324433,0
6646,113.99240043569058,22.050585757203905,49.63509999425146,-2.358734286221,0.3542378667441077,0
6647,107.76452614299741,22.57846610968256,50.40287308783457,-1.5220061764374688,0.18754275998408354,0
6648,100.31703996878178,29.67521775004443,50.32755374238571,-0.14630093065319894,0.4973903032465274,0
6649,110.53115779429984,18.06759934057659,50.109452850220045,-2.4340880327682886,0.34018002381196827,0
6650,106.00349347144439,29.827992276294083,50.185609092112855,-1.5905883510972456,0.31981783934664454,1
6651,106.28626710555751,29.76553962131797,49.38916555993796,,0.5656373597944124,1
6652,103.27761395623773,29.95380948636164,52.83679373702972,,0.4498317853791671,0
6653,101.25292006521514,23.719058147035618,51.521489523270716,0.6503204680470929,0.5494325207732863,0
6654,106.68883049527301,29.565707635451993,50.03676406554204,,0.37938149771511775,1
6655,102.27456385002205,22.747190182197926,49.105891128067874,-0.08075403683584438,0.5406620356685579,0
6656,114.08377814787552,18.31553328802064,49.76235831454184,-0.20379990946705284,0.5072005701317378,0
6657,98.65354447378448,20.692166236461176,50.83524303274349,-1.1929057063595843,0.5677096494504646,0
6658,112.68078386427473,29.343554939248616,52.99988018507263,-0.07661565617678778,0.4427394273261287,0
6659,104.443405756011,18.1651763200248,47.25390491066991,-2.838187939234377,0.5360755063972769,0
6660,106.49542867010553,24.5519296250757,51.319549517283555,0.6579131165041971,0.6396197739098555,0
6661,109.16578883314718,18.907219066736147,52.25344727355727,-0.5992390763297143,0.6187124621201597,0
6662,101.84875352497782,21.436758941130943,47.02656306018954,-0.38582908773521674,0.5059853510704496,0
6663,109.32124192349318,19.05711420854264,49.637698246537454,1.2776487031751749,0.535750788086003,0
6664,91.46228072309411,28.314343453356678,47.87096405383392,0.648050216187014,0.47860775721397847,0
6665,101.4000523338903,25.09284851577247,50.86105922335407,,0.6513635348218584,0
6666,100.37968596329468,28.825277588619755,49.283298135288895,-1.6748790436680498,0.5259221947439857,1
6667,98.7324699381412,26.26023839448274,49.73972186623975,1.9929921071813863,0.4988379733802464,1
6668,103.92522580960525,29.652349574941198,49.177888385443055,-2.0101830028915284,0.4972523811836581,1
6669,106.92874984090848,24.11853185712488,51.440326865536534,,0.4646665103247891,0
6670,108.51329999249653,25.664526981154495,50.45806592119628,-2.3960909163095483,0.41262452981075737,0
6671,106.20438378600204,24.91570583866868,50.46185352807931,,0.6514337571964254,0
6672,101.67153267553226,23.811125153359352,50.321243650162906,1.515901279325353,0.7215926754697033,0
6673,106.84508218912583,28.151512385076153,51.14498176090427,-2.868916264782702,0.38030862903818863,1
6674,105.62142847425426,25.73430162804432,49.47605629028735,0.6740025790319022,0.5203005207846971,0
6675,109.68028083968008,27.61574717826567,53.40154957508185,,0.5319009941532286,0
6676,108.88468351465758,27.436367239228957,47.53041049756296,1.0545739570290393,0.6594133440809359,0
6677,105.15238206960315,20.292541927863542,46.548163103660706,0.547860412527478,0.6062311901810842,0
6678,100.51373496919372,25.801962390211724,46.382638862782855,-1.4434735391853337,0.42619294793725404,0
6679,101.73524922083959,20.39577623017601,45.84082376141513,-0.32584945120480635,0.2973725407471532,0
6680,102.25105320180984,24.999845738925252,51.346339629640504,2.496969804650954,0.3814010784898373,0
6681,103.42366833041872,26.129216213355605,51.10273539856528,-1.6617202139243599,0.4394475910962067,1
6682,106.34025213794877,29.96682085905104,52.41555298355119,0.48428693752675867,0.40608938033806674,0
6683,108.57587195064029,18.36650373779686,47.886723570588956,1.7268808109325753,0.5334596485751715,0
6684,104.74440653492312,19.09490872936465,51.490922909491005,-1.4861292132909676,0.4029993214817689,0
6685,105.08062393950236,18.92432035645478,50.113648124298614,-2.1251799706737198,0.6013895467570697,0
6686,105.71653152500002,22.780335435200882,50.33317299831172,-1.8991535004766869,0.4172795752732893,1
6687,102.4204734343383,27.859060337829764,51.251245790699215,,0.6016205317361819,0
6688,100.37303871178521,28.128675993445626,48.487436497875116,-1.9119056594875412,0.45485945107494646,1
6689,96.22281051344645,26.84375514865382,55.174498270808975,-0.20304006094811478,0.2476592426990847,0
6690,101.52425320961564,28.762538901959374,52.66376060855071,2.0569070944548304,0.5628962509148461,1
6691,107.36572726633894,21.87431933003343,48.93658809200928,-0.07696218661294657,0.3741488671175408,0
6692,101.48544280980217,19.05785573102759,47.8185238845533,-1.1667191822412055,0.6143843504550848,0
6693,103.8109648128703,18.6978363358782,49.82419167639062,0.18811450907007854,0.3274742898490526,0
6694,107.33215643706158,28.225592635432633,50.364516887164086,-0.10300928110248822,0.45276713681781444,0
6695,107.60344748211334,26.765235532244297,52.13123051941662,,0.5078765839878054,0
6696,99.6023357391698,26.38338367213345,47.66255817686335,,0.5228518698099323,1
6697,109.98529678226821,22.076116062548024,50.570973886398335,,0.5399000688130418,0
6698,110.63675044677743,22.558862263418714,46.94196995117042,,0.6483058860489843,0
6699,99.3507507139072,29.49736234679183,50.87271518682224,0.6829528552163133,0.5504522075362781,0
6700,100.88081565179422,18.765656929175222,49.7849915590839,-1.150996939062066,0.49269928327620705,0
6701,110.95545341573096,27.28478084325351,53.873359524571526,3.432454491342901,0.6953046106500429,1
6702,104.2657323937235,21.71559988450072,46.90799491156065,-0.18722702601782545,0.5286862734122107,0
6703,93.90111026274074,18.46865542095067,52.74121676298021,,0.5321042458617005,0
6704,98.00159247633657,26.910841328909473,46.592337329667565,,0.5093131649917622,1
6705,103.7531518741376,21.970942628140495,47.34557945118699,,0.5150128829976416,0
6706,99.184786748577,26.665770224913558,46.64581088305567,-1.158584148053843,0.33750054698785126,0
6707,102.93288114681779,26.49185259741744,50.500705216902105,-0.8272057620666131,0.39439981321256795,0
6708,105.16198106841789,24.417442505197382,47.65260237849253,0.2469396199833075,0.5244555403394525,0
6709,112.31127302017364,27.328477550526586,47.303336989438925,,0.6109467064500248,1
6710,103.54773041886105,24.97245989005492,50.405535203246764,-3.9731874205322804,0.3542460329982199,0
6711,110.36270899786379,21.43964223417913,50.90355077174938,1.3897507279672527,0.47497535187372303,0
6712,112.14380081018385,26.80938361277303,50.07969860830065,-0.8318019034944464,0.6215292805202902,0
6713,112.17154834676037,25.069677790532683,49.675561701956894,-0.6193416647402001,0.4272476675104444,0
6714,106.42377296692784,18.152727380279046,53.657819264874355,2.572787716381976,0.5566986670385974,0
6715,95.18355426080512,28.819730133243713,50.29167253248394,0.3199622398034998,0.38880452547369576,0
6716,107.30412432701932,24.54772341989176,51.6113829478445,,0.39652628287446323,0
6717,110.24199943906771,28.42352718575438,50.28584425137992,-0.07284017222934455,0.35637807790305565,0
6718,104.59466447282291,28.592842067786936,47.80424742349063,1.1454638758235034,0.5887090313062081,0
6719,113.72291935037624,23.339599880821062,51.099775363804035,2.427015859432317,0.6817687018920021,0
6720,109.29916780733728,24.09191995741477,48.68840537706041,,0.22794960166856892,0
6721,107.84136688576392,22.989052652107222,49.818027723921524,1.626926986104364,0.46715846764023267,0
6722,110.43190355602918,23.393241303696545,50.61080536378685,2.3205495958130293,0.5948629242910769,0
6723,106.66684925630439,28.741765907660735,46.11716386622671,0.7515948718508887,0.547308383903493,0
6724,92.53594750302324,27.45772816761493,46.78099575221654,-1.0160436340572736,0.4754955667246564,0
6725,102.50430524264817,19.518308115786937,51.818918344995126,,0.31715090488194597,0
6726,110.98584013623926,25.323693378481153,48.672507106802115,,0.6604187993623154,0
6727,100.96204329950852,29.950879684636107,48.76735602178228,-1.3574755299342964,0.5888439788850353,1
6728,103.88263747381531,25.14660841478983,50.332876794741644,,0.49434670663158237,0
6729,99.77581843048465,27.430459507117266,49.228654805756264,0.5857669867136575,0.5263755107367438,0
6730,113.91961297600885,27.22873768057405,50.83517676328558,3.0687462090222315,0.7034354171630741,1
6731,113.40746228709008,22.203810310467944,49.89775642253391,-0.47739024646479855,0.3793427731640253,0
6732,100.58065552429635,22.462191632447507,50.397205900360895,-2.4113713854253316,0.44056286536860323,0
6733,105.73649000194543,26.688917061484837,48.59628321951549,0.0032562707939135637,0.3662392786493763,0
6734,101.59752976117976,23.99980237925802,50.38718964656186,-2.229671456850625,0.4519681571705077,0
6735,108.07472319515689,24.846848509564655,52.21017817367089,,0.705115191734804,0
6736,107.54841538621164,26.554869484378052,48.8645035677716,0.9442473361213133,0.4052702904358189,0
6737,109.05852785806633,27.3309003244686,51.8306366005443,1.1671956740316864,0.6271263505002184,0
6738,106.65959223853943,21.258198932796855,49.8968793633547,1.168155424539082,0.468821732835644,0
6739,119.67703103194233,19.761525113243554,51.468963311955875,-1.0403845209349902,0.43264969177822615,0
6740,99.86038117494631,21.501535760684703,50.25754263670622,-0.19804573877558262,0.553114401972921,0
6741,96.44698322781743,24.090459901104907,49.93317815980415,,0.4118329897167535,1
6742,103.03454899649269,22.10569580756447,50.69945936415273,,0.5929628848339514,0
6743,97.16005867219866,24.820353106171126,52.427195124604495,-1.7356376978734986,0.5258340378275186,0
6744,97.53768864997004,18.641588689507543,50.47219458843015,-1.0928758346321992,0.2383754807910726,0
6745,99.99342672901017,24.117004939365206,50.957061661816795,-0.5443966593390233,0.6146474902779132,0
6746,100.38905547284186,22.415818883252495,49.2630301728466,,0.3030510613657081,0
6747,100.2269094902497,24.41600105871459,53.14177294799005,-2.1883896817763264,0.3206534691929881,0
6748,107.59109475222706,23.07040025861972,51.28067422185934,-4.057056780637388,0.3253883956607178,0
6749,102.46905469457332,21.41071020765051,50.155416920050016,-2.7402666985068502,0.4233006501376755,0
6750,104.1024271256376,28.84929486549163,49.75469265549065,1.648544898872235,0.6122262476223606,1
6751,109.47116387250468,20.217179861056284,51.95581653854622,,0.5041101208768982,0
6752,101.16838737609287,26.176386906966716,48.78759184590948,1.2533083743811042,0.5190609193362624,1
6753,103.67727050647639,29.095736550988967,46.43424996745733,-0.8737703938625432,0.6124405563689632,0
6754,106.82879993046458,24.4640395162252,50.14479919884891,-0.14750349038864013,0.5699204625951705,0
6755,95.2921609968989,28.516901862953784,52.38000914622869,,0.7385473025179263,1
6756,93.07547245524708,19.49821774119941,53.18261762236935,2.3290839084861252,0.5743184654504482,0
6757,106.73058664398862,23.925465243076896,49.78541211313224,1.4129581988884108,0.33782671977669104,0
6758,107.46007140283449,23.48430336577127,50.087175327883564,0.3036266809356284,0.6171843661334118,0
6759,115.32110067426206,18.097425684443937,51.039060865031914,,0.5744910637541143,0
6760,105.79047437933404,23.319088096312015,49.47130116227247,0.5559574479680884,0.5460840025916773,0
6761,109.09869858629047,22.428357076591176,51.0328118967823,-0.25039019048117683,0.43074300712528907,0
6762,104.02263678207014,26.037584733295382,49.829196497863464,,0.4348604056210597,0
6763,106.48613610792543,29.259957342918224,52.02273651438036,1.6835519179516885,0.5242726209869162,1
6764,113.33628420874767,19.02949305914444,51.44596102619565,-1.9434413233442034,0.40734471689440055,0
6765,94.38003590937183,21.929716640575478,51.62045566460487,,0.4979841236708321,0
6766,107.0680812878584,23.328776848731025,49.58936471039583,-0.41316421012172155,0.5556028775437933,0
6767,115.67793365038683,23.4622245364126,53.85185464100452,-1.971080257046524,0.6051088958498424,0
6768,106.41017109604671,27.297716650107045,50.96782388475894,-0.8182572865449182,0.3993218761170282,0
6769,113.25286481616423,23.32074799000129,50.494588106973666,,0.27514035074545945,0
6770,101.85393925235279,18.32593561744384,48.47811403886605,-0.8635115281557751,0.4466229188147605,0
6771,104.83976252918143,26.521249135113976,49.805856359702894,,0.4869758197545731,1
6772,105.16762351194294,28.617956341748062,50.22875952140527,-0.9505421570628343,0.4977982815773676,0
6773,93.91204460320614,24.166856550596073,48.4246454071514,-0.4619356022097529,0.6371542684880819,0
6774,99.159110860749,24.973302260382063,49.41536570846183,-0.09715999809160875,0.5767222941103596,0
6775,99.51562460308007,19.955237267628554,49.66839996379398,1.1457894527714516,0.37613128229316545,0
6776,109.11033039016263,20.647751336147486,50.111841321846434,-0.3674289479806496,0.3580312093845993,0
6777,109.36076552842027,20.82204286949534,46.47458601991679,0.4890312099413915,0.5650169389506459,0
6778,106.62018221353267,23.168903698575544,49.72945891859147,,0.45514953495600663,0
6779,109.12051448427853,29.137742650747704,49.245307633840135,,0.6920562637105212,0
6780,104.17925293639114,24.261417200578634,49.958231700750204,,0.4097873817851027,0
6781,111.00965834769772,20.30517174241623,52.070553132360516,-0.970232662975455,0.5475593621622343,0
6782,105.04394221316036,21.193052830427394,54.10479098424241,,0.3662010078192877,1
6783,105.28932023713378,22.608180356726212,51.35675439928925,0.315344397756322,0.5419865387075218,0
6784,103.67203683368794,25.47910770831359,47.53115565586733,1.910067734850958,0.5127108007043899,0
6785,108.42225238818214,23.280397836048063,49.30918609633493,-0.3436869405146022,0.5387016107417445,0
6786,102.89400591693544,22.7093381301231,51.19192661766218,-1.0512954807423038,0.5547063564831013,0
6787,109.88215688599034,24.776743204787937,50.96658099285805,-0.38425601290735384,0.5060867207149207,0
6788,99.33925429641997,20.902019939453584,51.974651470906146,-0.8420917663537335,0.6488086654208343,0
6789,99.50541872635903,18.946839271014987,49.805298011418806,-1.0004707786678715,0.3779328392742786,0
6790,108.43713377563252,18.292971777866665,49.27299951126899,-2.1653918722503773,0.40152726101754177,0
6791,104.55727892708494,21.015109961605525,53.50484800783208,-0.3666124293928327,0.56625431862344,0
6792,102.73054291923435,19.099104409733624,50.117341206739276,0.353665730765081,0.4227055011229152,0
6793,109.4502886623773,22.0360876622492,47.96665124795777,,0.4250859462147342,1
6794,101.96369292956958,27.275202484317067,52.95026731406584,-1.3175096254017808,0.5005285077214294,1
6795,103.99899372849815,26.59553196584206,47.00780901721111,-1.4220929917323195,0.5218153364291503,1
6796,111.9961397503558,25.331131473456345,43.00990955502279,-2.0800169505693025,0.510183476539961,0
6797,112.69571172905326,28.230002926553745,51.538773516075146,-1.4333881554589005,0.34142430539546376,1
6798,112.86199105135164,21.38481149453132,51.82140194204926,,0.5139866073508065,1
6799,103.58937111533044,28.62064503635959,50.82802588388938,-2.013086709067258,0.26785455840104877,1
6800,111.15351452492236,22.79087003603015,47.3950878320159,,0.41724689380336655,0
6801,100.2552358611566,22.81071981919952,49.88226028951536,-1.0552001886906224,0.4298286817173279,0
6802,100.4654856263897,22.86421936350626,49.44366285289226,,0.5447291039836222,0
6803,93.2477207368782,19.17713239489178,48.92542197821522,0.5658132245596988,0.5810821848342419,0
6804,113.36434100949265,29.70588597997267,52.82413886161856,,0.455999679839092,0
6805,100.68010075461962,19.66208133390191,47.90666788273662,,0.5096146311275519,0
6806,104.3673371012647,22.090628693630215,50.6322089062128,1.9470102150003252,0.649470899749679,0
6807,100.44837829035858,21.831603843921087,52.38809396732515,,0.4678981640818498,0
6808,108.47582624165071,18.896153193800515,50.762883050638074,2.348811821388546,0.5599328955423479,0
6809,103.1218316964133,19.82712156134252,52.48223674499075,,0.37824670553633294,0
6810,98.47591554783526,18.53830003422463,51.12742944485786,-1.7042019493079477,0.39246086643331113,0
6811,107.2083128209303,21.50885392272616,50.85869934098406,-0.8309225115930252,0.37906775920968255,0
6812,97.83134987594886,28.399883088346876,50.73366973766429,0.10316235993355627,0.5672859432795989,0
6813,100.81297137342254,22.073306468848614,51.2268865333003,,0.7469834059439248,0
6814,94.4655544268696,19.48430198480855,49.22892180517548,1.1982372128449206,0.6162759110251238,0
6815,97.88020943901196,25.748326420607015,47.396252296254424,,0.32377916674875923,0
6816,105.89264584860238,29.959210944658928,51.90808682292662,1.8899339722336859,0.5311716114734496,1
6817,95.17731980948538,20.78788547438313,52.32348460101153,-2.8215555718012286,0.36073712804624236,0
6818,97.59427137689143,21.354852064446835,50.503957621812084,0.37416229508978127,0.375228472683947,0
6819,104.98815541933595,29.662164651369462,48.90324876073126,,0.5263651301407981,0
6820,102.28196551953474,20.145315450605846,46.884565766940725,,0.5710926247382752,0
6821,114.96018317979654,24.134568809509965,50.17161419984678,-2.4152267489830637,0.520124522310395,0
6822,114.16948273012187,20.87582559619314,47.30209931056406,-1.5253686025177102,0.6056022723303458,0
6823,100.66038768624423,29.188222774814925,47.02202499472415,-0.24971163323658946,0.3683620042607783,0
6824,107.78568809201741,29.77825217491553,49.95853694396862,1.672187257442217,0.5719505491090615,1
6825,108.74641278439725,27.776374153440184,48.47246099762397,2.8728967435764927,0.633248185858007,1
6826,102.01260570987799,21.777405789753725,50.69061911232954,-0.996652877375134,0.3788664647241536,0
6827,97.52229231750898,22.84184970336606,49.681408794876255,,0.4116263374640594,0
6828,104.93850775345972,20.907668203997055,48.78673086755478,1.2236421546376828,0.5531751410861071,0
6829,104.13577162592945,28.689095604107898,46.59016983854207,3.9215550169513245,0.7574580404192763,1
6830,102.8211775151469,28.9746993322579,48.294223748339284,1.6604109499517765,0.7186819404522746,1
6831,107.21158434082243,23.026447946952565,48.36772701989782,-1.1229490859910392,0.4570889406540924,0
6832,101.246351964972,25.87839683883602,47.549384652970076,4.291708939825817,0.6655804688540508,0
6833,99.24001226210429,19.986638157296326,49.34191140951523,1.0301994307033704,0.44895818386214364,0
6834,105.54541485174916,23.219230804360908,47.705496017650695,-1.1865198203875404,0.6449200962839876,0
6835,106.92985046284439,25.577989280081972,49.67251450541757,2.9014532495065666,0.7357602233026241,0
6836,99.11677528049974,22.624837422216235,50.480822427337316,,0.4747217042162345,0
6837,109.6404530549554,22.291194308237518,48.34766009122164,-0.9316327779929152,0.4368202898690443,0
6838,96.1475943111196,18.011987907203313,50.85081725883717,,0.7156844290951221,0
6839,102.10943270642179,27.651521565325368,47.27728425750459,-0.03735797683388212,0.4821696827541272,0
6840,103.70995731901195,28.67205134425738,47.77564520320742,0.055510698007150465,0.3315638281454367,0
6841,101.81888143674036,29.633562354549987,49.773565404750464,0.05803725246419573,0.5294045047285748,0
6842,102.17469763224403,26.631256620830584,51.374082183777276,1.6717198888052411,0.4608053820710253,1
6843,114.35537241154057,24.585507748438616,51.73479908297853,,0.35254677022100955,0
6844,100.7455795548055,21.231414237704513,53.22478124431512,0.42677082882970513,0.6557519567662558,0
6845,117.20610861235957,29.991593711561983,49.24682225036498,-0.43530506562077675,0.31098388200710614,0
6846,107.18563389865525,25.077034254385268,49.74499736264339,-1.128744048795924,0.35359936611432247,0
6847,105.46027568655995,26.173848867965354,47.93464894196403,,0.5298375105040505,0
6848,107.38120176693833,26.18887394346381,47.49246733601795,-3.95566450382883,0.2522697006665232,1
6849,117.64963874625977,28.14302154908618,50.45714417265505,-1.1976271554017914,0.4816350813349019,0
6850,100.03203498034276,18.11607046616303,48.448257001107514,1.9356940874090058,0.6385160906145656,0
6851,99.39791040531806,20.642963285176464,52.46475840003458,1.2480823170413093,0.6513611081328404,0
6852,101.22566901714039,25.986408002040168,47.07522853626522,,0.42098720256012756,0
6853,105.1607157348228,28.74174884189481,50.97270641164939,-2.1168835827609844,0.1389729099187087,1
6854,96.37114437593713,26.224065383056274,47.98852152236594,1.2328046583886927,0.6013266964779104,1
6855,105.11169619659304,22.96189549792416,48.35910306645583,1.964772617490627,0.4413382564669377,0
6856,113.46773566706835,22.33866595044314,51.07822413050406,,0.671082254982821,0
6857,105.75703695312389,26.855376099399844,48.64823912778418,-1.4530883324795547,0.42311919190529795,1
6858,103.53657270512362,26.894852365646322,48.9684318649602,-1.2973180212940305,0.4055309693616416,1
6859,101.90919775658186,25.284695910068287,48.375683272896865,,0.693248904844725,0
6860,109.49255852275782,21.497604289168045,53.570059583226886,-1.8139065622454407,0.2351202744076888,0
6861,100.87083613380976,29.101857820686522,48.76502737783998,0.7173200482733562,0.5158453133918991,0
6862,114.23197960299623,24.62255930542367,50.10310443486553,,0.4114572117333769,0
6863,114.66679873857179,27.485908274979966,49.59617279943785,-0.45047305106087326,0.5027607246581098,0
6864,106.28375399330893,20.57169914594198,50.44283412344852,0.8777256011015336,0.4950032346430411,0
6865,104.94242455961677,22.128489463376734,48.77052610606813,,0.449879186755239,0
6866,110.1532990412078,28.49495419664811,49.5983655309167,,0.6936177079871381,0
6867,110.47399251113663,18.60128435927962,50.78790401798787,-1.839307613480618,0.49930178555914295,0
6868,100.97004134470292,24.147783735079944,48.273985723994016,-1.2300029467434832,0.37208253319797646,0
6869,102.36722433431649,23.78046575812811,52.17864271325631,,0.6709824728147025,0
6870,98.38826282658353,27.014762266896987,52.370961038083266,,0.6277747123253044,0
6871,107.04532469167029,21.38272524719199,51.21298525231748,,0.5653249281505316,0
6872,108.33313941728446,20.628801862315193,50.13975276719297,1.4205866124874689,0.6236883445982783,0
6873,98.25037181069364,29.113594065278804,44.01879710359093,-2.4858119078569145,0.2610972948081425,1
6874,102.7240054759192,24.86051582350158,50.84858226530893,-0.6992969255202897,0.6155615548286241,0
6875,98.26373041209325,19.256274819403853,49.21733918954227,2.734025659839276,0.7318520556492842,0
6876,100.50600094878081,20.316433946571852,49.507451177164924,,0.6207725051912989,0
6877,107.7550853011315,29.98591271417098,46.20524533895437,0.9504572475113164,0.5718835168059764,0
6878,101.3325896666086,20.34730795502631,50.98717697174838,-0.2330504600332548,0.47919997688877786,0
6879,103.49587021983851,25.325706136244143,47.10283790634609,1.5522234425249533,0.5207402878027791,0
6880,96.86344136026342,23.041536947947417,50.23684909198279,0.6437122794924103,0.5856404386563918,0
6881,105.93495104862332,28.627189138198023,51.80931496381968,-2.2761605469108437,0.3066512940751408,1
6882,104.77863340077676,27.062023107543933,49.06134363736489,1.493643670584194,0.5897520539435737,1
6883,101.35520374983419,25.16341675514179,52.43210345045688,-1.2990651214833495,0.4447832502273634,0
6884,104.05492851158763,18.12886778157579,48.50601924358564,,0.5954947758745449,0
6885,105.90147440251722,28.557542489921516,51.200866153462,-2.423959183116448,0.4729270366183448,1
6886,100.92565925545328,23.336009650064597,47.390428497082944,2.398528998150313,0.6602601620992277,1
6887,97.61868727999111,29.17893183622292,52.06226086936105,-0.412344568203179,0.5487394137950419,0
6888,114.02787216343407,23.946468154250415,51.75198076515858,-1.6640044983317654,0.2228055170294042,0
6889,101.83363647644863,26.330693870192704,50.93671584592746,,0.49440344587794616,0
6890,104.51619948406555,18.831511793599706,49.21343172677238,-0.505273645970558,0.4822419790552939,0
6891,110.05419867510157,26.94181984232143,47.195998753143776,-0.008654574640904328,0.5367397659716935,0
6892,122.64527593785242,22.055952375743075,49.218719369561086,1.977218454509498,0.5459529484907207,0
6893,98.77756775055568,22.21630817198137,52.220614351496245,0.10521392471611161,0.6203532304359265,1
6894,107.24913606863255,19.42387013651268,50.25992374313823,-3.2563751965837815,0.3622242863270923,0
6895,101.46223857352948,19.762285783682426,46.8939261409751,,0.33328812421824344,0
6896,102.30604847711645,20.22910867447452,47.75054472116012,,0.6499836440083837,0
6897,101.39893989496605,21.93847402285707,52.50630280170456,0.20308319349438897,0.6004315143394321,0
6898,99.37172516099707,28.703638953307266,50.97582550425577,,0.5627803457369344,1
6899,104.7935431910767,22.419122858760964,47.53199975852014,-0.4625192092407579,0.47640239848505284,0
6900,97.62748656475883,26.69235247875862,46.46833700765081,-1.5069169713102937,0.40488289590449356,1
6901,109.73403783255935,18.992970046678458,48.74991573079987,-0.7219233335727054,0.5650168835527037,0
6902,105.27501468016688,25.09318559126391,46.29728258402016,0.1924891260876025,0.5578574532866583,0
6903,107.1121748645072,23.782694775245275,49.688331019986,,0.346768920745531,0
6904,102.66905694026889,29.735495363454056,54.90325074367261,,0.5463079800318622,1
6905,103.16398032894126,28.154493238547555,46.806087848601656,-0.9243791913399368,0.4542377957680148,0
6906,106.43781952583664,23.457957269263797,49.62794867358757,-1.5822534153753915,0.3565831628223366,0
6907,99.17974683797087,27.301713168544065,52.623853150662505,1.2132041395534776,0.34460707822775455,1
6908,103.21004782793332,20.31646489552533,51.49817571660019,1.3980037557674196,0.49539756497386306,0
6909,100.70193243060773,24.748035928701338,49.70251857040172,,0.47439602827019606,0
6910,100.54715594704493,18.895428666824497,49.707302659663604,-0.9032154338110914,0.41483906507235535,0
6911,94.4508087968718,22.1770683870202,47.68818043515084,,0.4295268133916057,0
6912,111.6966329474,20.710346179466043,49.46468845998889,,0.36810015291941256,0
6913,101.56730623423115,26.62691778390253,50.48688142848026,1.3028413648825656,0.4879055204054168,1
6914,110.81688027581775,23.881088294572336,52.21022708654818,-0.6598324796236434,0.5465746464663365,0
6915,110.34396160697146,27.012845746176126,48.75964875297049,0.08935871764459008,0.4377017722361553,0
6916,98.57000146741753,24.183545251577346,49.62032974387307,-0.340015773782418,0.36186012038734733,0
6917,99.55794382163577,19.03781330581966,48.101573038486634,,0.554084759393031,0
6918,117.80251479677842,26.824411796790322,50.45065035908101,-1.5568774544313397,0.4667768548764766,1
6919,113.75462970963572,27.99875116785367,51.567558900617925,,0.4281550316036345,0
6920,104.84240743335948,28.84237471095351,51.259296026859786,-1.0750893585959678,0.3737496262005701,0
6921,106.28686553208675,24.863903343680498,47.65962584911529,0.4652419296634106,0.571440100063833,0
6922,101.84576798526406,27.04302430799394,50.29372641891283,0.0841941805459087,0.5416964666017051,0
6923,107.1617635710017,27.024532042591524,48.645374943499625,0.30010224519422407,0.3886552913474795,0
6924,101.41409049638764,19.868997117587334,52.02210003130567,-1.3209106883117494,0.44343306018854034,0
6925,94.83823117850808,19.97064824951485,49.677374554452925,2.2273452456155916,0.4814187475838511,0
6926,98.39222106744475,18.850626069709513,46.960973323517834,,0.5829557501615724,0
6927,105.10546373925294,21.838963621683618,49.56039458878453,,0.712188964307659,0
6928,99.34466382248706,23.682103052892774,50.916945138397764,4.7086709959220165,0.7066661996228181,0
6929,104.66361267543233,29.974774233050603,50.4880121262856,-1.3100040807215667,0.5409959575216425,1
6930,99.62669480283569,23.171920104818035,48.97640797269604,,0.4500574416254802,1
6931,101.08823038749003,26.71491106208845,48.829453220257705,,0.47614137570218273,0
6932,109.26582653206596,26.320764315270416,48.02499120356737,3.0463223323842463,0.5938371870584888,1
6933,106.23740273820053,20.453783403006955,49.210500759329385,-0.4209808912276498,0.476482230515852,0
6934,104.95167789343327,18.702085817393236,48.2886420669484,0.37303721627712916,0.5252763722494448,0
6935,109.39481986535326,24.55208101840305,51.94017197235463,0.34030247926699,0.5167488175855308,0
6936,107.40304296673673,26.403667107773714,48.19772521853677,-0.150598154921762,0.48345172101785994,0
6937,112.23281645625684,29.979021482235073,50.244568924724405,1.1332106518002674,0.5693892814614391,0
6938,102.7007036884243,22.303332627374047,50.108607806652664,0.140094600682567,0.6325437779772929,0
6939,102.85182510736246,28.75637474497316,51.89133489576982,,0.33505129837818837,0
6940,98.49445366804328,22.583189470430238,52.178736577916744,0.3204040572854459,0.7081123463417895,0
6941,102.8550964131379,26.272940501166154,51.39193988656265,,0.41958191311421067,0
6942,109.82384947151223,25.179035166204624,50.70585668658026,,0.4720373761589345,0
6943,111.49993686131067,18.635745519631165,47.902707707811885,0.8331342791144402,0.6745868632436941,0
6944,109.80152584043334,18.940661123643103,47.862259824523484,,0.6020209247473707,0
6945,96.02904066725281,18.249169076693533,48.3086183604701,1.867513573217542,0.6468775655304843,0
6946,110.41572606330367,22.450009015127876,51.50384199925583,,0.7640063965072442,0
6947,95.80740688363964,26.949612585192128,50.14665985650127,-0.7816033158615137,0.4444440898220543,0
6948,109.49058662061174,20.07306472788867,51.737314481471124,,0.6020171138989138,0
6949,103.16107736714473,25.270235620606748,52.00560546864017,,0.35944596496895637,0
6950,108.51266656966928,21.465933360372937,48.548096199401506,,0.45870434900768725,0
6951,98.33775826052717,27.563911487748864,50.06414865511437,,0.5985233071633396,0
6952,110.85583816353073,27.580753788035892,49.97401264263282,1.1667557460087834,0.6729427780570559,0
6953,97.67512626947556,27.30497417959708,49.34442462075157,-1.6154868392797725,0.49000887088944717,1
6954,101.65772544573412,24.298002165616523,48.93031429095058,-0.5617490087629786,0.4923610180208629,0
6955,100.00952686115482,21.41480052095822,52.369511006822115,-0.7081342836440154,0.4328323104620209,0
6956,96.2285757358875,27.713328526543613,50.103943453431,-2.262637054837752,0.35399394457500505,1
6957,105.47263783794234,20.233206743270898,50.026289577119535,-0.05456599524768428,0.46524357406515926,0
6958,114.03044558918481,21.477115224343873,48.394444650262805,-1.7178625146578537,0.28431896725316,0
6959,118.33452611160004,20.20737247392746,51.35042486082701,0.2384905368829896,0.686267518136842,1
6960,105.48577893543124,26.090521924651775,47.98978499832397,,0.6200516213903212,0
6961,110.58340637533762,26.23483233738982,50.90981105768937,,0.5549267443406192,0
6962,106.16047318964269,25.830119913441038,50.96445872011032,,0.6145928915990703,0
6963,107.49441597384106,22.987217602376013,49.17496990135286,2.296411074896303,0.6901258149811467,0
6964,103.28925674436381,19.202052086417197,50.63530416236636,,0.340053789838589,0
6965,105.97538462711302,28.934035014180253,50.371339118088976,-1.1377227240258552,0.5067889904017422,0
6966,107.68739352303214,24.09277156814686,49.9212787503797,0.9827458457642126,0.6761118909275374,0
6967,102.10770135561835,22.883666338933097,50.02588796029047,-0.1979722879735713,0.42231191499239873,0
6968,104.61252850053506,25.06589871897952,50.12356364638704,1.6879899105874159,0.4310294276341428,0
6969,104.70784940501255,20.31348522982927,50.259823345344095,0.8425331885490666,0.42592240918551294,0
6970,109.13201658665263,19.590585349258493,50.12048406268741,,0.6342240897377828,0
6971,99.6698391418616,22.866302657495325,47.792271619575715,,0.371175150352753,0
6972,104.74228895696174,20.726648329198927,49.69557809798879,,0.3716465169508865,0
6973,114.56002734526349,20.931483534445974,50.52989720239374,,0.4600781098577479,0
6974,110.82030076292969,28.710137853342353,50.19457745707858,-0.10751123687111791,0.49454452721294817,0
6975,111.74589524444353,24.3691101262299,51.90750051879028,0.801731229771856,0.48912030504641946,0
6976,105.12215920089017,23.801628771880214,51.24017317899891,0.993910780012806,0.5460975401266325,0
6977,106.60498781843012,26.273755124743168,48.25918092989373,-0.8018227726438845,0.5201604173967257,0
6978,110.01118083351463,29.418577364120875,49.66674578389121,-1.5135084877877327,0.32851869600670425,1
6979,112.80127764765466,19.34638277364677,49.37732669310562,,0.5171881039528139,0
6980,95.24198543558556,28.002414805311087,49.99130302674563,-3.5717873036616843,0.23618537435243797,1
6981,98.42279346475077,25.00823015841415,49.9940372003226,0.12100088817932686,0.5054748274992816,0
6982,111.54722050701324,19.753984245742046,51.2230433384797,,0.4612565806390809,0
6983,103.61555322115598,21.5657918242679,50.354656726282286,1.292512566739021,0.6001835972139876,0
6984,101.64139605370961,23.788336997576874,52.4610900104171,-2.978772800314673,0.3695240905919833,0
6985,98.72919506502198,26.294125734929075,50.48200627532472,,0.6243640047861171,0
6986,102.22491649227945,20.911284203441426,48.338818959325444,,0.6156105718520644,0
6987,97.98815358288087,24.41854578561108,49.06543875966356,1.013101991926528,0.4879047327516342,0
6988,115.45547136366238,26.216059528990343,51.207578141463514,,0.6665229833263494,1
6989,104.88781974009713,23.384889010170074,46.77166347098863,0.5096002839449215,0.5585784148238969,0
6990,104.7102472911864,28.35631153344211,47.30823917047991,-2.4923011048509895,0.46379968779591463,1
6991,107.94038337583916,28.433509234084852,50.02139441425046,0.2497937596537162,0.5004928409571925,0
6992,109.81172584633285,23.64829461168535,51.90184423704233,0.6127340400960064,0.39976680847688234,0
6993,109.7294407827732,29.675108524906797,52.61407086390975,,0.6435243338980793,1
6994,110.36810971953786,18.90702110886537,49.565788505956455,,0.43024405618321904,0
6995,101.84577224604571,18.04034853987524,52.12165737397177,,0.16632741415096725,0
6996,103.51066597521569,22.56801916564703,50.14453581953779,,0.5466415130141579,0
6997,108.84515827721138,25.213164736470112,46.93717003551354,-0.6545639142244539,0.3727567390409186,0
6998,102.3630546918019,25.55040188939593,49.98384692704326,,0.5659275930560169,0
6999,104.97446683986388,23.717348835525943,48.7621837507569,,0.46721560265501944,0
7000,106.99381882212407,19.498599758887753,51.83646176095548,-0.39953558789321847,0.4656912757261406,0
7001,108.92592541155189,20.04597026145473,49.94864947929103,,0.4577165170794567,0
7002,96.111595188149,28.22577580622411,47.444173786887056,-0.8854800358955699,0.6146949424636581,0
7003,108.57372824944473,28.414933580871136,47.00057037818288,1.0796871327482385,0.5428379242825536,0
7004,103.83137971074137,26.08678245432864,49.9580400851711,-2.98858802078532,0.2606279744371688,1
7005,108.5372885543219,25.97061566734659,45.15956505708059,1.7048650562161949,0.6829385340713612,0
7006,108.88465846177414,25.17218553633369,48.963669420344196,-0.017817177473803937,0.4268553805543811,0
7007,113.03957530559579,20.435110628423857,50.462060651485686,1.9524707021931391,0.5867168433196871,0
7008,111.76726823810601,23.139008403118837,47.88596699188928,-4.120848213171407,0.2034949196449548,0
7009,111.73285831305148,26.350735817560544,51.98797431381066,-3.654343980916661,0.33842615149681654,1
7010,112.2183515958312,24.447027264040067,52.382013099501386,,0.4820796352918525,0
7011,106.45689492407973,18.22296400866119,47.9665980944961,,0.5350427288139894,0
7012,105.1609254351842,29.44268168064118,49.403911651607025,,0.4733818631679263,0
7013,109.36408541589168,28.13779263086572,51.98938630264294,0.8757687451237732,0.6255685800888522,0
7014,108.66040475716511,21.126540169316854,49.99738493148982,1.471964636164445,0.6439076557796828,0
7015,103.4546688163087,25.397507221995554,47.21104284380196,0.9989993205320522,0.44600923933997966,0
7016,107.02411704404135,29.07887260473825,49.71335786287129,0.1549027565701217,0.4402798115248237,0
7017,104.82451766607703,19.152132145363815,48.29414335540832,,0.5996074754519481,0
7018,100.73033545769972,24.036353769560407,52.21639579285177,,0.37560734638853666,0
7019,111.45230370688175,23.474916310155535,51.21186418864918,-0.08306148630566641,0.5450366541483739,0
7020,105.27599621265044,22.92246006340239,49.372486109468745,-1.5363463308520906,0.5071309404822801,1
7021,115.24354128849426,28.0270633067151,50.28429602506008,-1.1770942010415864,0.27698726019709874,0
7022,96.87253864900083,22.567753760369488,47.38375684605503,0.7715462993201324,0.49794344189599304,0
7023,102.21610613578316,18.76395999889209,48.49244508288478,,0.5467873285544703,0
7024,105.16319418345435,18.79005290597163,53.106558375384985,-1.1063428412539995,0.42998547083453587,0
7025,110.68690548814457,18.51293527829531,50.10702930515934,0.6738465197774895,0.4932748021462986,0
7026,106.99734686301093,22.909745062488447,51.86017160958273,0.5698494853956256,0.6116039523668116,0
7027,106.55236377090375,26.62087533238032,50.464026176816056,-0.32294937817291697,0.5942431066882081,0
7028,99.36368103722927,20.444669543166185,52.628563686059046,,0.4209888682708772,0
7029,99.21529301385264,25.757622245178595,46.002324934801564,0.6239218348198605,0.7079091697990134,0
7030,106.61252330144953,26.24506166524445,49.623564831961986,1.453435674575836,0.39425011045047953,1
7031,98.1794700309082,21.062425488187174,53.28956329243278,,0.36437008981898283,0
7032,102.34061124855336,25.206691872727554,51.91234687112129,-1.7880508655656686,0.36515950204620745,0
7033,107.50458664542928,26.21842008032217,52.650744517580385,-0.3321412391451768,0.4499399947481829,0
7034,100.08837863861612,23.59936347362551,49.98647081268702,-0.6107247566901254,0.4405873074189611,0
7035,113.02677981180904,22.04059916736114,48.92578716917323,-1.5794791595616688,0.36757552660957743,0
7036,111.11968172118945,25.42981861889193,47.945671080624145,0.7468991484031512,0.4647838701677891,0
7037,97.1429000083085,29.734165047936685,47.80614381667698,0.8622788690930006,0.5210827029211742,0
7038,100.33814378409006,23.122096912427736,51.61412112441704,1.0893126325589397,0.4954809918499829,0
7039,93.57111377752526,22.70082115542145,51.02642210084171,-1.4863694311231348,0.4938743022441681,0
7040,101.08704318725934,23.57120282911336,49.86685310133928,0.23617640561875985,0.5148702667607731,0
7041,108.831942382862,18.91462072134058,51.01638130970336,-0.009412849266190477,0.47741307805388683,0
7042,102.93052528862572,24.63795935605668,50.28490351810412,,0.5158433665078265,0
7043,107.30398621807984,21.944368646607163,51.92443540279897,0.19458973724728934,0.6211456235594639,0
7044,97.38832840859128,19.45706546797515,51.90537350981634,-0.018818917374458698,0.4507184027781627,0
7045,108.98987627290953,23.59508089340848,47.86825179903032,-0.19908563921182149,0.3627065754716435,0
7046,102.22445386035825,18.04060783888773,50.54729197493958,1.6602609150382803,0.4852765712217427,0
7047,105.06084841141453,22.82142294195311,46.66226649961184,-1.2927210112789291,0.4120618294886776,0
7048,104.53562749303474,19.268823215117408,50.266041476181194,,0.5351625041698843,0
7049,98.64225739553858,18.291512440797362,51.20860855940317,1.6220560002089401,0.6690835520928895,0
7050,99.23457834130109,27.893700554934025,47.37256131041368,-1.2165838860471134,0.6040346399480953,1
7051,109.83897234501713,28.99498563939162,49.167074529078334,,0.5169089126203991,0
7052,106.99496078750848,20.49209578030928,50.019052754439606,,0.46675077454771396,0
7053,110.25024520776714,24.471579166011136,50.46782983274678,-2.135870760970564,0.372883874434907,0
7054,106.6232911775126,21.33549788557182,49.44279259355033,0.9909466845397408,0.3331813091813682,0
7055,105.71495317404609,23.922929264066184,47.655423695190656,-0.7344518688704451,0.43212337069462414,0
7056,96.36994690666617,23.23957585072992,49.89198559616148,0.6150009232806337,0.4702393566475202,0
7057,103.64816651619415,21.22861266096583,46.695512866118044,-1.8311018505834395,0.1771423685711141,1
7058,104.86307839798128,26.404722955623573,49.53471712663571,,0.7996342776081712,1
7059,114.76553599136287,19.51789151184305,49.11725277260614,-1.8258579748343142,0.3709087265193588,0
7060,108.43478316049338,18.636873386056404,49.731468653121155,,0.3436502592070947,0
7061,112.68030590854764,27.21210519644735,48.88135604504863,-1.7631935756639778,0.3844262814598,1
7062,107.98768852947364,25.99116037464816,46.9846383236876,2.7124513066335956,0.8006995883627946,0
7063,101.4434838652526,23.982313489756777,49.26731335882098,,0.6853562747254429,0
7064,105.58562108074926,23.6134772456705,51.861640250074636,2.9262856424954755,0.6521513342380947,0
7065,106.18111823132116,23.968936553897116,52.52292160797761,-1.2283312311159897,0.4482212132485091,0
7066,100.30422215114659,23.244288913184075,54.87866855743853,-0.6639760440731934,0.589360525087777,0
7067,103.0780631170354,22.71470754997415,53.38330081679533,,0.5757527483008344,0
7068,103.97116503161413,23.996287234633442,47.60612414666379,-2.139294032662674,0.43906368151928915,1
7069,113.02809916282558,24.342182053917124,49.18312479745468,-1.0488999838049131,0.531514007370866,0
7070,94.5962973730451,26.30282776900345,49.954428730324445,0.742602644533998,0.4295365120329483,0
7071,111.02909210358021,26.534485928808273,49.8288803315326,,0.5772681896261453,1
7072,100.31602382520309,22.531548961681736,50.139066659792455,0.7827261330285671,0.4511674581032162,0
7073,98.13960406365193,22.962486272921865,54.815182843095116,0.2556065775325774,0.4494011653487302,0
7074,110.89971065019232,22.484366036834675,47.83589690841521,,0.39645880824667484,0
7075,108.6594903461719,24.438429283508526,48.5729377275714,1.4516531819751994,0.6665427965706842,0
7076,111.27259351190595,23.440242454970345,53.28765186017819,-1.8936496397918532,0.473058013384077,0
7077,109.00350973772788,28.67515755763432,48.7680373138303,1.1569186454594056,0.5529059643126499,0
7078,115.29922500868702,26.35633520299767,50.78716130067143,0.1927130973664215,0.5380526339673218,0
7079,107.79361918472243,28.783876605053347,52.06931473973642,-0.682518697058613,0.5732030387082973,0
7080,104.21761311938421,26.509643898713108,50.97299803346406,,0.4179341533732022,1
7081,106.71463188660671,29.65190578228577,50.38353126620498,0.49390398811222436,0.44348966270094997,0
7082,111.21734564172982,25.62884133906323,51.87722153938797,-1.3087871902162909,0.3742678565873507,0
7083,101.10312337369942,29.562601657956655,48.21386288699006,1.8119302140788647,0.6815245764965155,1
7084,101.74055708734309,19.898038684913114,49.007273741008,1.8666759139550986,0.5122101098647077,0
7085,103.45519992701047,18.629732169952845,51.07127517693033,2.463051031478995,0.4663681816798196,0
7086,94.47708600617334,24.949502222446313,45.8611214815715,0.4213461556129625,0.4906484396372399,0
7087,105.69039204208774,29.801918469597297,52.83316764668938,,0.46214203519725233,0
7088,95.56935648024486,23.01126296762876,50.60678475039556,-0.44535387100598545,0.5637821366058455,0
7089,105.26529656466309,20.544520346315515,50.3060635055623,-0.5551313742033812,0.32646579189230474,0
7090,109.32644878067624,24.25849739032217,46.73897424471789,,0.553247607586887,0
7091,102.61561769678082,25.785583494946664,47.42678174920052,0.6549108833829038,0.6478714446424849,1
7092,113.38557935093435,21.782144346190666,49.202832671398276,1.8473465490253467,0.5106328073611673,0
7093,97.69749550290756,26.577232301991113,51.6148597005912,,0.5096736273017042,0
7094,110.95630340815916,29.70137408454871,45.84676797560283,-2.1048409958003376,0.1796987959347009,1
7095,108.37568528203461,28.7635574605274,51.57672960155471,,0.5567598013065376,0
7096,96.41983375844656,21.499024482146343,49.27993735178327,2.3337776700847845,0.6962485200745486,0
7097,118.55397149520266,21.92068419773518,49.5531530545167,-2.334867855708021,0.38125882861988514,0
7098,104.68127357248017,22.458494693395064,50.50718588338161,,0.4227081300087192,0
7099,100.61257988922185,22.734633340723743,50.538634475692824,,0.5373953422849789,0
7100,97.96456402607991,19.203833990319353,48.57514282012681,-1.325196465599281,0.4092403834852736,0
7101,103.89990986170163,27.14355406667147,51.24982017693768,0.5934165736681875,0.2516325953423099,0
7102,104.3629656380502,22.384071163328407,45.36120372020712,2.3414295384341477,0.6948927251588817,0
7103,105.51322764269833,28.557839720465427,49.09916222686469,,0.6418948942062566,0
7104,103.5110192188802,29.123287477441306,50.30736352635381,,0.6142397626363459,0
7105,108.16612655057547,18.293175711692257,49.31010136957105,-1.9440738594095535,0.2750960186513294,0
7106,103.06185083668377,29.862036839138476,46.34617939206804,-0.14827374165410478,0.3009069147783525,0
7107,95.32517941379764,26.520272778002216,51.51605475752094,-1.9982247304341616,0.35905024915715456,1
7108,104.2531925217518,24.244706711915548,47.503224375745894,-0.4648863321303449,0.528542136192482,0
7109,93.16261173313362,22.67433130047064,49.86497198494342,-0.09458647258740568,0.4009916035498481,0
7110,106.76885315445695,24.222217591316557,50.30606919413525,-3.5408122360657126,0.1638559467430669,0
7111,100.10349884858682,21.895496687741332,50.03965430753073,2.0824833068818305,0.6765811236819255,0
7112,105.816801774579,25.472253764358577,52.33802185172763,,0.3725902053341507,0
7113,111.57037490762302,19.115763317337496,49.893474880012626,-0.2789388017560424,0.5483119830058045,0
7114,100.25625652366,25.453471234941723,50.85491080939388,,0.5416171627184974,0
7115,110.30628129256058,21.30413820166133,49.88819193369752,,0.5815307094477153,1
7116,102.83305216656923,18.211617948628156,51.22591216833255,,0.4341749263152612,0
7117,113.76597401032792,24.63246919395453,52.786990594095045,-3.763777891459343,0.27596656820204646,0
7118,103.17423693400893,24.941373070232356,50.27508365894439,1.6179955740169303,0.5350455364764677,0
7119,100.79753507246654,23.118828056538433,51.563700715166,-1.8742423296393145,0.2961597716296732,0
7120,108.43619225197644,18.867434790603802,52.91065786976439,0.5391648653755924,0.5752931879419705,0
7121,102.82105135188182,28.7201154336503,52.71436849394854,0.632384550203469,0.6563729421084055,0
7122,100.79275242935496,25.33716968673467,49.22942119277758,-4.87804414900738,0.20604986178888884,0
7123,102.61080074648105,19.388559594827633,52.07286471149033,,0.565497204557494,0
7124,104.77696733908499,24.13116691912977,50.49754232009438,-0.691216810075703,0.5030969572191216,1
7125,111.71090065622427,23.967051791381657,52.23445999546783,-3.876191878408852,0.332007863846158,0
7126,95.32956127270211,18.724822425515125,51.1372691671259,,0.4651479724668307,0
7127,105.1154032947521,25.28231644323537,50.55133615207237,0.18431784019000091,0.6067266830122771,0
7128,108.12451797327022,27.699916787058775,50.86794416069271,,0.4479063335564577,0
7129,105.96724287495898,26.98809665098174,50.510475912077865,0.4539816459664082,0.5781814320931548,0
7130,111.54932584716767,20.4356329699702,50.58866609027302,0.6738314680932779,0.6383550416479418,0
7131,104.62827335120738,28.347510354650538,49.682335278836185,,0.33592505877880635,1
7132,104.07724278907027,22.110505987912212,49.49655131878497,-1.9272723951189588,0.4041102634096447,0
7133,107.96164773506672,29.358100539503297,53.52634985874534,1.142049284268075,0.4803766816770915,0
7134,105.49656907475675,18.860975570708565,50.95505582222237,2.28649536150402,0.5650199440108217,0
7135,103.04795630859765,23.834504262238113,48.8533901555372,-1.4511120732933187,0.3924753051106152,0
7136,107.5807201979319,25.165492526130592,49.44516513714071,0.38835839114543536,0.4289982388174143,0
7137,101.73735853391678,20.971801181695255,52.112516906895905,1.210624339970843,0.5542364750666489,0
7138,101.94411423990337,27.25656226464273,48.52762657982276,0.3563334257839273,0.5508995678058642,0
7139,102.36002989117193,25.522748157728604,47.03594463637798,,0.5241375528039299,0
7140,111.76534580083204,18.217313247455465,47.18310171879591,-0.9609749916734893,0.37110412161618433,0
7141,88.89491822007143,25.30042308835483,46.542048799590425,,0.5882629968884961,0
7142,106.97799417381471,23.897738813021355,47.402370283471086,,0.5923073915758951,0
7143,105.1713590710011,20.352350420442093,47.63826812039838,0.5834130468259122,0.46829793896462923,0
7144,96.59564770380939,29.948978724714355,52.77047475921628,,0.6067431419598903,0
7145,106.54863389568001,28.76594633793138,49.90764157468146,-1.2186276105012182,0.3658221808149039,1
7146,107.37875995915766,21.510092340348763,49.273472921726565,0.0762315349714579,0.5415111792609273,0
7147,107.948196156787,24.492851049583393,47.11317387396285,-0.48336403181715276,0.5510669659489174,0
7148,91.74085968477526,21.798025678923487,49.71374720505732,,0.20952030221857768,0
7149,111.8319470592722,27.305949019632937,46.525343874871616,0.4754387115281458,0.6106186321093019,0
7150,101.3113164765758,29.16397719835746,49.26116565742727,,0.5617338909671444,1
7151,108.43283873376588,22.305943282972603,54.12898877968735,-1.8071826312056216,0.37874942271045525,0
7152,108.70536890341143,27.66701098972353,51.32760715741273,,0.5722782189787492,0
7153,100.61651457190354,23.98089051255846,49.58040367929094,,0.376216964772251,0
7154,108.30229976175775,22.758942735738927,51.39624721081271,-0.5175235804151046,0.5104718745963011,0
7155,103.0725337954382,29.26106222518524,48.95691364374486,-2.893194829014992,0.6014452366106622,1
7156,94.64311410330922,24.124856264628377,48.398644514241624,1.444624173264951,0.35255763263820095,0
7157,110.83870962763889,23.60892600308958,53.40825925906569,0.7860243178735404,0.4892300632127881,0
7158,101.1247751849188,26.069212823548117,47.71545069215945,,0.6327805954501688,0
7159,100.72753268630973,21.134810412219412,49.2917575286453,0.5809884305966164,0.6552077509453327,0
7160,102.98467065981639,21.897514449459788,50.61206656472702,-2.2739354305353965,0.24806099158541994,0
7161,106.36118362663694,29.18455003486347,48.127531588485105,0.34349844701872784,0.4533558490942923,1
7162,104.71364794588949,26.142358145243307,51.301209907262816,-0.9137002535174237,0.39628319848030347,0
7163,107.74033462353586,27.919645773252068,49.38681095071549,-1.444285657850309,0.36248613729311224,1
7164,98.3025531673567,21.253341143225157,51.32782065513371,,0.5258861591640973,0
7165,101.28806814784633,24.525482279158464,51.17196835950104,2.4877633751290187,0.48151907242123304,0
7166,104.42001463839233,29.656755203873978,49.51397573874834,2.240009128434512,0.5865479166227368,1
7167,114.48943646329353,21.824446788338612,53.42131734518197,0.9332175277659238,0.45304598670205837,0
7168,104.43093730793122,19.925717715804502,48.669328393133114,-0.04534223918879493,0.49084739789993365,0
7169,110.42611131830816,24.13063209869597,52.69774094109747,,0.4133213282307925,0
7170,105.1927758439216,22.653853064698517,52.34986648525608,-1.3567553796648406,0.415258559344169,0
7171,102.58170681281216,19.914926793440564,53.54176441532088,,0.37612627466439263,0
7172,103.7663778794278,28.662616592440415,50.34811207868604,1.3627859393822166,0.6634093583983841,1
7173,104.15790143985559,29.888686926645335,48.42282857614402,2.734708698037405,0.6041757737306394,1
7174,108.0182286948037,24.822986168279975,54.15359317065909,-1.2247219604460584,0.4401466772847893,0
7175,111.87305633788277,27.296121220481446,49.330597064047275,-2.9925202270075486,0.33579204574453636,1
7176,106.7984042384316,28.308460434555595,48.37291485458893,,0.46090767215591727,0
7177,110.93538839370878,26.411784072261923,49.62042650819038,,0.5680158156880328,1
7178,100.17605131185157,18.529872589340776,48.03661856768584,3.108415935988604,0.7359346328623618,0
7179,102.92684745592985,19.891610780601813,51.05229765024669,1.9650618099852055,0.5696464005792441,0
7180,101.37848732896167,18.85187029381664,48.788663236482975,,0.5244170373626081,0
7181,106.57222295437427,18.11855527970468,49.42503166019026,-1.2743405305121105,0.44045450241315764,0
7182,103.20520807410293,21.671956905086837,51.93555772332992,,0.37710537581319925,0
7183,108.64886468517098,22.708271525778716,51.247386420352385,-1.9857144558993118,0.3932229193600364,0
7184,100.34499144183779,20.89235678803111,50.031169145139316,,0.3448862928679137,0
7185,105.21515486660641,18.775255777035852,50.34174705749396,1.3711466751167483,0.6735355809934629,0
7186,108.43428955506128,24.35835709004013,50.02451086126308,2.4367307804023888,0.54378326320183,0
7187,94.67348612479695,21.2798318394857,49.13768986716527,,0.6458541596337466,0
7188,115.60815653665102,27.55244585836275,49.99494667830442,-0.3826814400148779,0.47475335543921815,0
7189,103.58424057560062,18.096631459503374,50.98168325098589,,0.5056109575487242,0
7190,94.87480043161914,28.110324615451326,49.74767574204232,-0.1687727340199386,0.4148301667302704,0
7191,105.79046949288393,29.457044147351482,50.83953526046055,,0.318549965753709,0
7192,105.16721733986576,26.593620757842835,48.32666244315391,-2.1946081091597938,0.22538860670235922,1
7193,104.59052810213754,26.8037287831508,48.79221269770859,1.382209392760183,0.819400703160958,1
7194,109.95595556463333,29.202747739232798,48.53135899345205,-0.6358709944629891,0.4084124204756488,0
7195,108.73722485713527,20.50885542360419,48.869737256415185,,0.6742219943707556,0
7196,106.48938095511923,29.93478681850292,52.574362093412184,-0.016379943076476344,0.3694053741616946,0
7197,107.25077816973324,27.281774440542502,51.45207758622072,0.4458250393309604,0.5401767243298399,0
7198,104.47820775280957,26.718848499933525,47.84615376263131,-1.0529238151219613,0.48219453103676685,1
7199,113.87745424620024,22.333086947943514,50.87499659281691,-0.5169229287231741,0.7577950546739783,0
7200,97.60401990821117,24.54932982486733,49.21883537470286,0.9630631850429352,0.5163672853752285,0
7201,105.69825837107949,25.847013459280163,48.635230829056866,-0.19724735210756084,0.41901082748549756,0
7202,105.3251231559439,25.444114335806592,47.02852106855499,,0.45222030975777694,0
7203,109.06640203032296,26.45981566173097,51.943837387640485,,0.41589179543197546,0
7204,100.7807306128755,18.98858086894093,47.27227370066572,,0.5698833151943012,0
7205,96.28163698801733,22.267781193980362,49.89607364398025,,0.5976177939649538,0
7206,105.78411508049096,23.208000199145726,48.107377508550265,,0.511059729707627,0
7207,106.40615246109301,21.1275515744996,51.551687894139846,,0.5445907274055841,0
7208,112.44799704723825,20.071527243230683,49.331296347372096,-0.8210027469963682,0.4697819995855904,0
7209,98.64818976837456,19.667129758954353,49.73107468895931,,0.5589094389521992,0
7210,110.7734688335836,22.39660070707902,49.798531474139935,-0.7856002610668855,0.6259653243306049,0
7211,116.8370718201356,23.921300406750788,50.60514066987157,0.7592418385559203,0.48779778404398383,0
7212,103.11117556238761,18.755717281759928,50.02600952796662,1.5624976839234748,0.5369740798214919,0
7213,98.54528890253388,29.357497135086597,49.91345362207777,1.8597515389411337,0.45842283498793424,1
7214,102.96512816813315,27.1829198743291,48.96319604949044,-0.6183096787464976,0.521187543522419,0
7215,105.0700248368569,26.7702212782256,46.85054125331581,-0.7680395991211777,0.3971228652978951,0
7216,107.81893937503457,20.074326299864723,47.76289808091629,-0.6305916368379461,0.5030232164747779,0
7217,102.04302635080977,25.245609216146267,51.43695947736129,,0.47164455080020085,0
7218,112.77599267073671,24.35669936170401,49.388361073347404,-1.8042185378203777,0.34134922967159786,0
7219,99.42733842495969,29.789626149440323,48.67198044455504,,0.44998024388450425,0
7220,96.303974239136,26.972061240961896,47.18854371116391,0.5689076106659543,0.629896647105286,0
7221,110.53355212143659,24.909142604594773,46.560705719819296,0.736759586823819,0.6075802626764186,0
7222,93.626894843969,28.20975199764147,48.5935862397436,-1.170741632805802,0.5016112762911962,0
7223,103.97935115563642,19.861131250328512,51.77610570809051,,0.42402805232822316,0
7224,120.58840564604024,18.182598356291727,48.88585961275536,-0.4042557099591914,0.3361802514250096,0
7225,104.93978223520034,26.282800000974277,50.80097105048289,,0.40023216974386944,0
7226,99.39616174651876,19.17973752284685,48.79388034120409,1.032026580996996,0.45065327756115137,0
7227,104.71301268106603,19.38520367980211,51.2777333920577,-1.962261164942893,0.4600415731582368,1
7228,104.74599605690233,26.936168717094368,49.29649839638266,-1.7239434075644129,0.4422549832838219,1
7229,105.80324970176558,21.246418129607868,47.53623150889901,-0.44765294347116935,0.41775566034186506,0
7230,108.3113149107981,25.543574586826715,49.462093864201115,-2.0484055550065117,0.3547921694301224,1
7231,99.8044441581613,29.00888311311298,53.668000836560815,-2.850705418434992,0.4050296949691308,1
7232,113.43774027618397,21.7976943796543,53.57976863110171,-2.2402157394296323,0.35605609967793406,0
7233,106.2255714218631,20.605729894079026,50.97306660555873,-0.36407188267315027,0.42368173500863177,0
7234,108.63397023200902,19.27875460489262,49.725882369172595,0.9457962244882129,0.7451489241238277,1
7235,101.85925300122179,19.565548337036713,50.60780360419017,,0.49389007061291557,0
7236,111.43191068497767,18.746672344546113,50.63370467746658,2.381873148808637,0.6859576253723889,0
7237,103.71473795593468,19.05170854595688,49.920226495265794,0.1524976763562907,0.5468824515066539,0
7238,106.38776256746766,23.18405506570985,50.88188803984524,,0.365389445274145,0
7239,100.33446961406446,21.850380540287638,50.416453724307125,-0.37561055554251666,0.4133200838759237,0
7240,100.01534186798936,26.478729771875976,49.36805522927137,-0.3027396986040135,0.5667751857442694,0
7241,108.44102653226442,28.442899898964022,47.609486401232715,3.1208179973928187,0.6428926212774716,1
7242,102.78196584896307,27.41727843770861,49.07988151555967,0.3920271558825479,0.3731073998914255,0
7243,100.73088456247811,24.367647079987826,51.59903769814719,0.5224114036411824,0.5655693897276349,0
7244,101.78408328986485,19.22930539479184,49.93707555100927,-1.7176714543754494,0.35588596276388207,0
7245,108.4947653585871,26.517207407298642,50.60057378317501,0.6156334123576022,0.5743708881657182,0
7246,101.85481069398195,22.353944696722483,49.43396894459117,,0.8181523641998026,1
7247,104.41172534198918,19.02780472698492,47.88080498997875,,0.6215171665926458,0
7248,105.07513875143549,28.109596886551508,49.52274057025635,0.9451267873522522,0.6084736409943365,0
7249,95.4132555699485,22.058598206190066,47.9550881985013,-0.19010734212597516,0.4650951799883215,0
7250,97.6443679731324,20.618985990138857,47.8274216527929,-0.25413496929481316,0.37533448576650463,0
7251,106.68138944623782,28.45742477542612,52.41127321773882,,0.5969864410782415,0
7252,101.31485319423652,28.825606421364057,49.15982799013157,0.1607805653413549,0.44745509966943936,0
7253,110.28362455640209,22.067650046298716,48.517030549079934,1.9014756612092676,0.5721556129659745,0
7254,109.83403552125272,22.257617031376483,53.23591936876181,1.608959323801811,0.7597955197541497,0
7255,108.59584333177719,24.95554233099773,51.62997007080848,1.1293664305886706,0.522697545659632,0
7256,114.09885893656299,26.801297925727898,49.25698154899632,3.043814970705447,0.77372356171606,1
7257,104.58455336128408,18.757790422882362,50.855272651104734,-3.9843575629152386,0.3395299336467815,0
7258,108.2444096295192,25.12012388626166,49.528423363478595,-0.690087861489046,0.41018650298689485,0
7259,102.07799511701984,29.433840741402978,48.6146406414408,,0.5332952849090604,0
7260,117.26184956434362,21.145126766159443,50.949382448970006,,0.37794065451851605,0
7261,114.9181682621801,28.905926569163206,49.351396229359594,-1.3946260869785867,0.5207412065751453,1
7262,105.05940217258896,29.402020089157123,50.15099601799881,,0.4959224098066657,1
7263,106.93293114952596,21.229843691653077,52.04272646979934,-0.4669929181263938,0.48155106698556194,0
7264,111.79648799682403,27.050422390624206,51.82242620759075,1.3410405807627468,0.7012996717150637,1
7265,104.26430247592947,20.86530009983472,48.89981341628785,1.1609045134564095,0.5740526004082296,0
7266,101.71687964600147,26.851333940785594,50.97206320457417,-1.1281948293610526,0.5350415683353575,0
7267,109.36994875503441,27.56903965546591,47.744287507708485,0.3303676177975297,0.8116380406843368,0
7268,105.39219623041835,20.96646844452779,50.90082832263141,2.0363997228241373,0.849331560721063,0
7269,105.9149722482263,26.59043452299882,50.29699061160221,,0.36773975533215764,1
7270,100.82864328466017,27.745254466369076,50.75795872472686,-0.23825397055879408,0.5174378034162572,0
7271,96.41163925818302,22.302946465282943,49.405110490711536,0.4297444362134091,0.416091623936715,0
7272,106.18071204939551,20.012433311876723,54.16814254730498,0.01502301005518566,0.5806157113815008,0
7273,109.524810207471,19.103574807810162,48.19740058475937,1.2759500910260912,0.6027191802481819,0
7274,103.87096625461979,24.904580443319304,51.943103421936925,-2.2467390444927986,0.31026116249787183,0
7275,112.18214759779434,29.73717743178856,47.93660336046334,-1.5087279911961198,0.5432484495995075,1
7276,101.48041837292227,27.875403840266593,51.00868834925864,1.0230620140439932,0.5245921397415122,0
7277,99.7264777251704,23.230075667214635,51.15157995450357,,0.32024239639128427,0
7278,104.66384846401934,24.439450834259503,50.10995174312457,,0.6008322191342632,1
7279,104.58703712324355,21.354334624941828,49.00935117891259,0.6747272343478696,0.48722909136479253,0
7280,108.84984365667611,19.956790408320764,50.2822697814906,,0.5524760277816897,0
7281,101.12518587968007,23.78497389878728,50.53402066686035,,0.639428347316216,0
7282,111.84047118407449,23.56201879400622,53.57987297261256,,0.47676940718178706,0
7283,114.83458481254127,24.26315943364512,48.25531942939941,-1.7584313552261808,0.47961938050577296,0
7284,104.80427986515829,29.43365502676729,48.888173007372,-0.6217574136994791,0.4105622131120582,0
7285,111.24855210092159,25.246743601737265,50.56947111413867,0.054508410416299904,0.40540626982432376,0
7286,99.7175146468737,25.269262039468487,49.487892419209494,-1.3481241368353647,0.4244388819360721,0
7287,110.37610770590958,19.53629715433292,49.799917924538796,,0.7848006933521432,0
7288,110.23638204279732,29.957866394121844,52.14070367072752,,0.4923470305584924,1
7289,109.3171864009494,27.274139330816023,44.35946699314153,0.40297621475251644,0.5663540742275606,0
7290,104.92218455564853,28.52644012912806,48.80410130996438,2.612775456580918,0.578183571200531,1
7291,90.22875529378985,22.97160494197193,46.5152615474975,-1.8849984579260377,0.3672917820596718,0
7292,101.79136428173935,24.0255371494275,47.60836712619186,-0.033840174413888265,0.34996026862836493,0
7293,101.87041991157699,24.265005709947317,54.80924898414494,,0.5581565190252766,0
7294,100.10872530969762,20.329134471475264,51.196336267905515,-1.249431027135626,0.46441953576327577,0
7295,105.61121502273534,26.273869875923488,51.90312985011621,1.052923757609169,0.5708411068487721,0
7296,102.90518277239383,28.83572068340948,49.83894070042714,-0.6459429026852015,0.48808760817811914,0
7297,100.87693995117489,19.964469817661026,51.51742764966382,1.1136152081526953,0.7646957069239372,0
7298,99.7059992587609,19.035819281833973,46.4668709849595,0.533825038015136,0.5566413028443679,0
7299,101.42243507257386,26.85862686648411,52.076596823539205,,0.47590784544497106,0
7300,110.60749605924964,21.278421980075784,48.3603117628802,,0.6027052093449413,0
7301,101.69487472686252,25.48635049940795,48.93736836134818,1.0282323277463066,0.5384461053523142,0
7302,102.42530646783364,26.34910005590617,51.0103021409093,0.45620059267724183,0.3536516192601133,0
7303,102.71651192488378,21.86292916298186,50.63289351716443,-2.2920606120140326,0.2326963240085571,1
7304,106.6949675690471,27.78173516910941,50.1692400967871,-1.4467883899249787,0.4084895996409168,1
7305,107.28124744264267,24.599867785370602,47.27380769283936,,0.32148670468862417,0
7306,89.7767173037842,28.42799289542163,50.199627337643285,,0.47977254391995794,1
7307,110.10817606913804,27.15952263070737,51.92112270696646,-0.47006439153056034,0.38466655732655664,0
7308,112.18184017121877,28.422907584449447,48.935025807800415,-1.583783460521539,0.3982849587585634,1
7309,99.74906731319166,18.241936585414727,52.629874090680595,-1.2474998940805304,0.3566600002764754,0
7310,100.13850877632582,20.922075128863135,48.25461612817198,2.085855236363666,0.715664167568046,0
7311,102.74873306110864,19.080095285351263,50.013095783436746,1.5432199860570996,0.7054029595711864,0
7312,101.21997990271697,23.30499620627219,53.07065546675322,,0.6437260978128078,0
7313,106.11963436973303,28.67952145938382,48.63720017460078,1.1903064516037734,0.5946688240074319,0
7314,95.26737356820568,23.61048314720243,52.107970966754145,1.8223092793562619,0.7776450632308534,0
7315,99.4103619598163,28.196556534964728,53.94930472444362,,0.4771008850590752,0
7316,112.69598600087454,21.926138856231816,50.3420881378483,,0.5440137437015158,0
7317,100.3589001632599,22.074840873663028,48.94596602523339,,0.4762923163752918,1
7318,111.21714139051463,28.74674076392253,48.45452239409995,1.154276969936119,0.6150472559714335,0
7319,106.77669097795068,23.109805758140418,52.60920540669465,-1.8196413953361164,0.43749229075774415,0
7320,95.9536614270587,27.477185853535996,52.553388398679296,,0.24044540335146783,0
7321,108.17664597608103,20.839722574582815,52.89861824573735,-0.8281036215893198,0.5695555246090122,0
7322,104.41166348903573,29.385609956131624,49.934323298688106,1.7287102258906184,0.6719705137552892,1
7323,102.7226647187513,24.894938958366854,52.07561388305421,-0.8706330761781382,0.40090417987260096,0
7324,106.22478546586002,27.11188282294082,49.90232121774786,-1.1282774569647656,0.47170791293339753,0
7325,107.37316742783396,19.074188397538627,48.233889756783284,,0.42762698147773376,0
7326,108.5379591098731,23.911970709966344,52.24835357022471,0.38950652389765505,0.44245327563056636,0
7327,110.89126423774002,28.81246197280828,53.26774055655641,3.1676735259474613,0.8252916193198411,1
7328,107.04067956389179,28.524463548519655,47.95879605443736,-1.2933622842096828,0.31989723726935093,1
7329,98.12182955606819,18.56176748681073,47.92113807419866,-0.7782538941989992,0.4620419370465554,0
7330,102.63177271174405,21.64438162954736,50.07996386846025,1.6829516061417382,0.4445114801494968,0
7331,119.71524167634311,23.31984007774896,51.912257211482,-1.9186505568915324,0.43786199416757743,0
7332,108.62245530190864,20.06717777226946,47.73236161249209,1.9795385368888314,0.6552514373750673,0
7333,116.84643650405748,26.759979731879646,50.45403147391181,-1.8111830732768577,0.48185386798220503,1
7334,111.97717041099592,20.21414394718454,48.8191460918805,0.9153353448165509,0.5925651676030974,0
7335,106.20901035777874,22.159676332438636,51.40165819965,-2.764576539697917,0.5044547270381674,0
7336,106.50703534890559,25.95936764229382,48.40422635700822,0.06769475998246888,0.44798191095370954,1
7337,104.81709980061576,23.78507213429376,51.54360600054836,,0.2914577635202818,0
7338,96.3109769207675,26.862852463618726,49.683570378364585,,0.585753370660208,1
7339,105.09023626234112,29.534494814674318,48.12571895263792,,0.2850046299040978,1
7340,111.05337276271098,19.39856025258237,50.127379910853776,-1.243285513471263,0.4457136935458686,0
7341,102.00180002589398,26.514812596776732,46.124053371023294,0.8031389344543091,0.5261947819974657,0
7342,107.05976499530905,20.764129867585375,48.88181085579012,-0.9014364433451076,0.5026819120323993,0
7343,109.25795522946599,22.973720728890832,50.67480214064933,1.049930035528802,0.39087235451993546,0
7344,100.45159780343762,18.39435270954168,46.45649044193621,-1.0663352679986813,0.4453819991341753,0
7345,102.74348567828167,19.630888587512388,44.85772629378918,,0.5623517647863883,0
7346,99.91044254761421,21.837327468586796,45.321265360373665,,0.555156041588422,0
7347,100.88917196655296,22.10382966345582,52.65425711100074,,0.2191766244043103,0
7348,98.56197358173469,28.79502259754515,49.84648197447454,,0.5285565817019467,0
7349,100.49775769310986,26.901754911198182,48.93506921198563,,0.49251989294499676,1
7350,112.0972784039892,29.666195618244494,51.89030947133366,,0.5427609365401938,0
7351,100.42261485454854,25.188858124022886,49.19110063506178,,0.5101807481298131,0
7352,105.63229609530345,20.900564785095817,50.536923799733465,-2.887282829948,0.5295654994115375,0
7353,102.48565623164522,21.931860359059716,50.051510701846524,-0.6924716187885862,0.4739477373327786,0
7354,110.8943296851847,21.838031079503605,49.058001158494044,-0.34059774846556856,0.5146459840260987,0
7355,111.55581148301809,21.917931931959018,50.58829176777821,2.1816790076933987,0.6046775894877405,0
7356,109.32034991069473,26.075570077341787,51.54652244284029,-0.8719610825099403,0.5038470074695888,0
7357,106.53067276551377,24.369695137084996,49.63018676596602,,0.3056813794562466,0
7358,103.8447023157955,22.62509013703973,49.07888885369077,-1.505954260495239,0.5020540682421643,0
7359,99.04062647904375,19.7890772247446,49.31497518400109,-0.9917898260816851,0.4112179604142255,0
7360,114.71764440561098,18.26566995530575,45.40417493442854,,0.47590917728817517,0
7361,101.20163491123724,20.62601613105231,50.566119093017825,1.453053781058812,0.6222973987176608,0
7362,108.3182317351642,19.289656847624176,47.581777422022896,,0.367025769288444,0
7363,110.29782786311699,27.425340370226873,51.25943744823785,0.6690323223481325,0.6176607992262655,0
7364,102.22359751547336,19.349975493766625,49.819151798649415,-1.6385950885448022,0.467373250327664,0
7365,110.19006263657981,26.690738847682034,50.21024219306088,,0.6957553426673635,1
7366,108.82106601669427,22.627904277312993,51.400658341212406,-0.4142305466672329,0.4878628605412961,0
7367,113.63981917690883,18.88054067692531,48.14695246731813,-0.7186674818781411,0.4399478491315601,0
7368,102.65326766786644,27.75276059317903,50.73849688670192,0.7923816699849877,0.5531467017465713,0
7369,98.57067991360142,24.95556684283936,50.53524210512533,-1.5109507267811129,0.37441480280576617,0
7370,102.47255122277744,20.829138154362877,49.63043833471441,,0.6410988499949589,0
7371,106.04426771267165,28.736174091992016,48.143627598472925,-0.7225029372547387,0.6107935345806684,0
7372,105.29106363542529,18.543099766446616,51.190476728110326,-0.8919027699150914,0.5133086133295092,0
7373,103.03281051862724,20.421835298373153,51.40690908883863,-0.13135306542592057,0.6352481077453503,0
7374,95.45401270511378,27.024563133670334,50.227204051955766,-1.634505653980008,0.530961171911926,1
7375,107.35241498064553,26.51253516371867,47.859395168570714,-0.2863375268800023,0.45885794901881544,0
7376,114.861722395411,21.471260324693738,48.94510193414909,0.5092275706839097,0.6090406285712714,0
7377,107.32125619061502,18.7442985042334,49.879334555159865,-3.4631120980766434,0.19854780565085373,0
7378,108.04567759526756,28.296936866699326,51.376989099964185,,0.6004549426821353,1
7379,107.86222653077552,21.764371656838833,46.83302119777377,1.2239671951918485,0.4429629240617032,1
7380,106.985233349412,20.348560979139183,48.872393071391244,-2.7818657618495575,0.34994112148342515,0
7381,109.65832983434048,24.192741868331723,49.19465488011559,-3.015648443532972,0.2052480982081346,0
7382,106.97686840592833,28.922726391389368,49.83355684119394,1.2628599384017922,0.6725734021906946,1
7383,103.43661415173362,18.522558934120504,47.3973494319503,1.1467783627740822,0.5178505048723249,0
7384,101.02005544995623,27.189649056370655,49.564934443253335,0.9345521309870904,0.6373598618859531,0
7385,103.75513172359662,24.869678735264507,49.37903287137482,,0.3854286518008165,0
7386,106.57064748225334,23.105389398621803,47.92481625702069,2.742963335615224,0.4527276920384099,1
7387,103.41958519438514,26.92896532926072,49.76406483166263,-1.1325013002232915,0.39495872323384273,0
7388,106.57169341565715,29.589893093299587,48.917661806428995,0.35921481152737444,0.4648895748154984,0
7389,107.19575066850209,20.750474533952293,50.99117228501942,0.37766853275825574,0.5174056768671754,0
7390,109.16589715635091,19.723768380865437,48.22934487799132,,0.7702733593915296,0
7391,111.4139748441949,28.954580942672365,50.17966824425691,0.18775094991561572,0.6767492230959264,0
7392,105.3900370923943,26.027436929487642,48.38322232554146,0.623762033511796,0.5080648858894812,0
7393,98.4611171742617,23.25583225874359,48.800491523682375,-0.11568881618112409,0.3681876866658322,0
7394,103.27447951590405,24.879114843171397,50.59458325541081,-1.7948990830675469,0.3358441692780175,0
7395,105.22031283703299,26.94736686211493,50.46943546568431,,0.37406137215503177,1
7396,95.82115621911456,27.276382784468606,49.16595563484328,0.04886981219097668,0.4916192442857756,0
7397,111.94332260051242,29.038730169827573,49.461178763334665,-2.118544635772168,0.23654052354724225,1
7398,105.71188956255233,23.12211346674747,47.09278710978095,0.5252658229708073,0.4759040321461043,1
7399,106.90676417290142,21.52093092023274,52.8055286211614,0.2231251307762338,0.6423136487637898,0
7400,111.82763231263132,25.675971201478102,51.37491279575605,0.18665054407104043,0.538558122947038,0
7401,101.84928584928826,22.988734791354364,51.30289610174221,-1.5793869291936984,0.4257597953963739,0
7402,107.87020965442015,25.135181447387737,46.80993556608757,,0.5388614122134974,0
7403,104.45067938449033,23.039829581471402,48.809020015021424,0.7121566458444222,0.4896120681988984,0
7404,104.07956566492041,19.835949440138094,49.330907942152756,,0.4657685731579993,0
7405,101.13903806097811,23.6331210199075,46.13787701593198,3.102821375883396,0.6693471393919983,0
7406,113.32801606843263,26.29101386329239,51.779900192152176,,0.5612922702718691,0
7407,103.12249979962215,27.591405692011797,52.907768977096275,-2.001429750988211,0.4545932403345957,1
7408,108.4973212344785,23.919915321558562,54.12386991200723,-1.1375279763927426,0.4450956133394872,0
7409,95.62496306264032,19.98285468252481,47.908232344964524,-2.2633362923499103,0.4252541654704041,0
7410,110.89994264844893,22.976252515793178,50.23464699366855,2.039140376530355,0.5427037708196213,0
7411,110.2610557797853,27.435527146100377,52.64563653830084,1.620672490243781,0.5762167614083196,1
7412,105.48717055148651,22.954311247404874,49.49276304210609,1.1092193621045556,0.6895560103462569,0
7413,103.86528766931038,26.358369523250666,48.866024172314646,0.8267128527792755,0.5424066454068668,0
7414,107.00000002806783,24.086564180137078,46.26796465291102,,0.5719066070413319,0
7415,116.44395330440145,20.89467750131276,52.2652449155435,-0.36299131863290723,0.5028988770057133,0
7416,96.18381650548258,27.553806096276894,49.96147848785327,0.6339932152185841,0.4151426272329376,0
7417,108.91013693787063,19.010561448848243,48.54131628207387,-1.217837295575997,0.46119296370167456,0
7418,100.44191348923049,24.298683393061808,50.56771457965772,,0.6580957601807265,0
7419,104.90040801850134,20.50669241092086,50.30601074635733,0.6751157597510848,0.4528943525656075,0
7420,103.76059940460668,18.80478754249651,50.336518204709186,,0.2956198032433496,0
7421,102.85840871101122,24.035207244998986,49.56580387534665,-0.929566163452075,0.451172267736283,0
7422,104.94767435473635,23.99474587121908,53.24471631752673,,0.5074652960094126,0
7423,99.32914427361105,26.48281082010865,49.732680533475154,-0.11627409891206125,0.48747352012101774,0
7424,110.14590218063984,26.937008316622858,53.23864415264661,-0.6785944886182957,0.5375011639461503,0
7425,96.029282444007,26.733497864314764,51.12823385280039,0.8837279082112168,0.4343742613084993,0
7426,107.69882256414171,22.91470479500106,50.70234028552346,-1.0615685598120814,0.5157889476668351,0
7427,103.36732073732715,25.58027744671875,49.77345049344369,,0.4152703867926832,0
7428,99.14537553096272,24.923342911727524,51.947913387091845,1.7756491594343333,0.4125101939860558,0
7429,106.01191685299348,23.058741073403034,50.22598353515599,1.5639727889057964,0.6161824641749889,0
7430,97.2152445664676,25.16655233023192,48.135737569772935,-0.8987236464039376,0.4664558066858032,0
7431,105.19856910859818,29.36697452047515,48.06901561800393,-0.10304185453004507,0.40767252749768373,0
7432,97.88561546094223,20.314724924176527,50.84496924386855,,0.5795063874285903,0
7433,107.30636042158916,28.869265149426315,48.18524222966701,0.06605149009612252,0.3716760924946619,0
7434,100.37821333184812,18.64146616779838,49.875537886055,0.7953114103070216,0.4712951948958146,0
7435,102.74502991485345,21.70067055481993,52.11436907710218,,0.5393650762210672,1
7436,106.4697469397158,21.45774298333834,50.60794035578867,,0.3075004899815926,0
7437,101.13728944078882,25.51638129457087,48.5557302593425,0.7738860040221084,0.423555792388227,0
7438,104.71018000165849,19.574699421327484,52.81997502323228,,0.3274410721219362,0
7439,97.43084749377573,28.588171342077047,51.095750473989405,0.5914114771178327,0.5374878221609225,0
7440,108.15437801798078,27.942616901580493,52.03558597440818,-0.1111464846175104,0.5385765842835413,0
7441,113.82456902775385,25.82478983622333,45.464883313581396,,0.3836657220326924,0
7442,118.9610443395498,23.500965981506372,50.66170575652549,-1.870103804195018,0.3116017114801383,0
7443,105.4558407333322,29.19547250570494,51.68431567275979,,0.5236856555760538,1
7444,108.94102070398593,27.96895865664667,53.40057728459598,0.05779541648466703,0.514004760742713,0
7445,96.09687163546255,23.99178177697494,47.072362831697916,-1.2594546932336477,0.3670033915479306,1
7446,112.51367163152794,26.422480253451734,52.41222917838907,-2.3953077303281973,0.5631066457443394,1
7447,108.88114252362053,24.803159426156213,53.28876057140249,-2.4667126509471893,0.39510348496088177,0
7448,102.58033277524383,25.055306860659172,45.96542204544204,-0.3811094843393389,0.46392801804763045,0
7449,111.18590400144504,21.971712833249654,50.95718221973949,0.45974645913268397,0.4843782766704157,0
7450,103.7276196167733,23.54501525549876,51.2352416286814,2.7749573914514363,0.7396310649740294,0
7451,102.70987408492722,18.93745716947693,49.34598467469619,-0.06773226757577216,0.5511178261844888,0
7452,107.37667462713746,22.28818429997511,49.019811079867424,-2.4380790773676995,0.20433159912631765,0
7453,99.6832275008484,26.349942184345824,51.33570782657564,,0.4149000216574564,0
7454,110.10812382199974,29.438592366074236,48.770036493178736,1.8770473477784237,0.549173746540046,1
7455,99.72005094036578,29.55676935315624,49.5655013431638,-1.0241934127518701,0.4475952142516271,0
7456,99.74972605088406,24.6686744294987,51.62486980164784,1.6779053661013368,0.6466087594406138,0
7457,100.45155105795833,25.279467021714986,53.50808610065373,0.2635870695524945,0.4061641547819447,0
7458,108.79750018758061,20.22865422601161,51.07596854508404,0.9703223317812846,0.5405753685782297,0
7459,101.91612319240146,26.343697297122368,50.26696899082902,2.7882839973060647,0.8093408582511222,1
7460,98.26002107816416,18.847905512092634,48.96720503067846,-2.7558958610524105,0.3651112471771737,0
7461,101.971600000321,21.416228229593333,47.97879991869789,,0.4978082707048443,0
7462,104.83978814659757,26.020360167425306,52.219156483001896,-0.14205167682197523,0.3594762366170292,0
7463,99.09513758167807,21.72372157852187,49.693100297746234,-1.423770800030447,0.3801212474546246,0
7464,99.24159445482829,18.59816248937345,52.30140654933346,,0.3845775720281464,0
7465,115.55648167049792,27.982444912211566,49.34089624400907,,0.5873628130295419,1
7466,100.69717298093056,21.723960085614756,48.701422677277975,2.0024189696334793,0.6543393123094352,0
7467,103.38478815613496,18.757262698304142,50.84159777765503,,0.35364231777552096,0
7468,103.16381499600357,18.89745797403438,49.8469281214632,-1.1547595590237498,0.3942604971065903,0
7469,102.89321596114779,21.021105585465044,47.588942790778525,,0.3916487750855645,0
7470,108.1067336998455,20.136191366658316,53.63473665956369,-0.03261611667454867,0.5815686948561452,0
7471,109.74071475236025,27.29160141336181,48.746032452456724,,0.46340079485036256,0
7472,103.47022784234204,21.860208560004413,51.85518304234843,-2.352489683688976,0.3931741868794443,0
7473,98.81760856703825,27.65634942047799,51.68371325879296,-1.1182152634485414,0.35291566894645476,0
7474,111.37220113924451,20.086151973877833,47.481074470171286,-2.037308620550871,0.3572389332504756,0
7475,104.5232945440166,23.914550154529003,47.99522471076703,,0.3180096501977168,0
7476,113.65160907428584,26.256445602637545,49.39698132059974,-1.8866069750962906,0.2722777702180515,1
7477,93.77207051217418,25.823890246390256,48.26870691084336,,0.33959621598932793,0
7478,105.9770161064166,25.213552919163227,53.45291274375737,-1.141670203362133,0.44144575500481403,0
7479,114.59303166938103,29.097859223174037,49.599648726402975,-1.2631945830906373,0.4666975227136992,1
7480,103.23367932280921,20.742301772480932,51.779498085628134,,0.5081408398532905,0
7481,103.87253288332683,23.924630453545262,51.02727477800041,-1.3607163075305382,0.3116942639240184,0
7482,106.47755845795169,28.607910600868905,50.52804489799271,2.139277038278448,0.571320047225367,1
7483,102.20602090557522,18.934725187141886,50.080642421479176,,0.5416647313442042,0
7484,103.43964033973634,18.670659219036903,52.474261415577395,,0.4390246426210861,0
7485,103.31092452904298,20.799627450699496,48.349814053329965,,0.5366239437909976,1
7486,101.86289632786813,25.596254634456223,53.452670620913175,-1.3467651311891957,0.36661780196353805,0
7487,111.14428275100279,21.11855551739768,47.42555363899181,-0.4921358475115505,0.5882442567139259,0
7488,107.30539016148218,20.282878605705587,51.563023451244845,-0.7544157554105306,0.4116186331669073,0
7489,106.2531411605165,23.505627784299506,47.18967228012043,0.5586610692162415,0.5941336633182348,0
7490,109.04285503445058,25.363176825232937,49.36858889554608,-0.1932667341267652,0.5918435129605989,0
7491,103.67822083398266,20.982692484200886,50.18661987612193,-1.1225974109204713,0.5980181935946427,0
7492,101.12898090823549,21.608294240684906,49.02660930234097,0.17858743298896512,0.37359815770758503,0
7493,101.98687847692722,25.362711657738167,49.63666086076622,0.5094241246949403,0.38566017429078153,0
7494,105.00891520552304,29.348861063873432,47.226059104138415,,0.7552752971861034,1
7495,99.70394145813549,26.096900729257058,48.0250990625529,,0.6052578814178607,0
7496,102.49869491706662,27.39484972301472,50.996529414391766,,0.4390578797686829,0
7497,102.41941679064283,22.401721137065625,50.05934364995489,0.6425979156900056,0.20843052647481333,0
7498,115.62278114914507,21.267052312613593,48.618943948356986,-1.424103543994288,0.4368835347212643,0
7499,91.13092530033042,23.45121291843147,52.648555526259344,-2.588264401553238,0.21883700416929405,0
7500,104.10190139297184,27.685593944540084,47.560138200019566,,0.393822395391292,1
7501,113.62846896407385,23.475595701486668,49.27681906827188,1.608148646966611,0.5985266771189878,0
7502,105.60922232066227,28.160704905478333,48.98868744364306,,0.6240807092608883,1
7503,108.76708736710546,29.865263768341524,51.23007525552209,-2.819077058597217,0.5171776186645176,1
7504,105.49913157549884,18.864319988764038,50.09632738227439,,0.5126823051795338,0
7505,101.6633330939176,18.544921873004444,49.783669506930806,,0.23850989058285121,0
7506,93.79042032745544,19.795076434960343,46.31156659226552,0.6887708322488789,0.6261677395196622,0
7507,106.02727843518151,22.612436108812155,51.73006896126419,0.5990389693449837,0.5676590047529909,0
7508,101.12196697698805,19.57250650974519,49.564348370336525,-2.5859700442733153,0.33438830443887846,0
7509,100.99832296917349,28.447973731425073,50.23132203522084,1.5000692146975307,0.5781795101622179,1
7510,102.50506372010445,18.277755012324764,48.502873559812244,,0.5929843255003223,0
7511,113.72430703311747,21.78951259602987,48.188342474365854,,0.5645175946432,0
7512,117.02418771126986,20.216335553930463,52.99857551695138,0.21149981246544505,0.6793689395736029,0
7513,106.086039687642,29.178471961890388,46.45352284347518,,0.5383847036778626,1
7514,102.67616388044136,26.033772058680334,47.891601944434456,-1.6894980511319702,0.4576142305923153,1
7515,99.11386791274394,28.944363077416494,52.96098430533816,,0.2644435378814264,1
7516,107.34270080773035,29.66794452372472,51.281492761997306,-1.2590752558788016,0.3297902540588786,1
7517,113.91452800032572,23.96517892412843,49.34907493651516,0.055623156466488785,0.5590369130702838,0
7518,103.76329806487422,20.811829296576313,52.493192628577305,,0.495541103113538,0
7519,93.10501979623388,20.324745434359073,50.89372023279202,-0.8299354129203806,0.3475865836624967,0
7520,108.35024835907763,20.675026340230087,50.46532018394884,-0.4507206171863075,0.4783401227181117,0
7521,109.92699855725024,26.503119691464036,50.45112403420484,,0.547423683822623,0
7522,97.07077179807077,18.48534873747601,50.93047643442899,-0.7377000170709174,0.31842231738966953,0
7523,105.88242091831476,18.61633287639258,51.011385002594906,-1.1527821904178797,0.6170145401502479,0
7524,107.25613008068049,25.2977153085978,54.39194610579192,-1.1406596077112776,0.5002698247261997,0
7525,104.63446348995531,25.70468576084888,49.61021437665465,-3.0014157523914005,0.40922555417194206,0
7526,101.04614540457324,25.98315509186952,49.671905623703594,-0.33551264156697574,0.4830898424343159,0
7527,110.07968611781779,22.462566055063093,47.52621362485857,-2.9333689833259036,0.5280443740514933,0
7528,102.98310127015658,27.671338664569838,49.896205226357964,1.1258386780611322,0.6525242247835312,0
7529,97.57406918650034,24.40349505271941,53.72577379908964,,0.4212485614956876,0
7530,94.7526275716516,19.265587560113033,51.96897000486931,,0.5667832493232023,0
7531,111.30424759999654,27.56519168480814,48.91266451224934,-0.5598144491279347,0.3986952246503344,0
7532,108.0833198823556,29.436813435245497,50.06008272904257,,0.4536666346562178,0
7533,105.43986773564585,18.720435756028305,47.40712324883001,,0.7414164847801096,0
7534,102.79862681574598,22.69621606440696,48.06176131140339,,0.437396109455678,0
7535,102.35500792898436,23.85019253801697,50.29888230522744,-2.4349753835137267,0.4444035935388718,0
7536,99.62131675779194,19.757649120939803,49.01109079435909,0.17905848999594592,0.6259154332902706,0
7537,102.84272177720058,28.412507373394526,47.91080042124317,-0.7438195856089783,0.5176313444680835,0
7538,94.39956392439913,21.40979573868053,50.97968152947578,0.5394358820159192,0.44585395914054193,0
7539,101.31968173265743,27.39610247925792,49.83549982669335,1.074865859611973,0.7198714219237491,0
7540,103.44531241824453,26.05193378433979,46.864899256617925,-1.6595148848477779,0.4686389867189363,1
7541,108.04940023595209,25.17654986960428,45.84970606766442,,0.6039338709478064,0
7542,104.80036768313317,20.305714184358653,48.859977002851494,-1.5329152303792595,0.4289418229695998,0
7543,108.97461556937779,20.64844224661087,46.82346971311694,,0.6166691872424428,0
7544,111.74567552556715,18.568180856958833,46.26217718705869,-1.8553705853907076,0.5987271014861056,0
7545,110.29085046912051,20.888549157387196,52.25793840280417,,0.47237647256625026,0
7546,107.35254923689278,22.14532331352617,49.80457822026941,-0.03131592138285113,0.6049757064783187,1
7547,105.05931339590393,27.997743646349104,49.469107243549,-1.6543942329092176,0.42071755856677095,1
7548,100.0960599579322,22.396712000577665,49.6231883676985,-2.0376170120216166,0.19830841192662513,0
7549,108.69972025689658,27.05546139318728,47.72433569841406,1.125957876145483,0.4158923931033356,0
7550,113.39873691110765,23.27330737554585,50.82195233002834,-0.6795006790175725,0.5084541067133942,0
7551,106.71053019825209,27.418419743926663,49.73859934653492,,0.67693780461224,1
7552,114.58629574213062,29.71525920524448,48.48518268804118,-0.8150905947370088,0.520153015852011,1
7553,97.37214145969457,20.878098696690962,48.78474263095,1.953269603428815,0.6745733367185619,0
7554,99.22918307610229,28.348099343566513,47.54508257357541,-1.422584332481746,0.6878313505852471,1
7555,109.27600753874131,25.461889035669294,49.18751425419633,,0.6632943407173114,0
7556,106.32145105076626,27.807531139063858,49.52074423843497,0.26155779458709316,0.48658566490324745,0
7557,111.56891088285904,25.819030827213663,49.135433341740075,0.599695111153067,0.5173203001292962,0
7558,104.9226417963663,23.087394087289802,50.110309114683176,-1.5060369201666406,0.5881983273831324,0
7559,100.66012288735834,20.736899273301486,49.84297659047649,1.0938227743961804,0.42777223752134663,0
7560,103.93203378897479,18.84042270397398,50.46153707732921,,0.6810905655950016,1
7561,97.33658014538133,24.426220373528604,51.886194073843185,,0.47728416013430786,0
7562,99.35704663451483,29.883913134322388,51.18604695442616,-3.2009930880010753,0.2567924047607063,1
7563,109.86221998959005,26.856501660170473,51.909179681020674,-1.669992848870051,0.2714854482966134,1
7564,109.36393707234805,21.928146496788198,48.30453154034754,-1.670220992087938,0.5645483180648316,0
7565,106.81502142403039,27.926457601040823,48.98277021182268,0.6740292263120213,0.447965250162186,0
7566,96.39461239519765,27.22780800211688,51.307193367891934,-0.6975485092802145,0.4713587709629832,0
7567,103.20798212243555,21.37962952024148,51.34295534286417,-0.6684145744083756,0.369104254294481,0
7568,98.87500055669975,18.171689877530817,48.642758764926235,-0.849468404792126,0.6541125690382675,0
7569,110.88266626893882,19.417951662407397,51.22316785156349,,0.6200140733997511,0
7570,102.08138933218699,28.52767428374469,48.11293576670812,0.06802794124477143,0.3687634851992439,0
7571,99.57126144609225,28.038756423658462,50.962111448283586,0.2966105033749455,0.47194896983996826,0
7572,105.14898082560713,21.54250801054035,49.94740759826872,,0.5928593090897806,0
7573,101.79922771582694,21.422345115413044,47.23112879218733,-0.04445798551079452,0.400093946557712,0
7574,112.41871955101854,27.514379845229655,49.13185235648118,-1.4635340140578215,0.3906801723438223,1
7575,101.32594551232904,29.252849638745065,54.364535619390985,0.5155870163368943,0.6444945825599943,0
7576,98.00385870387684,27.3496470815712,50.40556072560999,,0.4482375689505366,1
7577,94.23543242121242,25.26694412436914,54.60089995343652,1.1163297683987374,0.433870698705421,0
7578,104.84606748793293,20.912056203981656,47.11214694024993,,0.46721380196739726,0
7579,102.19034943071037,24.30897496914313,51.501483585327684,,0.5558544527386491,0
7580,97.85547696744136,20.802142303119176,44.93132761638577,,0.6482885576082313,0
7581,110.94613230627893,27.696137041161283,49.999529030170436,0.001651667287738218,0.5947383583051824,0
7582,108.33622573714621,22.643532954212848,51.26243475530264,1.9674226832143336,0.6224296603433646,0
7583,104.85891060531385,28.004366603928315,51.67578018999255,1.1271734234781283,0.5470804256899582,0
7584,111.82163122085433,22.579310615792703,48.401460550839175,-2.149173058553689,0.3783503619786245,1
7585,108.31268016699306,27.889792862398696,52.078180843953476,,0.6159999954700817,0
7586,100.88572049240784,21.999813781982905,48.93257047991061,0.751798058533834,0.465555319656312,0
7587,99.80389918004617,23.28159245541204,49.6718054977752,,0.3280379064087946,0
7588,109.0899077222693,25.38586103211189,49.133355561286734,0.26731020746248835,0.49083601145428546,0
7589,106.98183478233676,18.843451368359023,47.72722129853534,,0.5502247487358072,0
7590,105.84873883985331,29.378484741785574,53.13943917484172,0.007631037172850942,0.4587453633068036,0
7591,100.76751098565546,24.883269433485637,50.09603563431615,0.19976412899052812,0.4574534862524907,0
7592,108.03973783502877,24.09384017628963,52.17463675731726,-1.8355184554485684,0.37179931044671416,0
7593,101.22250558433025,28.072727653438946,52.0894224835292,,0.47982862433409157,0
7594,104.4900667270316,28.38915275876193,48.064119571454036,,0.2611970587014703,1
7595,112.2347207319349,24.267124854348193,52.4322544953432,,0.528816232570841,0
7596,101.69582882094927,29.12714790952365,51.006828487098645,-0.8862083266513328,0.18945601998923253,0
7597,97.13505371463569,18.776853192917766,47.91819627105422,,0.5049009789235326,0
7598,99.73726404064945,19.35870950701461,50.89770166268301,,0.4524293871558968,0
7599,109.97149413343811,25.161458760173282,47.95406423026387,,0.5698983784449536,0
7600,106.27365568690105,22.248790341523005,53.21291673595728,,0.2833020530929033,0
7601,104.35561310655623,23.570701994270387,51.627573489844195,-0.6306393836294999,0.49775100597700367,0
7602,102.45453097344215,21.936950614765998,49.85770287561793,-2.111360991744415,0.34018186019654273,0
7603,107.42679953776594,22.856703737339227,52.529607236434366,-0.44679178829548455,0.6378794483647989,0
7604,100.75447574504888,27.871756165755592,46.83602471059292,1.7182991998739467,0.6220870377237057,1
7605,106.52832784321298,25.121714398251655,48.50131739975992,1.7412094647905119,0.4693876049471742,0
7606,101.34372715593521,29.968134591401977,49.49516055651926,0.5602688695776682,0.358962783472718,0
7607,100.51170307362473,27.442550373851553,54.471369362851036,,0.41638634045153544,0
7608,101.81256282587495,21.28399504922192,47.85903419825319,0.8384742453367885,0.6230798447358564,0
7609,103.12296276758019,21.172141412720354,46.58538811651865,,0.5651940467572326,0
7610,104.75585082033149,22.030779241404083,47.111228971003456,-0.44887838382507095,0.49569585449785625,0
7611,106.17727897555557,28.119113767772912,51.8124317384112,-1.1137836638956338,0.4523139256890081,0
7612,86.55817354285779,18.32745180780679,48.81161545892228,1.3625496407461348,0.5349229184095775,0
7613,100.96174721126617,20.76217534645509,49.681826671262776,1.1700089414874548,0.556364918263986,0
7614,103.0421501132198,28.859021044131204,51.52566528334897,-0.05202338856899024,0.6189712224998771,0
7615,112.52531019304165,25.678757232999025,49.683830744084176,2.596878463935846,0.5951816810314458,0
7616,99.59998695808935,20.722165146012678,50.40829320901611,0.6187718711564202,0.5968186860700551,0
7617,105.81398309049956,20.629739618790964,51.07043029521939,0.5343413195044675,0.4738752300714319,0
7618,112.4751515486792,28.351417221113167,49.13864721607957,0.3736803698101322,0.6200114519432761,0
7619,98.43515735026364,28.725090099324557,49.66736588014063,-1.8934302265998657,0.4632007857943846,1
7620,106.96987612932202,21.073573091545384,50.48391080464202,-1.3414197471110558,0.5301409582060735,0
7621,100.9886408303274,23.046124296918386,51.73635854610644,-0.08195693052931573,0.6841140431458987,0
7622,102.47683128855383,28.015148863539807,48.4152614716387,,0.23832262511711733,0
7623,100.98444583023343,27.252089263318624,43.95884815634044,0.8846440503156545,0.6196092520417626,0
7624,101.34071345792057,27.766993278793013,51.35916629877129,-1.0018006635815706,0.49682266215127413,0
7625,118.60956073953247,24.220778289455623,51.85543183750017,0.10603005113481577,0.5500512848398535,0
7626,109.22227936035833,28.938588579662078,50.400068324260346,0.1328401966552243,0.5307010903241618,0
7627,110.50868930893104,21.911418527453222,50.53658643791307,0.19229262266418706,0.5336028554135879,0
7628,107.45996743418249,19.880065612170217,48.87138021171966,,0.5348677400815753,0
7629,96.9687160579902,26.504787990778375,51.00036684306985,-2.105760027827994,0.485311482900194,1
7630,106.97478985161653,24.47225299208276,51.706333639368374,-3.39182769548667,0.4130382038490281,0
7631,110.36464807253674,28.25502922571377,50.11299268283697,,0.4268718687798652,1
7632,100.73300262980445,18.97391098949658,54.98249666001453,-0.7966845341983568,0.44141812447430673,0
7633,109.82663333580564,28.124308841256802,46.872517824657244,-1.767677803575657,0.4136314643792875,1
7634,108.5216810492704,21.519535838505867,50.325923341712695,,0.4545368605324233,0
7635,114.26020022406836,25.858268006018196,47.65129407536537,,0.7597814877145604,0
7636,102.91108493743191,18.481545468939068,51.75969184791378,1.0890497481418193,0.4273761040872206,0
7637,99.51194508862136,25.31497555564321,46.837049143915635,0.6994999431204157,0.6099539849953938,0
7638,103.19185945313727,26.607260270248034,47.33215691456461,1.4779661079937547,0.6482823443038366,1
7639,112.17785496581811,22.42500257406744,48.73362611890159,,0.3776141125644299,0
7640,95.85797059579019,20.584928463145683,50.5316643397108,-0.6851944045063861,0.4953453513159327,0
7641,94.65812142284484,24.45156811924254,48.80905722267676,0.9222702945873331,0.672409460962406,0
7642,105.44697639465807,27.998289653227758,48.82911747480181,-0.7117950137579907,0.4314076760392977,1
7643,102.78705353612922,21.88256829955981,49.63821909014783,-0.6297397352266954,0.599706498175041,0
7644,105.03863946587842,21.029631570255354,49.51551968187699,,0.7515049596006771,0
7645,109.72655885617932,21.34722370365225,52.97489877663705,,0.4361721455320901,0
7646,102.23715326940574,29.389585834999973,51.37182223933794,2.6454393003011063,0.5214658823700392,1
7647,95.6349708453469,22.311322989174716,49.350846520430714,-2.7349449996041546,0.3797959718066136,0
7648,115.22240778599972,18.043250878659446,54.194023822427226,,0.32865519650598574,0
7649,100.01385856280612,27.380174495515437,50.98332234971202,0.6132248709778915,0.2401910661652367,0
7650,99.70481438993951,26.39129754402468,48.062075889372906,0.1405988696596189,0.4580887142918234,0
7651,110.51860006861298,19.54281917523563,50.51302747998369,-3.083319394795629,0.5632592581623808,0
7652,103.07755439479241,29.81885098961895,51.07102508973063,-0.3443687708583262,0.4380659230412144,0
7653,104.68305073982594,25.296747423661333,48.624750561877306,3.709526394928055,0.7234266364358597,0
7654,107.41395062030159,24.00935389128722,47.89498217838792,,0.5885174474492874,0
7655,110.41791551554998,22.586631211474693,50.172918180084885,,0.5412151140218676,0
7656,103.33269653409114,28.784073066763654,49.279556457387926,,0.4183419484501995,1
7657,112.5997600295715,20.92756177702276,52.95825577691088,0.36492622109451134,0.6411179680078755,0
7658,94.32100075632597,21.429226802638823,51.482311648169826,-0.01849229735298198,0.5030670162525466,1
7659,108.79893618476538,19.4689296802388,48.71844945182684,,0.5747724923296997,0
7660,100.8023622099117,27.10942914701112,50.85187622189718,,0.6612743351968378,1
7661,111.86135658303996,25.14659136487024,52.53425628544948,0.6112742172311099,0.4276074596709418,0
7662,105.71022239415272,25.308794031053978,47.2123911082007,0.10644872339181714,0.37901120295574425,0
7663,101.635473339953,20.621645172233563,47.9544435180245,-2.518661303844062,0.2115763844904012,0
7664,108.31420546510816,25.814020669525007,49.97766276544094,,0.4282545882250458,0
7665,109.46594173603626,27.185501366962367,50.07120393581007,0.12286637009627621,0.48977705721777276,0
7666,108.2094706142932,22.294662368708273,49.89560498907428,1.3119511671924835,0.6482333419950717,0
7667,99.8515188018347,27.616165727540547,49.378445642424644,1.9976190854342564,0.6049720393501102,1
7668,102.57991438188958,22.18548706238425,49.34787935509596,,0.2961738755647451,0
7669,104.97963581439282,27.097661538111453,50.76851627364326,-2.263857890461918,0.35124578629098024,1
7670,104.7937017367497,18.404761289492626,52.267885107278346,1.3994387293418733,0.6596515245022115,0
7671,108.74872737719174,24.61397521768383,49.03809454062315,-1.2220376506475388,0.4126811157698693,0
7672,94.92549383746696,29.63431872767864,54.87679869034131,-2.365602401509223,0.5004013393398241,1
7673,106.67163527276752,29.774935208188687,53.92138287148063,,0.4176171821846427,0
7674,103.5500932278168,21.38103094010089,52.658511259160164,-0.7666484500863681,0.5336033598611457,0
7675,100.80749691808023,23.296789092964268,51.24496666912312,,0.4207538393223733,0
7676,101.287566111152,18.755734895839595,54.01597621294031,1.298450872022303,0.5422779080194382,0
7677,103.92731167741019,28.480095691255197,49.41976927000118,-1.106080654144996,0.4059891066258331,0
7678,86.99457447770241,24.82286583768257,48.33479117601953,2.0969315138340643,0.4650595741367056,0
7679,101.49355214604225,22.621208147286204,48.94805588119203,0.18753878687153014,0.6205690070562145,0
7680,100.62092587676854,19.353246701869836,47.994114393819835,,0.515556080922718,0
7681,107.66391604661312,29.361207425962668,50.24360264462674,1.9907677621833177,0.5252105542986814,1
7682,100.9723665874474,24.362628573851925,50.59966092825549,,0.6104354749728784,0
7683,103.92443099914755,21.395135148994846,50.40167967736221,0.8569793611905256,0.5589939324290978,0
7684,112.71138313830652,22.202581561578114,49.9751372956364,,0.5474732690896372,0
7685,109.97175759907712,21.248366171065772,50.26630905634323,1.395153392878902,0.3994871050439976,0
7686,109.51135699971726,25.22171770628377,53.47264761769978,,0.4269164536601817,0
7687,102.50063784794574,29.15956290936612,51.24010373527817,1.4404833285985448,0.7806630623584179,1
7688,107.71516139644827,28.28032563991877,51.84501759320964,,0.6997614833847325,1
7689,103.83051099773203,23.52457050511173,50.381579873373575,0.8208477476924572,0.4337090037240209,0
7690,104.01953394661531,27.917992347612092,46.768822603063846,-0.14018978361277812,0.5154935648888636,0
7691,107.04842671873274,23.077265775315958,46.372235059060976,,0.39467287050380406,1
7692,102.01503205789534,21.027685689103656,54.16561998041703,-4.435547626468321,0.4176061641815245,0
7693,112.46501552221602,29.800981383197133,48.93635544953756,,0.2195656554704822,0
7694,104.19934930201032,21.646650815649863,48.766497311696135,1.3988602805030128,0.5974727490844973,0
7695,108.09180283129832,21.8846907718429,50.491326482754495,,0.5987692378351328,0
7696,112.2780023962865,29.876314413438266,51.100805956659855,-1.1018514871507923,0.33364447189260443,0
7697,110.15826887287588,19.60712991798786,51.35372427466883,,0.48502790916436156,0
7698,97.95540448654738,27.12640785611634,53.54883706576001,-0.2838996331192318,0.5233593556105952,0
7699,107.22447947504942,29.229753101792717,53.00147276531588,1.0344035680639392,0.3739076150229408,0
7700,109.25359697230323,24.141539931305026,48.37813355072236,3.3129221450188475,0.5376904392498126,0
7701,109.45931511080374,18.03026114043384,51.937469146843576,,0.5376244550874154,0
7702,99.43352582942684,22.500707329357276,49.2318181635784,-1.0052661818548714,0.3664306538560578,0
7703,101.71482381491339,19.338827908617926,49.72498251113845,-0.1176292921360099,0.4478055489883492,0
7704,109.9727911787081,22.99425193120435,47.812021588097274,,0.6031369991335308,0
7705,101.19119814658677,27.480321139707417,46.61385429233718,-2.1130153865764654,0.30330326759267046,1
7706,103.50151971667843,23.264538586605607,49.93687657473542,,0.4512130111420472,0
7707,112.87937904750984,23.18310145615107,48.08803616777751,1.0649458980100646,0.5830470962252823,0
7708,104.76100374807605,24.68147372302616,51.85562735714407,1.9414968798080885,0.6749616625584081,0
7709,101.36612931083079,24.980287016972163,49.43784351295976,,0.4210898141897381,0
7710,100.61191321568548,28.275555705587657,50.61718043789975,,0.391657494435678,0
7711,106.66359664792594,21.70026527074742,52.73505150783086,,0.5990943449684205,0
7712,98.33425995761395,27.860055172416192,47.02940963643579,,0.38286300662816547,0
7713,103.76332018051791,24.791204984304567,48.55076522290062,0.52623265053438,0.5369306363732503,0
7714,106.66615267495011,21.60635459660576,50.3617672491317,-0.14561051544351075,0.4955292582599675,0
7715,111.49574910273833,21.541512528072925,50.62504963164652,,0.24529072368341825,0
7716,108.33774040184998,22.333650205268693,52.20699500254465,-1.3612497908081365,0.3825029388182295,0
7717,101.4296744100891,25.472318911439707,51.7343062580812,3.720306337496239,0.7190935099357285,0
7718,110.8920965878186,20.769740776319388,50.19386725146148,,0.4905898372405885,0
7719,103.50242481226262,29.04400274006721,50.60680934119451,0.8227684215762152,0.4937101356683277,0
7720,98.82148488975295,24.898951010134805,50.66215178198098,-0.3268668246425127,0.4992739620848874,0
7721,104.13979320367264,29.04018932395208,47.06057527065249,,0.6622878064697896,1
7722,112.1908460057285,18.556852302949856,49.68724904529007,,0.4563764318323431,0
7723,105.82620025032463,22.11133644553768,50.49694643599418,-2.618408303271247,0.29349426342062007,0
7724,105.06260932164894,18.273691928251477,50.91710171757021,-0.0457072611362387,0.3518156489129819,0
7725,113.18605822351427,21.267021781175636,48.15127311987168,,0.7060008514813719,0
7726,97.84322576472786,28.344077667223058,47.462404174942215,1.8124812518096909,0.4728502106317453,1
7727,98.57200442973614,18.43931659010641,49.53093481496384,,0.3865630927748993,0
7728,96.92076764516584,23.233765198988937,53.93473222218299,0.7741311149596398,0.5588010435210965,0
7729,106.86324093240027,19.410804845678733,48.36150497454266,-0.9539842167458379,0.5669534196408711,0
7730,105.83246563557562,23.002087911124413,52.34785649470962,0.6396250311664533,0.6605626099656937,0
7731,112.71368183639888,28.066219011172528,53.16947928609024,,0.5438980912863586,0
7732,106.21737538568385,25.47685240083023,50.09093305246639,,0.5185367527899997,0
7733,102.97921420260349,26.841076143977077,48.640304130693096,-2.3484955457364127,0.2625110536482822,1
7734,105.00897436439054,22.189249385394973,51.02563912731645,,0.60094391279999,0
7735,105.58853709230479,29.3327723401217,50.389980584198995,-0.11335583685743768,0.46534361745965563,0
7736,96.64119363335917,26.511145125354002,48.28179203961938,-1.5486350034968286,0.49035111534977066,1
7737,118.55165822167447,23.06158583141437,48.68239434725645,-1.6645831049773843,0.43644886309561715,1
7738,107.59935509050956,23.11757760272466,50.90715970429066,0.40778606883440094,0.47082908520349587,0
7739,106.05004154011294,29.02421013531957,51.866880816337094,-1.374053346669552,0.37750173112078067,1
7740,108.0758199213929,24.9168563212247,49.35441959736922,3.386485335582687,0.5310117670078156,0
7741,108.54705490293303,26.4765505188365,49.861732870223896,-0.7997489809408544,0.5722550822955238,0
7742,104.29723257248784,23.00442269415805,51.33727714102216,,0.4676795292539891,0
7743,101.8437943187965,20.68431317717657,49.65502623165213,0.44631081077570556,0.6652728766763191,0
7744,107.99725343160851,26.68271150393302,49.40134605340823,-2.2619330717186203,0.34202659641163824,1
7745,106.92855420265727,25.29388526569665,48.489318360545546,,0.5083357880464507,0
7746,100.95054950455295,24.016114565097354,48.45463075325194,0.5122014747508301,0.4122836708339727,0
7747,112.09517805683632,25.488251279933564,55.33776551644651,-0.5239582730665502,0.44265803141302396,0
7748,106.46676018161492,20.499427032770804,49.60759667984183,0.4108909613944249,0.39653264632975566,0
7749,108.64909681133815,27.527264478383476,52.730116643024445,,0.5723873340464173,1
7750,111.9596044383996,29.37795366024367,53.36798667503814,2.1527860684504496,0.6184202246016456,1
7751,105.10944410582417,28.693237730012434,49.63283542101368,,0.8350072063616679,1
7752,106.58476003492058,21.857228943684206,50.73685961686954,-1.5922514814520086,0.27461184441927494,0
7753,109.05013619253059,22.87206927938491,50.204956964066064,,0.5242991339270815,0
7754,101.37569458099973,27.700827597570736,46.775635298682644,,0.40986183553221806,0
7755,105.27025831423,25.141405569895248,46.896053975503676,-3.11837772101906,0.3785042744227769,0
7756,105.62774293325575,24.57497332411979,50.09769693380854,0.9741228477382562,0.43416228766393283,0
7757,100.21970724158302,29.11970361040134,49.15017292278281,0.16962114460928582,0.5287584219259014,0
7758,116.58818394336939,24.43229953172461,53.78316067678718,0.5509298988920653,0.27648686943470496,0
7759,97.96353278253798,24.17926415504772,49.526854122610764,,0.41017394999993745,0
7760,98.50948048156421,18.504223095196316,53.90185799413625,0.3825236489526028,0.5297360912934108,0
7761,111.5711328785179,18.833003503081652,49.04721720772891,0.7083593664658027,0.7109626301694721,0
7762,108.56633125398271,18.089043694567803,53.824400841217866,0.3000351084998867,0.30220028413210903,0
7763,99.87017591259611,28.958930709403603,51.01284899389469,-2.0176479231938136,0.3988898197534327,1
7764,108.03644507550847,22.900639920212406,51.126583791542394,0.25800874080228176,0.46102598435696224,0
7765,112.33925222498655,23.622736513600948,48.9764720865327,2.7809470290747536,0.4474420874401146,0
7766,104.84868471201507,28.144643371109545,51.15383436080738,0.3613380877197947,0.40558406528840857,0
7767,117.99411450037292,25.310955724509334,53.385426866162504,0.2055834191522467,0.46316810833722605,0
7768,96.37969094565982,25.314019156686975,49.710345011879724,2.340056486836238,0.6637105030361394,0
7769,108.46911726929551,21.55841315225775,49.32120636926676,-1.1184233366473086,0.4528686693367218,0
7770,110.83264168110502,28.00690048709423,49.50647492227982,,0.4354774282932201,1
7771,109.45671950802624,19.989959712473926,53.24022321001287,-0.7952360295782612,0.27683468398345656,0
7772,103.97822136677176,18.637795106075373,51.71070241400217,1.6298750150177042,0.6232586321742033,0
7773,103.54779258994425,20.299240290222386,52.89535998094224,1.1970722317013454,0.5403268765538924,0
7774,107.22072585543629,21.212846625294777,50.62724542096854,-0.6184182949908302,0.6302215404928336,0
7775,109.07877243326035,21.38773269425048,50.07863871355566,-0.3989416894994131,0.44479731290899943,0
7776,108.01236718141182,26.04616318342521,50.84788807814127,1.4667173121273416,0.6876589552759977,1
7777,110.20028945396695,20.61389504794372,52.14031706882508,-2.783176351834977,0.41522499110042255,0
7778,99.90565021466632,26.119899653939814,49.50576351482427,-0.6628936648420471,0.5490160253107561,0
7779,103.86114510438183,19.093586078805597,52.73735398671357,0.9306262254367752,0.5897725587924657,0
7780,100.29992033938123,19.766429533174907,50.731661114131754,-0.46216015709247926,0.5223251842178152,0
7781,103.06943611956929,24.10585738189194,45.187443723939644,0.20229507031038713,0.28092901899309664,0
7782,110.07610445907153,29.06274963091971,51.76698685421039,-3.0617264184906086,0.32322241893106096,1
7783,105.53991960362615,28.314811065733366,47.45538997347604,-1.281717143504319,0.36955231488178636,1
7784,118.03429581574885,29.625041309313637,51.71834552134798,1.019179008227713,0.6780243340656735,0
7785,105.96703183594859,25.80574878333805,51.80303599647633,-1.12651106559662,0.34350698450230216,0
7786,105.29845940289869,26.109778396993104,50.659785194762414,,0.3742874801606457,1
7787,105.53091459720108,25.500275987177904,51.08736179775339,,0.659707212235269,0
7788,101.81095653570031,25.473827074298367,52.19774157568797,,0.5687728432859639,0
7789,104.71081693811203,19.765444140811017,49.008744652378546,-1.6328000292256362,0.43509074746437904,0
7790,110.63894013555823,24.52486747396714,51.58685931940496,0.20775576664814802,0.6213074604496661,0
7791,105.56985334063886,22.63281520142071,52.32604660591407,-1.5839216920879302,0.4468122300930504,0
7792,101.03270135058264,23.31044658932752,53.520165195076956,,0.4340721420439211,0
7793,100.37457689760683,24.28320687671085,47.78843942788059,,0.38357217858265713,0
7794,102.74899054167078,19.54075406162702,50.81703212997554,-1.2127445988005934,0.48803294451426865,0
7795,105.36931717205441,22.313852806225437,48.07702160187707,,0.4786645438386313,0
7796,110.96793267738131,18.761394730519243,47.992155964597,1.3460275534824837,0.5431875062670719,0
7797,98.29755679316781,29.756017565068788,50.71805554481196,,0.6276031335624778,0
7798,103.40086861055622,19.422336345841515,50.15491162959228,0.6209732273106019,0.5089212973840022,0
7799,105.7215500971754,21.102296862539454,52.29000295704397,-2.1792432575531144,0.3466144409658617,0
7800,95.83147116185283,28.695515120440767,49.30764710081158,2.0432808402652913,0.5742025636724853,1
7801,100.83200858516797,23.792520554869704,49.731897127605976,,0.46788807897138485,0
7802,101.60055730131907,19.627646418247565,50.42300852467637,,0.3307359081638512,0
7803,101.02014813074751,22.610766456472188,48.27634229712709,0.2187537186838876,0.678673499118529,0
7804,105.95944772510823,19.39041593029663,48.55386030996814,1.118204988583325,0.5009783522160757,0
7805,104.19720195249101,20.40259196501402,52.23219733154511,0.7685243505809547,0.6168649634667704,0
7806,102.22356948699482,18.624358163398142,48.902089917437785,-1.6270355471826468,0.3168023072179017,0
7807,107.13981313276318,23.258729934589198,52.36495313289937,1.1364568342762473,0.6117754905818654,0
7808,113.61537358823125,27.679633460703116,51.21462516133659,-0.09098862269878495,0.512386139284287,0
7809,113.19628258370876,25.031630144398747,46.90493794902213,0.751806273576182,0.5400935209396447,0
7810,95.38614113968832,25.27614366581534,51.06075738367558,-1.2023272508719498,0.45737730434387586,0
7811,107.8853609191757,20.407008360998883,51.04495964618825,,0.6200393067504368,0
7812,104.1098835496808,22.126726119028397,50.84585721702257,0.27407328939723263,0.4910134307438249,0
7813,105.77577671432678,28.142905246089985,49.71624654723398,1.7832349712073448,0.5714591763169742,1
7814,103.00858483228726,19.054274211918173,48.1198650892163,-2.3023021632841836,0.4426285402370714,0
7815,105.58794314943601,28.295167844022405,52.69242553222524,-2.1021286794225196,0.2806981307222889,1
7816,105.7570369803601,23.80428031517743,49.79684082255433,-0.3600417699529592,0.35236801450868793,0
7817,102.10524121325538,28.045769175901405,48.23318767932926,2.2014375299591724,0.6279664819336077,1
7818,100.51816226087409,21.816077032732803,50.91493737217602,2.944216346510588,0.44623327214602637,0
7819,102.75652158690258,22.066115418996247,48.51444005853349,,0.26508406710463667,0
7820,106.17129632228382,27.019258419877715,48.101827943429754,,0.6845031936335902,0
7821,107.99498170842132,27.419954080706642,49.24905477559512,,0.6665759879545969,0
7822,109.26674488670074,20.75573613588176,48.66920447136385,1.0772364195570816,0.4967855750168356,0
7823,102.52904988466544,29.674455897862867,48.175515496030854,1.327443999618732,0.6662901167623103,1
7824,106.41922283651368,19.01388125093795,51.61282352452352,,0.5198001249357997,0
7825,109.8125129597665,18.822035557225572,49.7723443710752,0.09689004032605766,0.5519536195757647,1
7826,110.82797447572064,25.146050583433233,52.50455989103178,-3.0127768856548798,0.3414686246613231,0
7827,104.70583572934238,26.67288921325946,48.29098104454013,1.2161869245606067,0.6234541633382853,1
7828,103.89534137530194,29.530633550699687,46.54487792472733,-0.5079298024860559,0.5544023466857334,0
7829,105.95562116918197,22.85934936958634,50.297540698498835,,0.47380726477911606,0
7830,99.25146263551296,18.303496907875598,53.71195784361283,0.49882021493521794,0.37000757171682674,0
7831,104.03195244482247,25.234756073356884,51.06197365872401,-0.554803864508245,0.6755665718606718,0
7832,108.72293199236564,21.47635224718526,56.43074839242566,1.8921915461643353,0.8349423442060468,0
7833,108.20973564721851,23.195365454344827,50.66411824189818,-1.338873203319322,0.24213687800423012,0
7834,103.64866197818056,23.86163378699922,50.47110442257618,3.334432800091402,0.7178183176665782,0
7835,106.08859100543583,18.774151328856405,45.68927465788416,,0.7686638926508499,0
7836,100.87674829854656,23.83178141476923,50.85589488117706,1.9315416197762578,0.6968052612210704,0
7837,108.51746074112512,23.11583600165178,50.337335520038586,,0.5241305642976993,0
7838,104.61089281931764,26.55053118343912,49.18515760359092,2.6826890657006386,0.49028263803056293,1
7839,103.6202427415193,25.747990934548135,49.72644226588186,-1.8188211681124005,0.4881684167911493,0
7840,103.19138081953307,20.222588617806732,49.86379885131564,,0.5081837925659771,0
7841,104.6855306655007,20.473667018524765,49.64014169413587,,0.6758344215601333,0
7842,102.76061177534021,21.01207414529248,54.17942992625192,0.7601536087567118,0.43445500531228,0
7843,108.29071518001281,20.14740528356613,49.25827594438998,,0.299913776358513,0
7844,103.0235822599191,25.886558396021606,50.338627447707715,1.7031150927639782,0.5708998858944516,0
7845,112.96482048013691,29.93316215040325,49.19219783322759,0.5099316791138062,0.4875779234620518,0
7846,112.32605251740691,25.82530008619124,51.56686237328776,-0.6243003540824005,0.4530412614008673,0
7847,100.54228255072748,25.280178554295496,50.35352739994441,,0.3363961661923225,0
7848,105.3485213471464,22.91913520021287,49.440178853659035,0.6521257948092413,0.5125045907393472,0
7849,101.74671689331902,21.75096310631713,46.148064108185636,-0.24514170444963895,0.42113312338087067,0
7850,103.36676218405694,28.93288508287775,50.4866164505775,0.23446402312085224,0.5068956200132295,0
7851,115.01213733822398,29.628022489705835,49.3808474528405,,0.2387535718835827,1
7852,103.46214291442101,23.961314107052733,49.878518686225796,-0.6279855875345203,0.5200112507061433,0
7853,106.80113018538714,21.48240594607869,47.635084105509335,0.7204569323122669,0.5620772032614019,0
7854,107.7066064700414,27.241466492037212,52.866564345440395,,0.5145520052735522,1
7855,99.9968531375838,19.58948149040254,51.71348635168774,-0.3079224342759458,0.6172397511945209,0
7856,100.72452262795397,27.187058851724178,52.861411995281266,2.164948588602181,0.525562456346097,1
7857,98.9698881429594,27.827380491736065,52.29395860156191,1.1810226312747698,0.6779462490722004,0
7858,100.57014633051112,19.49884733552601,51.184634604254924,0.3506774493800223,0.5504763118526012,0
7859,90.74984945341409,29.722337625558765,47.715434982547116,-1.5185126754991716,0.5241306540573629,1
7860,107.72291200396813,29.82614748466174,53.68677432814372,-1.4557178152964345,0.44483304109939875,1
7861,115.27096920628034,29.240633751928215,48.14472969822498,0.9263113060598992,0.6029993481817641,0
7862,105.73910369518264,23.95241771287517,49.46318475185008,-0.7897433611578193,0.5594732306914554,0
7863,97.91865570329696,20.95288970732194,51.41380456125384,-0.9230440781491498,0.644566772244108,0
7864,101.78611808550026,24.984111370582955,51.51308157437481,-0.2709155085514401,0.5939167587406128,0
7865,102.70561577487501,23.03920606165723,51.14447345388912,-0.24574624550878832,0.5325355591223117,0
7866,99.91207611393313,20.471383736606366,49.19942303734182,1.3511519642905303,0.4327063212401699,0
7867,109.30091319197578,23.08411691541417,48.78613674528905,-0.7582465473903157,0.2205042420611052,0
7868,109.05130022187667,25.966678028131085,55.06906513721227,1.201860054036474,0.5470519444612906,0
7869,99.2227410309117,18.850959729431892,49.92137212300033,0.6595577010816052,0.46152973455981106,0
7870,108.62540522223755,22.0010160173522,49.67645723072233,-2.510993981043077,0.3066779136066598,0
7871,112.63406331788633,18.213538680153903,48.57288701812249,,0.5138448851104898,1
7872,114.5127910261478,26.993946065540108,50.489340698141916,-4.0016376514156535,0.3661975086632499,1
7873,119.32606011542981,25.68829521140041,50.39604560115614,-1.3428348924779798,0.37076867570606414,0
7874,100.49003675278401,18.75206561642359,49.96754758259141,0.6946152698433726,0.6242499802468199,0
7875,119.12110213197602,29.576850715223614,50.76345329357577,-0.015964650389062442,0.5025511061945793,0
7876,103.22896805745606,18.271458685525207,53.52707500488471,-2.651838158942312,0.37116932750964127,0
7877,102.03767272309743,25.079527757713063,48.809894587418206,,0.603562512070559,1
7878,106.63536187438923,27.31640954158867,50.08616748440424,-3.913369669878331,0.3221424789764946,1
7879,102.08969332953494,27.454755756536677,48.70430309489889,,0.39389353900896745,1
7880,106.99522070323263,18.411421627118447,50.589396721651255,,0.5958199518534314,0
7881,98.39961406131349,28.876981591685272,48.86306099725116,-0.8361494078627196,0.6379070097906834,0
7882,103.80623698968283,29.02142006312547,48.94911401713162,,0.5080715422131055,0
7883,111.4279111718084,24.73668447785247,47.08095325188875,,0.5449991315672574,0
7884,104.71469354284422,23.784998386645753,50.19558956563935,0.048874605749378484,0.49161510645454337,0
7885,105.70797893369941,18.538409556751198,50.859539243809955,1.5346986346695775,0.5664308735644233,0
7886,107.37629302358656,24.743449710118423,53.720952706384594,-0.30436596325653625,0.43577245495442596,0
7887,110.8533081465883,22.912548981242768,50.93900496237969,,0.512291739157324,0
7888,96.72387643905283,27.27367688890387,49.10063175340536,-3.7160150894062536,0.48380502088755756,1
7889,107.92262025918717,22.846602802633054,47.28064182462782,,0.5279736444334528,0
7890,103.65930430379119,26.202969999896517,47.557425988669046,-1.9351171381646661,0.2491800461807122,1
7891,105.8331894765592,19.21689775485037,47.40874332105606,,0.43207019906325306,0
7892,110.29975084881188,19.5954272491916,53.756084070898766,-1.056926234236884,0.5489354169355971,0
7893,99.02906674294078,19.6765222877899,50.57562099385274,1.6257828312471552,0.7055407539430911,0
7894,99.93677779278455,18.54630599759692,48.83406756147622,-1.3339497737169865,0.31385598637975914,0
7895,95.32285020143097,24.495946311237645,48.08028078969347,,0.5620839716650154,0
7896,102.25420529118112,27.52761271252363,48.28778431921216,-1.4425315770386686,0.6337673056778941,1
7897,111.65216172189409,25.324934444323993,48.78140121098724,0.38309220128915666,0.4507391664347219,0
7898,104.39706405763265,24.899458626634274,52.6325104325103,,0.5383640590519011,0
7899,98.29937552172608,26.167487140832836,49.9401131058845,,0.5046687921493205,1
7900,102.57160627712477,22.075743876864177,47.1050671654521,,0.8653562668270764,0
7901,97.56069148254689,22.343448859778746,54.62091854946074,0.9752711297819541,0.3995249108074054,0
7902,99.37406949134419,21.77124117865107,47.719677721268205,0.5484812803040524,0.4874452419301187,0
7903,106.94409455131857,26.54530719424291,48.818329380152264,-1.8260095981623177,0.4871683792951092,1
7904,99.13063336846986,19.939684028049292,52.62028877526777,2.8639547305964648,0.57479643747371,0
7905,110.5631715260165,18.156303363755093,50.83029926521813,,0.4172436240238901,0
7906,104.64439854584832,25.15435736066991,49.06015400075158,-0.4335972628614545,0.47309605094289625,0
7907,105.42797351972263,29.308576376810464,47.53726614781233,0.5812976535803305,0.7680804969521652,0
7908,103.60813516196053,25.312895003955656,48.06661978214995,,0.42667363671563285,0
7909,108.86423919271861,27.39505983529074,48.18700776184707,-3.5065073464370315,0.3039674295762498,1
7910,108.91579943888506,26.073488513592363,50.0140635956991,0.8577043814004026,0.43132928188444175,0
7911,106.67527175956086,23.969239842276195,50.38212363456261,,0.6391950886199089,0
7912,107.82394552953824,26.620708821406154,49.70269074273732,,0.630141537922225,0
7913,103.93955165039787,27.889249486262663,49.92157237215134,-0.010618695002480987,0.4388386539242925,0
7914,107.71101503454524,20.696779730060378,47.898553609611355,0.019907628587040604,0.5545685423620285,0
7915,103.31061112263096,22.033565765797746,50.58627221244778,0.25841962157442994,0.4530681769243618,0
7916,105.011158110812,20.684708790039405,52.56103727367399,0.21248133163287625,0.3212519237484127,0
7917,103.62678125316852,23.42607546708529,49.674416636500865,-0.09105197622083205,0.5411838644074666,0
7918,102.71390730340401,28.62077461100001,49.635426587141055,0.03801431920327663,0.709339017302134,0
7919,101.55444101139105,22.142485210023988,50.166002104105694,,0.49703631982812213,0
7920,107.33845051929443,22.49360266956664,52.23640971951878,,0.5533584746131684,0
7921,111.55302956406732,28.32440681606318,48.210554001122716,0.15772047603684594,0.6388615387621278,0
7922,110.8555098583478,24.1844919689361,52.90169467146427,0.9888403444438757,0.5392434346820932,0
7923,98.71717332027282,24.425387995769213,50.842444478870476,0.9889484801748649,0.4067640145590927,0
7924,111.44601525703436,28.329614439986557,50.057361391397734,1.4189969441547883,0.5754456668557542,1
7925,103.40920749191035,23.88632084430568,52.42647767332864,-1.1353671177492903,0.5922676422654339,0
7926,108.00366507572795,26.178690415552744,47.63587585224709,-0.7207918592216845,0.4133069577550797,0
7927,100.46892333976395,19.02773599048873,51.044091072489415,,0.4622074764402438,0
7928,105.70989956937002,20.143580557522625,50.86061912901324,1.1500843852405374,0.4521514522406805,0
7929,106.56861591448454,22.85251440859495,48.129089871212415,1.0768064616105377,0.5438930257017385,0
7930,97.57697604040173,23.9380688138385,50.92127624590764,-1.9098643087835572,0.4431759385052155,0
7931,108.04133583172094,29.588804414834755,50.566610358760975,0.5862567192304843,0.5418981163302363,0
7932,111.72967503919158,29.64781959657348,49.64252376062013,,0.5597678020654369,1
7933,104.12676027159186,28.21436504974514,51.725635110460665,-0.35299895808673,0.5266493227072825,0
7934,111.80084065414006,21.787186023426894,48.85649149528467,,0.590497751249973,0
7935,104.05153253273797,29.568339489989278,50.54064249168674,1.0957285542366373,0.6283463272435141,0
7936,109.24792265523308,26.27209037611455,49.73665243508936,,0.37166526853719417,1
7937,93.9071501702445,22.715281533808806,48.77060635398467,,0.449298206585445,1
7938,117.09388889656732,26.420099003817196,51.005769370237545,1.9081742846122065,0.7917206153954555,1
7939,112.47729122621479,18.198272757438318,49.5845285053017,-0.8898132251462217,0.4692717548626079,0
7940,103.5768724787316,19.753856187290562,47.0539870825809,1.2486992133882426,0.5366862294091923,0
7941,95.13955486678091,27.956228538676413,46.39786779056403,0.040742410708678733,0.3543289169703907,0
7942,106.44014184152745,25.746883642478053,51.5781149361664,-1.0117569632005112,0.35616409414804073,0
7943,97.78037226463121,22.370336415502607,47.55879978554634,-0.1447628262216233,0.428530037701948,0
7944,107.22426768778745,24.007999682672626,50.55876898680121,-0.7891918861293479,0.5044817574054606,0
7945,107.0578285958214,28.861705795749202,50.1099037872563,-1.3324710626442988,0.39775372105856405,1
7946,100.29298415498988,25.578937313749037,49.2629364460582,-0.3815171586796625,0.4824438717008829,0
7947,110.60483511807189,22.777791407211964,53.91333691443068,0.1026394685791833,0.3618069838062406,0
7948,109.02787351403087,19.44391988877042,50.35934803692089,,0.6279888052204234,0
7949,109.87911668644281,21.524961619506733,51.51126696536413,-0.39806037169326086,0.4063479812539207,0
7950,105.04428851834447,29.740082793559,50.56963243067962,0.33899382444839904,0.5404619443431279,0
7951,97.92237966543146,23.24835675422133,49.536921153765036,0.7971089624715724,0.4867994443600115,0
7952,109.88936136105569,23.662073566138332,49.96182249952812,-1.7161428492596098,0.3823796462116782,0
7953,103.64814300432104,23.983176388764186,52.917085531320964,,0.4016657416354445,0
7954,98.05109928403665,28.609248275378533,52.17621058520086,-2.9603113649907735,0.38161475650623455,1
7955,111.76019682987163,25.247139412623717,53.9039728633772,-0.24327503855130495,0.38980202645719586,0
7956,115.49703760251255,26.324124437423066,50.44328418594577,0.22579356910743187,0.5427151498576683,0
7957,104.79375935510399,22.672962510589247,48.246125868598504,0.8546700182481559,0.5308509513985031,0
7958,115.79560577301646,18.349051423067692,49.11896611128038,0.23115720974445697,0.5745598424401535,0
7959,105.45657364305674,29.171674970914133,47.624443616402814,0.8222634660813721,0.6139813191787961,0
7960,103.09772047916825,29.389532170996876,51.534088257750554,,0.4731338425396768,0
7961,101.84770772907261,29.38983664017661,48.8281673678455,,0.4859392618605197,0
7962,113.18541203996371,29.324245039760598,43.889364107360976,-1.6739027525845491,0.3714766435172174,1
7963,101.09928059306114,27.78290329283473,54.92755139665986,,0.6118825726646344,0
7964,108.67634654987494,26.21515260139592,48.85879772302337,,0.40663126536482624,0
7965,102.20418082470395,28.134119019207425,48.84681814902838,,0.47084335915495357,0
7966,102.69846618712819,25.206554868012432,53.343223385320734,-0.7378155052311444,0.41622828494081915,0
7967,110.15124846984783,19.612435366704283,47.58349709840497,0.628621518846072,0.4581234469915009,0
7968,103.09981576855323,22.694617980497053,52.273211773066336,0.07343253668585142,0.7070414161070191,0
7969,102.97602310289854,29.65553894367525,48.82511511315196,,0.5822032354474656,0
7970,110.66402348587404,22.213653763147875,47.352409110806285,,0.5399875710459261,0
7971,112.98698646610812,28.413934964776434,53.41143552275627,-0.26950956557464445,0.43890242827050097,0
7972,108.22344901642117,19.118537649298435,51.84619389412506,-0.17750451738198078,0.6024359501578602,0
7973,101.72615112188025,22.010206108505635,51.840001969030084,0.752406732482042,0.48305627262287576,0
7974,102.4469575035121,22.211439896728557,50.73531109357755,3.6689083960111875,0.6955233388785621,0
7975,105.39957631870018,18.619230517307763,51.19820326615536,,0.6461103191506133,1
7976,106.60465030962828,19.42913196224106,47.535683950503916,0.06262723198418964,0.40740606816444963,0
7977,100.06067044930114,20.31798253346125,50.22322171448932,-1.7935625208360597,0.464279319403114,1
7978,108.61518969789932,28.053787089721354,48.14247399909831,,0.5272860916736529,0
7979,105.427566648198,18.760823879277677,47.22211896187389,-1.0110913554815613,0.5022613584356435,0
7980,96.42145840680935,21.584410816132646,50.821906661416065,-0.17985961657824046,0.46251665942261,0
7981,100.35536758769635,18.12210003107121,52.31629911131909,,0.4524226999974528,0
7982,102.47935663174168,26.347532944836296,49.23326235154387,-0.734086668635942,0.48594496243095314,0
7983,104.63571155579473,25.44363708052056,49.575974215330916,-2.675638014281074,0.32061517026247033,0
7984,114.44639397751997,25.739787144637702,47.72369870983392,2.13830351572921,0.37375137804933767,0
7985,106.19085653069814,22.492593416575424,50.01443429217579,,0.4804991747058705,0
7986,100.79614055050688,20.49921385521083,51.52015222477683,-0.1958388433662973,0.45854135791890027,0
7987,106.10315402153581,26.6438425594324,51.583055473455545,,0.3251101097536945,1
7988,103.23956126273059,27.73341447288834,51.09035235126186,0.1275368854245414,0.521475525920429,0
7989,106.62379119766771,19.66321797717842,48.76313766561093,,0.45131454419194544,0
7990,107.90283843517807,23.841953135249057,48.699741913145694,1.1550177236394128,0.5534069964401823,0
7991,111.0461532361197,20.98458818374635,51.590808946481864,1.2933332466011787,0.7814539309744029,0
7992,104.87856752164987,20.017282334473606,51.62399786443346,1.5760144579677693,0.7015009802612032,0
7993,113.19480263799916,26.811903761939988,49.65601002913621,-2.611289534242469,0.4285847173381875,1
7994,109.54011331268096,24.457163225674044,49.14765618486863,-0.4569648210317162,0.6580746490791008,0
7995,101.46280227593905,20.594223988544012,52.3344941868914,1.4896512309174412,0.5672239693865909,0
7996,116.04927832874232,21.72000013453854,49.28010267037351,-1.385447553956947,0.4244868404900505,0
7997,106.63497256635048,29.59984405593291,51.49186444904756,1.8289013657725095,0.4858854416524195,1
7998,100.82437748013882,28.18415477650268,49.7263136502838,2.7155664227074134,0.7635938381689442,1
7999,113.26456525615211,28.55936091447754,47.904934437926,1.786881479188741,0.7850433338664933,1
8000,115.38888792599222,23.520145164968497,53.22462428004741,0.9923856106548223,0.6403602457275581,0
8001,104.8348736814022,25.4856871670505,50.24012779146295,-0.6712593410442724,0.6087756422126495,0
8002,102.48174869812202,22.52121288245294,48.578512040223835,0.4224522056218081,0.24738890465978225,0
8003,104.1381252127317,18.932543708266685,47.21838866444959,-2.0191419730809352,0.633012536204046,0
8004,108.5736586375885,22.812831727881388,47.419998403526336,-1.1716659968876342,0.4309823805280156,0
8005,111.38928327515256,25.127769038485738,49.2541771918108,-1.0662052237672057,0.6822865529055024,0
8006,107.85243665431787,21.445731249217577,53.850257767067184,0.09295886094892072,0.6778129864517342,0
8007,105.50861604235885,28.175406896728987,48.83067624265151,-0.5882658981424365,0.547829246201601,0
8008,112.49005885152214,19.813201910095184,52.894909664692406,0.3923999349300964,0.48531646624507524,0
8009,103.43581763474239,22.405549073243037,49.73847266279383,1.3167402373158876,0.5816609245536997,0
8010,110.15459669183454,19.498846863890435,47.63769921779664,-1.0645913143068924,0.25576797810527496,0
8011,103.5596860082436,22.857985607822705,49.05357762309921,0.22290163940557672,0.6042250230493095,0
8012,107.15511479005447,18.475935659691245,47.43802415252512,-0.6239534847269048,0.2133018192350773,0
8013,104.43218717604775,21.270592740739744,48.28806309607229,0.2852437404857725,0.4843932996360223,0
8014,104.72073908673595,22.808823061364205,48.22850387624816,,0.705786685247282,0
8015,103.11306741268895,23.7379843593203,46.19239226503747,1.3818536862633182,0.6411651721583289,0
8016,111.72427015590347,24.5243563017017,53.02559213762945,,0.39728133283283057,0
8017,101.33536980945732,21.299893557479027,50.42203406044456,0.6209784433934908,0.39701837243717053,0
8018,101.29883873725646,24.27649601537847,48.6274431887638,-2.130319909529294,0.33374044031135774,0
8019,115.60496782922554,24.10805545874472,50.44351549286678,,0.4267426336444231,0
8020,109.88923782327166,21.7941366105145,48.32903921271588,,0.5258417114660783,0
8021,93.07443150653482,27.96240396787774,44.65787606926049,0.5379303102112872,0.5873103262599818,0
8022,102.17370630394798,24.54769351912278,55.913383266453096,-1.9365073685858094,0.2972992106003643,0
8023,95.94005331218973,21.98723662495854,50.37919975335412,,0.58718746835611,0
8024,100.24654653292373,29.36806214496932,48.82197392137047,,0.5923688957326586,0
8025,89.3074266688298,28.141348956853932,46.132170376645135,-2.9035336582795273,0.4036753340835604,1
8026,104.31505211153029,29.79105373862161,47.01170040971488,-1.6314042326513278,0.6662482531330196,1
8027,99.29029090419344,26.30680649574505,53.30898385910981,,0.65092256404058,1
8028,105.29952628398219,22.53867486607256,53.003877097596934,1.0461137225923696,0.6490879827237401,0
8029,96.87439370558738,21.37032800014815,51.5064300719979,-1.2755909957924012,0.6238062859377563,0
8030,105.4145592658602,25.95981412409377,47.76984592318037,-1.5522914781216752,0.5073971363988645,1
8031,102.92541860939836,29.769798989943645,53.01994797595402,,0.26111843073684393,1
8032,112.50976482594298,25.520580961246186,50.89956523588871,2.206946531581972,0.7346176137052123,0
8033,112.05678430872813,28.57937929187806,51.309848896703066,0.06158155264656767,0.4629396566502857,1
8034,108.92672801505141,21.949241172573224,50.89234188888649,,0.5430184697373731,0
8035,103.36693109669393,22.88344538969107,46.98602563074779,-0.28750663045838515,0.3959269097236892,0
8036,114.92690197630147,28.87530287507224,47.60367809850622,0.42388394833437837,0.6443290920426937,0
8037,97.2348236108009,27.082400423493826,48.97956366718328,1.336947707142894,0.6288719626298733,1
8038,97.98220685218169,29.776923844414867,51.28727941506622,2.458264029271365,0.7289968073203901,1
8039,104.58108450055468,27.297170516786903,47.23913583551371,,0.6000857077497387,0
8040,116.2701905446056,23.38218848661878,49.64930717011162,0.003610826907439175,0.5190652706310254,0
8041,103.98830546564956,24.372816237868356,49.6467809796739,0.04193649167304543,0.5338979738504036,0
8042,104.08377378395359,28.80618590955764,51.58547937865516,,0.48067017748511404,1
8043,97.79044821944095,24.619760833176574,51.34934307121532,-0.5728243002984762,0.4111097911903967,0
8044,109.72964792635189,21.064768489973343,47.979548141895734,0.076829226922634,0.37481144366810576,0
8045,109.76588127164678,23.227437753239393,52.8933723389746,2.072840812652643,0.5551305342842681,0
8046,108.94537600699955,24.195791866189417,47.67352034249942,-0.6450647902220142,0.5221590955288583,0
8047,101.85389663576319,19.160638002613556,52.1844788838015,1.5939819682106786,0.5149153702231032,0
8048,101.46646615813498,26.925152091034683,48.8997102033032,-0.12275701689578909,0.7068238138419517,0
8049,98.53438874797514,19.312247200259677,50.32785190686674,1.865337839373657,0.6373932136380117,0
8050,105.41936250880467,22.85901256042567,50.45197492020861,1.015083740959427,0.5627029360390106,0
8051,99.5979633536075,27.655469298484853,50.395414881417594,,0.48505592063132275,0
8052,99.11291747375355,23.610844339359563,51.34899839686914,1.4682399899932925,0.6649857007005758,0
8053,102.88154641544662,28.104186236622095,50.782918995867064,1.2497398669289381,0.44129277071876183,1
8054,102.55421912407891,22.10257586467338,51.56729825974108,1.5957200935557365,0.6113631484609983,0
8055,102.31010735589022,29.491635527981224,50.92923992069027,,0.616329328950326,1
8056,107.33222298420131,20.513621181662828,47.471089482148315,2.4253420670233923,0.6333600676261385,0
8057,105.3952390107514,18.459169739871616,50.539598149115974,0.6996363512474439,0.5836091368032785,0
8058,103.55921984744441,28.46911851588502,48.87226019498933,-0.6626202880554802,0.35230275329896954,0
8059,105.91506464155741,27.026432591404898,47.781475044185434,,0.3603881329615243,1
8060,100.04236479447684,20.783806044808472,49.4203202146454,,0.26237004206687775,0
8061,105.52639311954839,29.816899285640087,50.36647119807018,1.2434799187515366,0.6500981701433022,1
8062,105.75301246422318,24.027361551222334,50.49935005597557,,0.45781084955445744,0
8063,97.4847657032126,29.41278528172996,52.11204949028053,1.6837219139617594,0.5438959630428762,1
8064,109.97846877185181,24.06034525664399,52.614618237943155,2.9704335505360757,0.8453363875586456,0
8065,100.59283147386502,23.662495041255493,50.67256166151471,-2.1764015140273636,0.5196897606850817,0
8066,105.45154899603217,23.38966244573358,51.03421275401882,,0.6005733687789073,0
8067,110.82205870267634,22.018503313595403,50.19061806635131,,0.3477484969733977,0
8068,109.62838378856935,24.404417966118622,51.53445092729917,-2.59246494590474,0.47361151472148943,0
8069,105.17166694284418,23.430655943382813,50.973976277674126,,0.5260966915693001,0
8070,103.18750498558965,18.44096251948265,49.891023812284395,,0.47541103827589487,0
8071,109.73755954287783,21.12522280108203,54.3039651340086,1.1316006439785664,0.5461699639842081,0
8072,108.3734748890431,20.5574736012667,48.90763327311636,,0.4077009688117985,0
8073,101.90817489977935,28.4092272278528,52.908913913416676,-2.4963480849203443,0.30383413537664533,1
8074,101.02553176499154,25.1864397267221,47.291414147346124,0.185068143679956,0.39483583306289305,0
8075,94.63822409152002,27.16419720539673,51.62723307290291,-2.2388220243683055,0.48371431176675905,1
8076,105.77015920841794,29.481912452991367,52.873136703453675,-2.140482387086795,0.3858832985569107,1
8077,104.586511274908,25.72847127031692,46.18556185798416,-1.4952298323848394,0.33107862454590453,0
8078,110.68095687321271,29.791319896856933,50.27790114611019,,0.6304732722817594,1
8079,106.79527546740184,21.741168619825554,51.43082808248809,0.8178830185223158,0.5410444825665743,0
8080,111.67114597086345,20.235206187754727,50.50392720825613,,0.6292448504678672,0
8081,101.51317886041915,22.839718655914936,50.756311871213924,,0.44863760733023694,0
8082,110.6907516548381,23.649592979229695,50.272446324753325,,0.32719807711378995,0
8083,102.35541810447673,28.74433851423102,47.811504347276816,-2.0551837592355935,0.34756644577162066,1
8084,108.88798030896136,24.719285268440117,54.73609118431089,2.0464519903381446,0.4866031109214457,0
8085,97.70620803734653,21.506171993016203,48.9929242733684,3.2958870113554375,0.7210951410274504,0
8086,106.17567649683095,26.91161139441025,50.86832247755781,0.8348976211096886,0.6501909647356421,0
8087,95.07656029277045,24.06998324566885,48.706320645829145,,0.4004834351778972,1
8088,103.66431257029123,19.94558334330204,45.448273619958606,-0.23844020881705397,0.4756283841883375,0
8089,107.20176996938957,24.921837451095026,48.15097425250206,-2.429178545487546,0.49381616183444915,0
8090,102.39515724384452,28.936734441687406,47.104786615449726,,0.28079236326919416,1
8091,99.74781185622017,28.111471409709843,52.18313507844898,-0.698076823400259,0.4215945764230013,0
8092,109.23059234647967,25.041719671623973,48.78626396791109,-0.5778840157691327,0.4710828293406001,0
8093,104.48268605076538,22.52499808661986,48.971817321640074,-0.9230904428554259,0.5605898363284053,0
8094,102.55214676484664,19.043745012770533,47.871338574792524,0.07162996285735061,0.5580504213720062,0
8095,105.20947960577138,23.635787079979487,50.18807079743021,-1.2752536327980233,0.5111407981478259,0
8096,118.18334570972794,27.02495325035495,48.567082967277436,,0.7228253071327215,1
8097,110.76751424890772,22.323284636796128,51.984709462493576,-2.048061022494379,0.3602837995070429,1
8098,110.8128683409392,20.825361906619975,50.60407864617832,1.330964316033826,0.730888929576489,0
8099,107.17773159496181,29.17655663125144,48.8563484285511,,0.4132699759057577,0
8100,105.83242636288574,27.85866840549591,51.70046610367404,0.6941971428927729,0.2568687875487005,0
8101,93.01958855834792,25.659307433041736,50.015881046046474,0.7621723007664374,0.35805450949154116,0
8102,101.60509826768434,19.641400127046232,50.0429938113799,0.23556484518098278,0.5000891508368978,0
8103,102.59712793398762,19.738906084874078,47.07473019253615,,0.3818427190728281,0
8104,95.62553967976234,19.23863509746935,49.85782773442937,,0.42146056624701866,0
8105,99.21292104892284,25.39556000271292,50.643089278636,0.25364290829901454,0.5277025832985848,1
8106,95.09581764538683,19.38675355768003,52.66713364439669,,0.628025331364374,0
8107,104.80838082151314,28.111526386351596,48.49621274019336,,0.4686679188534797,1
8108,109.09382985424408,29.915580021831865,54.55621724677102,1.93681868856235,0.6616959547856038,1
8109,110.53387259312164,22.396178216503984,51.11373663365797,-3.740360138876521,0.20500323533216233,0
8110,107.0739223103962,23.44403816360517,46.961176247932386,,0.4292957144925434,0
8111,100.18301829400716,26.540006123828142,48.30960377182889,-1.381978132778428,0.5009366662067855,1
8112,95.33967420740021,29.24583607590919,52.84199832843364,0.2732481245387882,0.5244636122220575,0
8113,96.21565650299249,28.72912528267662,52.48645828592479,,0.6239606523558614,1
8114,98.6550871137275,18.691101944998184,50.036186963121004,-2.1104535167656175,0.45584971209638403,0
8115,100.55570150982163,20.02886163068118,50.299835406115704,3.5304078484326675,0.6931393995247527,0
8116,104.20125751004207,27.055166382693507,47.67077945254806,0.302772955436793,0.6733292654374061,0
8117,99.92917890936516,26.266717296389366,52.64288548047068,0.5725859851432028,0.4754756937697156,0
8118,106.69487946834131,19.598623128481478,48.02446582645106,,0.3101092643375795,0
8119,103.83863248600264,24.024774984018812,51.68948222224684,-0.06985078250021357,0.3200105805285418,0
8120,105.05272855870513,27.369775573023546,52.70408473733028,,0.6477359407139017,1
8121,110.70125276335602,20.625368187152326,50.09631110843902,,0.4587386917632865,0
8122,99.09884132899815,28.455451628815993,51.9352227322444,,0.6371152599791438,0
8123,107.09352289146184,18.635661297844415,53.69527941605139,-0.07778935301758223,0.5209057769666388,0
8124,104.93013385761964,27.386341020816886,50.53593759842148,-2.067000137495132,0.362766706728119,1
8125,103.33256859515153,25.38982679747844,49.649396367136106,-2.0755630065951802,0.29075806807739574,0
8126,109.4262816043298,21.78239215985219,49.866294284896966,1.7539906899610647,0.6723506932121553,0
8127,109.39507077278503,26.651190580102934,48.514024194655825,1.3234300589146413,0.560782760191299,1
8128,100.26754602005786,27.388389541813915,48.468832414526254,,0.6040505615708477,1
8129,104.08919708071038,29.20678765564763,50.8848135276514,-1.2342300657069298,0.49873263050379113,1
8130,106.40605841292033,22.413296065851164,49.67210035570143,-0.23635164175337797,0.5147577146437503,0
8131,103.63496625988708,26.23220083175946,50.65513835370253,,0.5074031762699291,1
8132,107.92510666143899,25.23139532321629,47.02012770029486,,0.4599776541111507,0
8133,106.40596008955137,24.302472833485062,49.81476234962572,,0.6667612547440644,0
8134,114.16280620178006,28.684997689860452,52.060235700180925,-0.8797793889358393,0.4920339341715215,0
8135,97.34860432035106,18.038007769660805,47.762151446047966,,0.4990923398191992,0
8136,104.387820051263,21.385339273243172,50.0330528282691,,0.5701607088369782,0
8137,100.45748744243905,24.45932687453796,46.29078137820318,-1.6755028636676954,0.37661857145698563,0
8138,108.02053727719522,20.13951913963863,47.38907595545365,,0.3143772516489239,0
8139,96.91414054977227,28.8943984047931,51.6153217753561,0.11404452997343567,0.7283809232511176,0
8140,106.73156355112444,25.771141411356183,49.3814314133741,0.801398655572083,0.6726459291120417,0
8141,101.84975784325829,23.73459593558388,53.64414573107708,,0.5863261742315665,0
8142,101.32919066939493,27.776421108799855,50.864886220848625,,0.6138059990673875,0
8143,97.76750898229656,23.410634297581247,51.06119132977865,2.948095777249059,0.5536363057784945,0
8144,102.67462026899497,24.703836143160114,47.8470359002102,2.0416124636047246,0.5421924969367122,0
8145,110.42250265145464,18.03301194664705,49.22978924631109,1.1071181275299222,0.43066494121620247,0
8146,104.87405658235261,22.38840636234088,48.53472763590477,0.7029282380339886,0.5637125500616768,0
8147,108.13840208937238,19.665485668211637,47.86911652089883,1.8451532746098467,0.621994180551418,0
8148,113.32320910983137,26.27626416794749,51.32778625219227,-3.319533166992798,0.4424059521838709,1
8149,106.31877792411288,23.748323507708804,51.72903173153736,,0.4427923284729232,0
8150,102.2060021396883,21.62109068700277,50.7978743883349,-2.7877215704410663,0.46727271208866805,0
8151,107.33626107591395,23.61398807246091,48.343865613548026,0.9946464485791493,0.6150236552614781,0
8152,102.27851926842854,20.515558655416154,50.66146007019493,,0.690215829715944,0
8153,102.47788658351415,29.101039589833686,46.17464319706869,,0.8931855831620068,1
8154,97.40053600190508,18.647671590610955,52.64601853741608,-0.7768886972561705,0.6103712379112138,0
8155,109.63128745542195,28.385004423553443,47.40369964872512,0.1595447473237847,0.5915454990334124,0
8156,103.0699871217528,24.13630546480021,47.75908203512307,-0.603399801281499,0.38040747106931355,0
8157,105.91049122907931,25.427357953665805,50.23058453914039,-0.7332468572158161,0.49261705888238844,0
8158,99.8201903569668,21.631267450904446,50.408319120484094,-1.869782825746948,0.6312663810897896,0
8159,107.17973814857736,29.600371401531856,49.85450280309643,-1.9202241149114623,0.4546842683923472,1
8160,101.19029380932459,21.38221150223388,47.77974411803541,-3.269239503409478,0.2543601684732989,1
8161,104.29145639149088,25.066535965683652,52.26669598720658,0.8181934542051574,0.5745066195003898,0
8162,109.38913015619563,29.921000461285544,46.6281015978615,-0.6369701497919713,0.3691910091029207,0
8163,108.95379656116265,28.57313275660135,47.03346201910311,2.9004423390639693,0.5594026970845192,1
8164,104.8898496374153,24.435957903433273,49.78603445609104,-1.8662102761008692,0.4479794124037421,0
8165,96.1593448364664,29.884494275606546,47.471532036311224,,0.6846781814663605,1
8166,119.9640528503032,26.416438340791373,52.44525055255185,2.3583890030272814,0.5381272531406307,1
8167,113.72929485136568,20.504404993701712,47.64357072917417,1.915564749750722,0.5398225906653187,0
8168,108.61337412444149,22.867154525229676,53.11405430442063,0.3521959656982761,0.37497228916809566,0
8169,101.23398109204514,22.013920008138612,52.070244331543144,-0.5073085878291024,0.46170516955494423,0
8170,104.43203919149018,22.128164499254268,52.470111471015166,1.914101545405927,0.40110234538421113,0
8171,102.28289785111741,27.125477272318395,53.77421196590649,,0.4107257641213457,0
8172,111.31927969548194,25.011155127273526,50.162455848191534,0.4060613931685809,0.5282607717213901,0
8173,106.31251445425917,18.45711253907434,47.97405080836008,-0.06562191903319042,0.32113996564773867,0
8174,101.07918070820084,28.529381803811713,49.79398424846271,-1.3371252940440288,0.33241794359393984,1
8175,102.6462245043761,21.561553685761975,48.86666878918207,0.4170704584264556,0.5148443551553539,0
8176,110.60594071284952,29.964898522957725,48.58161745497256,1.1127573773895185,0.5359801701644342,0
8177,113.00048923410239,29.45028876401743,50.30170687361367,,0.4151515915412228,1
8178,112.64165781743122,29.286368600183582,49.376591571584505,0.6901802806737752,0.5633103036506947,0
8179,108.78516032526989,27.733531248767683,48.49558063136601,-3.34354228109972,0.16565459460146081,1
8180,103.73687565598682,20.64735998020251,49.50919521482548,,0.49217935614802244,0
8181,88.79243087335439,24.391592928345382,51.09795692840741,,0.4338263284479482,0
8182,106.4858001190411,20.691631521899694,51.912834413185394,0.5360058554491745,0.4671805625636895,0
8183,104.9908562057795,21.116105467067392,46.79415217361802,1.3039721244510822,0.3787130590534936,0
8184,105.69991048160676,25.33142123323533,49.393597827342916,,0.47945400002053,0
8185,105.26948673516603,18.49000254423676,49.71731358905059,,0.5936977057445803,1
8186,98.36868919025422,29.633502801848493,47.63495995554474,-0.24087285490413718,0.50211357079805,0
8187,107.78704278425593,29.024078070935573,49.7605885339186,0.6071222143624476,0.5474373961448715,0
8188,108.16108157015925,22.569210865892636,50.29599121908006,0.5278635999430628,0.49248881358913027,0
8189,108.4116939102983,24.185069376082957,51.037669090561984,-0.7635309384513838,0.455768600890171,0
8190,109.73288501786693,23.59343303121311,50.15431605126334,,0.3626003764473078,0
8191,108.02025822460811,28.586397343409637,48.23810118000489,,0.5445329340570425,0
8192,102.94985294230544,26.26322251579333,54.02406005514369,,0.5867964337804117,1
8193,104.64581576041955,21.33733496909228,51.6582535432432,1.81022787196398,0.47803147346079417,0
8194,105.45562433626688,23.362095053583563,51.105439489299734,,0.49078821971974096,0
8195,105.5384972455331,23.147591708241166,52.00966251402187,-1.688372608838866,0.2580813600388578,1
8196,109.99108827985864,29.512022019407024,50.489218343620955,,0.5122562087269573,0
8197,108.21834376511245,20.103730926175675,52.57260177104391,0.14838200681639163,0.5661339145944606,0
8198,115.38671719784976,19.074916047533147,50.11374390057153,,0.4508953362646929,0
8199,116.03234489942336,28.567425985940282,50.00349492054837,1.860420415392523,0.696061917190079,1
8200,105.39824791306962,28.76023187407045,51.27045695758241,1.9426699587701632,0.542299486730007,1
8201,85.81672225770315,28.460869054945977,53.15271509258184,0.00849837662326465,0.43930931667989326,0
8202,111.18416233063633,24.131722987506677,53.02409723057861,,0.3628872328203859,0
8203,102.29811830506473,25.916933139233524,51.185695196519994,,0.5379116375673237,0
8204,100.99258039084496,24.76035657073181,51.0332237171536,1.5948019800772657,0.48387432466201463,0
8205,103.00777362505316,18.83337391265281,51.39208482219297,0.8286552149663221,0.46226813646013215,0
8206,102.76678476592697,25.15001876280867,51.97124182667319,-0.6473187050860627,0.46109664393668326,0
8207,108.06134905052696,18.16336976707321,52.59746387882648,-0.9183807925609844,0.45173022217570374,0
8208,97.20282110436887,21.899848914685034,49.526831831992304,-1.6659055776985867,0.5422980842934272,0
8209,99.611396271042,29.187510910478004,52.63612257967478,0.29023027139287894,0.60761479877068,0
8210,106.71579277098708,21.648543235629692,50.685990228142614,0.9346801474795308,0.60183323151077,0
8211,108.11472015206654,29.277919711730974,51.3018632449999,1.1022677896941855,0.5404584277806166,0
8212,108.20770822468006,21.00160748579093,52.76389864306799,1.7276405546323472,0.5459804323136597,0
8213,101.0648186053335,21.77474688553839,51.49412450018136,,0.6083639677157172,0
8214,100.1086717536688,25.540889957262642,51.83199112630568,,0.34124934075774777,0
8215,102.4668258310604,27.139523673471537,49.22116293343516,,0.46026416203977943,0
8216,106.19936376142363,24.016653216058607,52.99662308749936,,0.525065146960399,0
8217,112.42738684636275,28.585388246329863,51.39137342215225,-0.1109196126270036,0.4066156599565082,0
8218,94.76281407114625,18.48288505932743,50.252131435680994,,0.3561816140102518,1
8219,103.89635621520817,29.06633806361245,52.202148773786206,,0.7038346465017301,1
8220,98.33660779487398,20.355693598744896,55.175660995521,-0.8829007665711524,0.31788705247570015,0
8221,96.73878661323255,28.61086494101587,47.66215099635613,-3.288853289149408,0.2315795750553981,1
8222,109.83478322672408,22.810358153836567,48.39253475415344,0.030108427665351503,0.6288328040352674,0
8223,107.72312287249669,27.993084670452454,55.37061061767177,,0.44294630401989443,0
8224,107.24716757973631,26.05998659764434,50.85338968460875,2.7865459092202043,0.7769298967349879,1
8225,109.60512919865496,20.111299589739147,50.381739357263136,0.7345409312906255,0.41999053448202694,0
8226,102.60140551616932,29.01657083857738,49.76922851667567,-0.45789412024684834,0.48448351106294085,0
8227,102.83681241833236,20.946208685861517,52.41687200194288,-0.2952826355896112,0.5624185898603892,0
8228,115.92865308361287,20.92968142433999,55.222494617620576,-0.3126052617566264,0.3937725834286806,0
8229,103.76714472870214,27.77014675964857,48.66962291853331,,0.8337182846634998,1
8230,108.67566056527046,19.27047906687025,49.806246545621335,,0.5116263118132129,0
8231,105.03190770481658,20.664430876445525,49.29854574286427,-2.110740258411016,0.44537198217552304,0
8232,95.75870734960793,24.044130881052748,51.46572995363856,-0.3666599221514777,0.4138615426339758,0
8233,94.77685498099366,27.96572434423949,52.44478687530115,,0.6473889513772206,0
8234,102.10507890030047,19.76980769684721,53.241865570666235,,0.4472683557687785,0
8235,110.28050625834994,24.57201881414816,51.533436565240564,-2.674433185870635,0.5760063307691958,0
8236,108.94145828318001,26.534887101635274,55.03866558248723,0.8933450726802667,0.6625744547624887,0
8237,109.57038582112017,28.327142696591416,48.85049403358517,-1.2069494936068559,0.5233558146889012,1
8238,100.06476910531842,29.226786722426635,48.330918895134594,,0.49814616711907006,1
8239,113.07936245061157,27.415678973627188,52.938688586632416,0.012291648911751447,0.5089999938406231,0
8240,100.17553349906808,25.833940778664022,50.245664639192675,-0.7114032303926032,0.4327621067557127,0
8241,106.06412199334984,23.20344102375319,47.248119353169436,-3.6251004752183933,0.3213677020830012,0
8242,104.94823855046131,19.345321850261037,49.3678740567251,1.8334767744418978,0.6064459165222775,0
8243,104.13063089842707,26.516846310306256,50.51131730819455,,0.43194476545853194,0
8244,111.69296069147804,29.912847653705843,48.70750352418529,-0.6722920782260435,0.4507291500546866,0
8245,101.4744473991702,26.841127136785197,47.97067862581082,-1.3354370813703038,0.42358926283191684,1
8246,98.25197372144036,18.200533124852715,49.584741726948245,,0.5189089997886289,0
8247,105.0999774310321,23.955119736502063,47.870933159276575,-1.5963295510092839,0.5002252407797552,0
8248,103.00086632856737,25.375759589794846,51.27026207796047,-0.5529711874539781,0.4945999619549358,0
8249,121.88691459541323,26.276090413234115,46.11239030621431,0.8546176530855945,0.6240562036460925,0
8250,108.38253738219987,26.6367100272085,50.180849855930845,,0.657529352030263,1
8251,102.95329712390688,24.69730129459829,51.039019776216605,,0.3124134730843138,0
8252,99.71944215406457,20.680323992810884,49.81891752050325,-1.1022254613488136,0.3615582113406345,0
8253,95.59855794715608,29.30640793771856,52.18644579414175,-0.16010881283297762,0.6573156908552072,0
8254,99.87390457131283,26.35999761196394,47.25887753159173,1.3567059944360043,0.6463442097971263,1
8255,105.57470885879566,20.842080442432913,48.59782099724777,,0.42254069287660073,0
8256,112.13664325797384,21.867861987243273,49.33993070749822,-2.062738723568072,0.4438641670744451,0
8257,110.6084457119396,29.063132047564437,51.425449138818614,,0.42542901690020213,0
8258,106.14547415823189,28.649822240488028,50.43701517209224,-2.1513981134420983,0.1827811455028587,1
8259,103.38416167148758,22.861757260297075,54.28673196548483,1.3263257564659088,0.7320371880114938,0
8260,106.34406178206078,18.45968666389741,48.38842820605221,,0.5392113743384276,0
8261,102.40681001257713,18.581968426727258,47.2100222028387,,0.4526089157767331,0
8262,113.59181997881937,21.40701949102067,53.578177965866125,,0.48938380600330167,0
8263,104.0540490936246,25.549466632067993,47.13828283213523,0.5025202200110811,0.40981226136743526,0
8264,104.56831070876636,25.010335624014743,51.36612542279809,,0.35772571649499807,0
8265,93.92088787489666,25.605933443327313,48.04265991595606,-0.2686672235189393,0.6282642469934127,0
8266,104.02282576738618,26.60739566318528,45.861363298304624,-0.012056901501985073,0.33506429049117614,0
8267,109.18242068982471,18.22838704311286,49.250432412373534,,0.633067309225367,0
8268,99.66138711480727,19.261027142069313,51.79899992495432,,0.345732987300443,0
8269,101.24639832753594,22.313801421926552,47.556457823053854,1.8436958814080906,0.46939686872642195,0
8270,108.96355508866833,19.858319970258982,51.15218945628966,,0.45750707207776203,0
8271,97.61671388240973,18.90384051053465,51.525727122372906,-0.7896120565975833,0.39209846000185444,0
8272,110.28900503770959,25.691572751967982,47.45661971696139,,0.5000324970794414,0
8273,102.33928054913449,27.78403772989319,49.54447742257526,2.136771721282212,0.5191229333247626,1
8274,103.05715889754399,27.03151988921139,53.154149644654325,1.6967488405459696,0.5534891670560551,1
8275,99.38060797437203,27.80447734331015,51.301185239927484,-0.5922725543512304,0.394547054903505,0
8276,106.89023130213941,25.990278528694525,49.47701507084796,,0.6781314792635321,0
8277,117.2993599251469,26.824143861770427,50.83059096250784,,0.5593713119211728,0
8278,108.90748619730316,21.261345290499616,48.62947338305911,-1.2651379020120528,0.46151502704330094,0
8279,100.67857369029733,29.916096435409973,52.22739135677005,-0.7141940220051096,0.5696450411898617,0
8280,110.67810292745737,20.197987853926644,52.22652012920428,2.0598808039255916,0.6293119926284119,0
8281,103.41660227032875,20.57392649267259,50.24181183017211,3.1242678953536696,0.6740933369606387,0
8282,111.8724249071378,21.467061981790163,50.461412312915385,0.47972513812980366,0.511990884388026,0
8283,109.03338201082181,29.703989161278948,48.00240624998865,-0.8498057425245282,0.3858848980538827,0
8284,90.28429217264133,29.859463072246875,47.29592714586434,-0.18737620151091983,0.4192269543808408,0
8285,99.97960183522486,27.53872499647797,49.24679051211694,-1.1436662729083809,0.45752877043913853,0
8286,109.72192611417695,25.548691182715604,49.82519658061764,-0.9251450683848741,0.5555334258108618,0
8287,105.7582863607251,24.24075090221536,52.12525499477598,-1.0725716966952288,0.503407789562233,0
8288,99.88122026146075,29.64745014824215,51.84485550123662,-0.11901562124798568,0.5505110351146558,1
8289,101.83205242253094,26.34747363429897,50.369665776718186,0.18102155468689018,0.3984354648106872,0
8290,95.4688168995531,29.336761539912363,52.38107796874557,,0.5411711007055325,0
8291,104.55813356236801,21.798609593731488,48.11302764237119,-0.33198440178235616,0.44348003400580716,0
8292,116.05344863007882,22.005297507234786,52.15467377455674,,0.5746105344216774,0
8293,109.02466695366162,28.256695129421228,48.419142571301066,-0.34381338738817,0.538010817613464,0
8294,115.95208500594211,19.79825904702353,52.47938906012848,-0.24752371595060174,0.37200309421709377,0
8295,109.4119854489499,29.35113433555291,49.97330707046004,-0.2648404065391592,0.502498351222021,0
8296,110.13739671676346,24.08969225596089,46.003426646924524,2.3149315994269033,0.6393728133380213,0
8297,114.87039343872512,29.116966543004374,51.460314328062886,,0.5630223794907359,0
8298,106.88631629671113,22.04151346470976,51.61909151900156,0.8944441604123021,0.4930346620235743,0
8299,104.06386339246559,26.591506849672765,49.086839891022834,-1.1225665409061913,0.437750240171005,0
8300,110.16328758311006,23.794501463672276,49.257480843211965,0.524917247137894,0.5432422905605065,0
8301,112.26920118560942,25.521643562945677,49.68090944023079,,0.4892888963205235,0
8302,102.60017678643895,24.052469917669825,46.14969637474746,1.6263889302041081,0.5278146710603372,0
8303,101.39215458829986,29.605387408456338,45.27054365380971,-0.5764022539388473,0.4138156313074019,0
8304,105.6942801621544,26.305264773767007,52.60325127626078,-1.6709438472377722,0.40368050433890723,1
8305,109.15749433465831,21.015827623515786,48.351864665178844,-1.1759779848908622,0.6159098226139179,0
8306,108.9904552433078,28.916123062861015,53.71052821915273,,0.5631330753740004,1
8307,97.879161999062,21.52835685786125,52.74080360227783,,0.7048853702625795,0
8308,114.5580303353166,22.459261191610274,53.13439062853948,1.2516801180190782,0.5657432944985784,0
8309,101.79417535301575,19.225484376242562,48.69940209506569,-1.8932091446825274,0.3745868992522077,0
8310,103.6746750155571,28.79959823755429,46.783197626138836,1.2009793216692564,0.5576291958802222,1
8311,100.4867282000609,21.433344278734356,47.82623538681129,,0.5061502292043955,0
8312,118.49164417968544,21.107011415176586,49.10709054569418,-0.523713925696859,0.4684675601412777,0
8313,106.21035335143984,29.043151175939446,45.25354053429872,,0.49794887783202163,0
8314,100.74512459659218,27.6663223488604,49.04914862175166,0.5330532832064467,0.5031753275158366,0
8315,109.31961774981222,19.69294705823249,49.59664394497778,0.09816314200682501,0.4055601430702137,1
8316,108.84567889655017,27.231894046844168,47.41115805682661,-0.901668220574382,0.5589256046901914,0
8317,104.06136488210058,28.95639717664549,47.91902980350834,,0.5348032627639383,1
8318,109.20303356391692,18.942134618528925,49.5588029576384,-0.7913496073458899,0.607373472601032,0
8319,100.87354019584568,27.902579938854878,50.7125730966206,1.8817691180429836,0.6185590556411014,1
8320,102.53540862525374,24.56904062247667,48.21835466399951,,0.5386350471086898,0
8321,94.94891672716969,26.03036939254561,50.58450521915254,0.32329551291663433,0.49617050662341927,0
8322,98.3802445789022,23.91425206685924,50.27369201597571,-1.839226444847298,0.3347209201650685,0
8323,114.03815402835343,26.37363701886334,50.093771718036784,-1.251123947988955,0.5417665714898767,1
8324,113.20714313861157,18.409174340001037,48.695971752286844,-0.7695183134001271,0.405422662721215,0
8325,105.32894324324481,27.152480678679403,47.333240807929236,2.280908182096461,0.7425990909728557,1
8326,113.31465723594918,18.400124374307502,53.39290395980148,1.9620369991534905,0.6559732249413281,0
8327,104.19962756695847,23.46359817296812,51.260611832914854,1.3113731438357943,0.712014908415566,0
8328,103.78294848716045,19.811579917563538,52.01146330612148,0.04992862532529835,0.404849251421155,0
8329,105.28255324232778,27.882891328215685,49.83274063032216,,0.6097555093315734,0
8330,104.37539202338218,21.763930910108023,49.67194911547973,1.8997187427470343,0.5207112203323315,0
8331,103.9240183821991,23.449122535251988,50.98131936145077,1.0519579293101977,0.31295540143775397,0
8332,110.71699053574777,23.14500889557974,46.33062329909551,0.027012635056134902,0.5909423015760673,0
8333,105.75067826978102,27.27002358821648,47.77071306129371,2.2300073700244205,0.6108601748516107,1
8334,108.56240882216902,23.773732317551705,48.40445024394325,1.2217943042452717,0.6573311206292829,0
8335,110.15690262638665,27.467500020124152,49.090867154916474,0.3636297987585271,0.5273827890730263,0
8336,106.94092897827366,18.882099321632104,48.240608641059694,-0.688465170372722,0.46772426305761244,1
8337,100.1486433704588,20.299127614835943,50.66561425050149,-0.8238633799395194,0.6085771778701499,0
8338,98.23567055517981,24.618410995756328,50.16289446892567,-0.5042630328004194,0.48661620379682485,0
8339,105.74390317403653,29.36505989703234,52.785729379502754,,0.48672429300437353,0
8340,104.14371847587533,18.897094160661364,54.94751831422512,,0.5538461996257311,0
8341,105.43695714460061,18.51701059388237,47.47429951970314,-2.1664377683265545,0.40744196692622203,0
8342,104.91972980375706,19.87860809913427,50.29461042793689,-2.9198980164768438,0.06953978713291237,0
8343,117.91786830083284,25.69383754632188,50.29105175641395,-1.4272347098881986,0.4777487808193618,0
8344,98.34886872179331,22.787915000042965,49.97160386047067,-0.6115149200630196,0.6053147074430555,0
8345,95.05026865089438,27.906628553012233,47.830350858068996,1.7939208009842906,0.5847971612283629,1
8346,106.66188416759805,18.86319781777639,48.1656051087149,,0.43689287152665124,0
8347,103.11788722705903,20.356969041776413,50.48081122383224,0.3821600234578385,0.557884753039831,0
8348,106.58033934864976,21.600316865578748,48.10929985338553,0.6268567679815068,0.7056975774930446,0
8349,107.91941511142001,25.520761040265423,50.31854394433402,-1.5353562902565294,0.4701516717008118,1
8350,111.42052347589448,26.222072283618566,49.50810043090879,2.1898332478174054,0.6309290271558611,1
8351,97.4638708980803,19.490439527565286,50.28331580624256,,0.41108163368437456,0
8352,102.21641051071418,29.325656507900874,48.09339905913113,2.3396871839494207,0.5100347187254839,1
8353,107.14380629440382,22.09252962228251,50.31493848466907,-0.1892640021955729,0.49287755818429124,0
8354,108.85231797843613,26.558025156003396,48.238094833046816,,0.47884492874103124,0
8355,115.96724775144193,24.290492627372387,50.32139121731384,-1.666183775484452,0.22348108458715182,0
8356,109.77851985556933,20.67309736256528,52.678792244878316,0.295927936797871,0.44211803222914087,0
8357,104.71605702056861,28.154739877384934,50.52196770003214,,0.7849648057287774,1
8358,100.54782123528669,27.81885633830316,50.643740764766115,0.6203824356030043,0.505212164135488,0
8359,102.1785507364049,22.75286224700028,51.6344130349951,0.4056553079233568,0.27470019221977354,1
8360,102.03648588521446,25.063291028326265,47.19288331105347,-0.9999054386837375,0.6101222628062676,1
8361,108.2761681425688,21.093908351231278,53.437843147446024,0.8879756229176703,0.45524787337949163,0
8362,106.28498722792915,26.27821954495562,47.88882001477526,0.23642671068442378,0.4647946059935023,0
8363,98.38175214578911,21.708321751445176,51.759321994737874,-0.094251712112209,0.6015128265712453,0
8364,102.82049265454783,28.12894481258682,51.49381997451265,,0.46290226386141187,0
8365,109.38773776725711,20.608621251327293,48.19566727699048,-2.723768968229839,0.16681549476987118,0
8366,106.7583117748703,18.17764107382157,52.017772273533524,,0.5142172160668012,0
8367,107.84322308006385,21.22209650361502,50.995625532826615,-1.7955417676780563,0.48990712709076517,0
8368,106.91460855028632,20.29262983751384,53.77995728880452,0.04334774747991508,0.4552563275584816,0
8369,113.1321536730443,24.099437276699092,50.386757502682585,,0.43340066549832396,0
8370,106.18021531912186,20.444439499878914,49.782913336954806,-0.9837597758418057,0.3328323870537689,0
8371,103.06988601064651,27.158278448633936,48.97047494416359,-2.000161924178551,0.30044554563849407,1
8372,100.4212247943322,20.896447656048046,46.51328945729765,1.6734974568702312,0.5515071428538229,0
8373,106.24804729104856,26.48361815895187,49.363544870497684,,0.5140302355362156,0
8374,92.79647992612458,24.94165107616469,49.448203211482245,-0.9363579354506314,0.4629595775271149,0
8375,104.07855499083644,29.834998277662613,50.52411636511487,,0.7168010602477872,1
8376,103.97080070039328,29.99881172411078,47.15379377823507,0.8519361491498756,0.7079579049672873,0
8377,98.1776457319136,28.434312999807958,49.52197557762624,-3.051958857017973,0.43605927416389945,1
8378,100.35867080672003,27.119800431585013,51.15250278404423,,0.4449056686877343,1
8379,109.0482876507412,22.637476968006887,51.351019350985034,2.4718359625489543,0.5952139945506681,1
8380,106.15355874537481,27.039320725575642,46.280369647725344,2.3315641323845213,0.7042777717463837,1
8381,105.50894166853664,29.48010644495389,51.41281321730645,1.0022838645166958,0.5381596986567723,0
8382,106.53173766966012,18.28053090474533,49.50685217375702,-1.652564639896518,0.25543768108621506,0
8383,105.46313793974461,24.454976402372864,49.62997824500289,-0.07383826102228792,0.44111019483580244,0
8384,111.21431281429157,20.615979652661217,45.270969260288325,-2.1726679535745594,0.1641214306115127,0
8385,105.61714590851824,24.694515790426205,52.98714232511576,-1.2990240832531053,0.40729923339957985,0
8386,97.70893443090625,23.597365077106694,50.35359777002259,,0.34819136825319924,0
8387,113.15064982437205,24.90922297862741,46.93707914695459,-0.9405456827842787,0.4169081237579842,0
8388,106.85170133664423,24.61154665702469,50.750403149832934,0.2459308353171944,0.6304440589069399,0
8389,102.05373134602466,29.521284470022742,50.68895688169405,-0.6673679237482697,0.3334914681786204,0
8390,98.73299140852491,24.626233307216832,52.44508830586598,,0.39158878523142326,0
8391,106.97957110479022,28.154785057498408,49.38062246141824,-0.4363416670852027,0.36400667389414554,0
8392,104.41413997512812,21.837843441610158,50.02399213787717,2.2492090193278225,0.719594058920519,0
8393,112.87073393016205,23.257208265492586,48.714384399524185,,0.7754053846768112,0
8394,103.27046359666586,23.644961712537718,51.195897227985476,-0.676044269728785,0.502205313101318,0
8395,100.81309605158766,21.344736520024558,48.433019316649904,0.5041113037454356,0.5560345254510911,0
8396,109.47898109117965,22.557483137735463,48.21401896583954,-1.2619169438349693,0.31687033025887984,0
8397,109.62640946358415,25.182156953601304,49.86440492444016,,0.5774927465454054,0
8398,105.84325683805098,24.962253159654388,47.54827245739234,-0.7146750928916143,0.3520752040035656,0
8399,108.38178523837455,25.637224134881766,53.20426243707847,-1.0666572946346957,0.4507865306868929,0
8400,104.81156439628882,22.221814985041693,53.854533455483754,,0.6157841948262593,0
8401,106.16932550504623,21.789977941836685,49.09281982915637,,0.3388781184776225,0
8402,110.82495441281961,25.33941459304996,47.22680998688567,-3.6792410320319604,0.31886818430439967,0
8403,108.12659167010752,19.5943409811303,50.67318407780412,1.1022453692235015,0.6228384585430393,0
8404,104.15362780833688,21.03637852238568,49.03579496406215,-0.5514426164297119,0.6499735609885188,0
8405,111.76181272963075,18.505532843435944,52.349362265056065,-0.9689948688808832,0.5066487503204448,0
8406,93.17572313604244,18.87133023115296,48.42570680894019,4.097488500660966,0.9326734055435035,0
8407,115.26036655710968,20.920599351127308,51.089026444856884,1.0953398588740435,0.5748594966460574,0
8408,96.47020452554632,18.23435136356303,50.22798717878339,-0.08777114625821422,0.6740001756789717,0
8409,101.86453587613852,20.944927105049537,48.64747697877318,-1.0618974595915474,0.49046353578651736,0
8410,104.79541232402465,25.85971587674431,50.48009965698388,0.6686817732475302,0.5574130468385369,0
8411,104.2675966463592,18.733284941627197,51.7570651169497,-2.5992789437915245,0.3532132532729175,0
8412,110.03205520013277,23.24084013353569,50.173697038110795,-0.774152158457702,0.4912024878473257,0
8413,99.71081690694882,28.957305443034592,50.19456933025252,-0.05564845469669316,0.5403754271574818,0
8414,106.30383408741531,27.495417947104812,48.25443314429265,,0.37426660799200834,0
8415,102.10893950890123,21.665250027538285,52.288409595808275,-0.21364700519116397,0.5593230551231907,0
8416,106.47570489668708,29.097665750299765,52.08909315628637,-1.0398168655933444,0.29960977545398254,0
8417,104.67613870101061,21.955757960972697,49.17888162262701,1.3809932184923075,0.6391667962919321,0
8418,105.4646782634149,18.87018595605075,49.751423081034005,,0.43602132579676145,1
8419,102.25037583767828,29.928671481217364,52.828441345380654,-0.4168858080226411,0.6212804621746832,0
8420,102.44968024951959,28.44027032627006,47.73285835790509,-0.7768958434814837,0.3749449590338464,0
8421,106.43636257013713,23.591193399613108,51.208576782717564,1.5177646500639987,0.47717797269729906,0
8422,109.71857752878022,25.99651829030885,48.88277245373774,-0.6883246414940469,0.5763096229184215,0
8423,102.00860332901077,26.054736934280044,53.55615575350328,0.6564953351659657,0.4253408410296473,0
8424,100.65616227713545,20.333786768765524,50.126893457330674,0.4995701942391187,0.4076551789168104,0
8425,108.06730082835918,20.40058359784359,52.52075703628009,-2.7526775131606795,0.38322791528222677,0
8426,104.83748053471156,23.63496844022191,48.47734530307774,-0.09847107736443919,0.49040729183597886,0
8427,109.15249066992976,28.938877681652375,47.50294263535147,,0.3848303469202501,1
8428,100.47101393314426,18.11992529830285,49.531481085597775,0.526927827681348,0.5801190614889171,0
8429,96.10280537288284,27.390067631392313,50.52536691589367,,0.49955691574924127,0
8430,102.33497959086833,18.69032140457585,48.978536635967174,1.780004365274096,0.5812129322333648,0
8431,101.16823695367492,23.738665378597414,51.516614852549935,-0.2711521498169426,0.49125772116151445,0
8432,104.6060579995985,25.654473996881716,49.58009286437914,-1.1550844533063531,0.4355472504387252,0
8433,101.81577392864806,26.24111120498958,45.83712567646679,,0.5935168507793858,1
8434,108.70508475668224,18.701751163390938,51.105623958386005,-1.3078352470625294,0.29586334724635865,0
8435,103.55924868788742,23.02324340860762,48.234925881705685,,0.6427411256090976,0
8436,105.7523724938695,25.006047126027894,49.276805236646965,0.7012930110271995,0.6399679884502238,0
8437,105.78817279220472,18.792546447672084,53.10626240707871,,0.5363355504719582,0
8438,105.97477546206093,19.62113467914372,53.54562344824218,,0.45585198816983863,0
8439,104.87935444772513,25.963787874048464,48.84901312981438,1.8624938127260142,0.4940645755913642,1
8440,107.55300345205157,24.259658359087823,51.15557326126368,0.7506960860390396,0.3960090118020333,0
8441,101.02172433087097,19.941943935219488,48.89545101915471,,0.5251931762084354,0
8442,111.99708963326941,24.422872042976802,49.42625404220279,0.36690852689188536,0.5212022702914889,0
8443,103.81731308315733,28.95230848133299,48.788449170202895,1.5092428480987288,0.5924153807177366,1
8444,98.4422543105066,18.187051017304366,46.55131263920703,,0.5298505715195087,0
8445,105.94036678495887,25.711605281830256,50.19011044746742,0.3575982489796453,0.5435851890387059,0
8446,100.74409758776258,18.883805215264104,50.57633077389233,1.548005615706042,0.6420543542374759,0
8447,108.32667267254438,18.07739331557641,48.657996509377725,2.3058941614547646,0.6057518809147708,1
8448,116.04802788021189,19.807853863927605,52.17558342287422,,0.30052071436063826,0
8449,101.06713954221075,23.074879582247032,49.12783956580956,-2.006164297992614,0.4685323365252573,0
8450,106.66186166611992,27.628127987783436,48.72557635028197,-1.9538644703640689,0.46006143912313213,1
8451,96.22247205647686,21.381425959254702,51.05300623621621,-1.036489219259837,0.31871108282393157,0
8452,107.26952614720673,25.508078548665104,46.91463602005494,-1.402337289628476,0.3132784611900443,0
8453,100.57143100100156,22.93387965546368,51.81335806340561,,0.4621139601193849,0
8454,101.87582690782759,20.811981503592094,49.19566168521128,,0.7504942374276377,0
8455,99.49356755080086,24.170965371394303,51.97857215278818,0.7921488934145001,0.2732433815547012,0
8456,108.66075613027368,27.56957388447148,52.576261051658314,-0.7856963952524869,0.5047994862253238,0
8457,110.03652178736631,27.98990844067373,51.280306884714285,-0.048775263587968035,0.47549660177694136,0
8458,105.11692607329253,28.158234382526842,48.37605341454338,,0.37343649164518644,1
8459,100.6778664733214,22.062693750659754,47.49833658703119,1.735982846863113,0.5999269222188626,1
8460,112.9476151805193,27.521472776589036,47.13185467332953,,0.277564947940459,1
8461,101.24794936122672,20.546141461306895,52.205821403402624,0.765041672466395,0.6035191104735562,0
8462,94.18983850036281,26.861101214914598,49.730399775599636,-2.7576332321224504,0.2933033945232461,1
8463,107.29194504978534,29.3806131152714,48.8015564109383,-0.6210121426788902,0.5436506736127288,0
8464,99.47612663179241,18.164926016291485,49.735835696922216,1.8640333084063376,0.690104580805829,0
8465,109.94304396749587,23.284367174145576,52.16124241790833,,0.29023769475557837,0
8466,103.0943115166329,25.773251860968056,51.5574795707191,-0.2230633503279596,0.4040748962726851,1
8467,108.01856620272098,26.421309245850637,50.87701231141771,0.9416560135907802,0.5584483542881797,0
8468,112.00750173276079,20.113053099230427,51.27577211485281,0.6962542505165779,0.6851783731634458,1
8469,98.95570567689639,29.666199302863113,50.3603447109939,,0.4459930475682089,0
8470,102.17031434553797,25.383184415651677,50.60422611459285,0.7436452685072974,0.4968626169496755,0
8471,104.62164463671468,19.97208721473921,50.44205046230209,,0.4862954175501303,0
8472,112.68775659517172,18.246270140550184,49.999877508744895,,0.7106377314062621,0
8473,101.70808641029777,27.399170385477312,51.50674776766256,,0.4319003941360129,1
8474,102.02748152025497,18.95645687334551,50.72256421240079,,0.5903846676924568,0
8475,107.39070287777905,19.69261105284284,48.23856993778608,0.2842418051752743,0.4836601927877088,0
8476,102.11385637144714,24.89796032226829,51.057748771045304,0.925663847046524,0.5794654730175807,0
8477,105.76262941448809,25.242066041395436,50.49449413275861,1.1918190263756094,0.2395339586623859,0
8478,97.24231289515937,26.242645423108783,51.2228269378302,0.8334429051948644,0.7285975283665516,0
8479,116.07164971278299,22.722168151963448,49.79158617276994,-1.2165326408384567,0.42059277621897895,0
8480,98.26145384845299,27.286784027601875,51.62348062753431,-0.42940453423317226,0.496759548074542,0
8481,103.39123648004896,29.692303195390664,49.877182898267684,,0.6010687560888761,1
8482,104.83759482078953,21.253139316958595,51.44775937320109,-0.4477435890171339,0.4034817311181747,0
8483,114.56344067178398,26.43634339845535,49.08705696809898,0.483778492212664,0.7574006947716517,0
8484,98.3757710953363,29.14162382874188,49.22549189180209,0.9106924130350551,0.6195007297471556,0
8485,114.91852067739376,26.235441151404512,51.20410504642025,0.5871515174913924,0.574011572822821,0
8486,108.7858841055101,26.173313983731113,49.33645321251051,-2.6326346121452016,0.4327581388768549,1
8487,107.08547662211623,20.68527082902248,54.411565389496324,-0.8432608986310923,0.3736884558330851,0
8488,100.07683156491022,24.421562403836315,51.13288997355805,-0.9933742340512914,0.2854356197313481,0
8489,107.85570621019036,24.75027412325496,50.0498469723084,-1.9652518998650375,0.2836910368232892,0
8490,101.382566887901,26.401554749471433,51.6398015535177,-1.2539001016556401,0.5460466423131,1
8491,111.33330626599206,29.96185739875419,49.038639180046964,,0.4065387855132676,0
8492,100.14468985446133,18.403725870525143,51.846029638466035,2.1206827811676416,0.4406243023327481,0
8493,104.43420752771958,18.782791935209843,51.790470433327066,-1.4295964938134937,0.42058851113383705,0
8494,102.22363455993414,18.935400833171023,52.5070681155591,-1.6932966525085469,0.47280540045661734,0
8495,100.06238518786503,26.915749613867483,49.118380937302845,-0.899208665466831,0.4589046952136012,1
8496,108.70659908453958,19.63624554132909,47.55453349172451,0.5061995806291663,0.5859486820597178,0
8497,107.67729373704817,25.469422493884142,48.7796907215949,,0.7072794295329345,0
8498,111.04505099450499,21.8960265347215,49.436738968054506,-0.12976336153495444,0.5506396901704629,0
8499,96.10062445895916,23.48783947452853,53.33442320170351,,0.3761538132768276,0
8500,110.32085351170522,20.587957917808968,54.3900240582555,,0.35308702071434117,0
8501,117.52724452678447,28.393278735654505,50.689324609287965,,0.5912015656759739,0
8502,102.74179455411526,25.033803889956317,50.0187812160372,1.4928815920140843,0.6021755129012107,1
8503,114.47574306054484,29.334759162987034,49.300184339051576,2.7236128872619236,0.5501039926636173,1
8504,103.68419363970087,24.895154996451954,51.64938070042174,-1.7736012523541036,0.5415381580310591,0
8505,98.13795131219347,19.48689636716336,54.37716278398304,0.20966157192647866,0.5366993936446894,0
8506,103.47183778796602,20.050445206061706,53.57170178237654,,0.48805296984062096,0
8507,110.24101983837637,29.868887716414164,52.275953225211666,,0.39340114586463415,1
8508,100.80911758834235,26.706782367970412,52.246605062227715,,0.5393231315346897,1
8509,101.99830670496756,18.591345000349076,51.66461977250823,-0.5013917471618013,0.3163945857747494,0
8510,107.96769716146595,26.445372060415977,49.90541870858293,,0.6013788181531443,1
8511,105.01530058369286,22.94607656171534,48.526903554918405,3.718269085400201,0.4920295082511643,0
8512,107.9231147624337,21.686500641878286,49.958371821344116,,0.3278621296973193,0
8513,106.18914770379168,19.848729524766412,50.844679204262704,1.4816671662892391,0.5992663820990975,0
8514,107.39812659775787,28.078847454678787,47.09273220256341,-0.9892915119521979,0.39745981112185236,0
8515,102.8384940709523,18.766096547869207,49.694098541267586,3.349860794802342,0.6346598500132479,0
8516,106.15865471015196,21.478025548555685,48.34813529081745,0.5085974721282436,0.472320835522815,0
8517,100.36313497152034,21.67659472590845,52.027682322136286,1.2553975942920335,0.4844623408157593,0
8518,111.44216811251694,19.930863407562004,48.90058319568658,-0.8866162644089073,0.4873669322178424,0
8519,101.82862641591343,24.098218599442443,50.65644066396197,,0.5683768695061389,0
8520,110.64423743774695,18.14043152173071,48.59995941412885,0.5023335387268769,0.6136000775222027,0
8521,103.83196519508567,21.61170618492491,53.195398651921835,-0.5684663188128067,0.47959386728836434,0
8522,106.00999505378661,29.20355332839677,46.59848612693083,-1.6198371546444466,0.3773265782366308,1
8523,102.5251772455465,21.726354832104068,50.95168075368793,,0.5596310555569352,0
8524,99.92002284415986,22.32551264528102,47.44548466312013,-0.4847152179337014,0.29254048204274274,0
8525,96.27619806197349,23.677980578808857,48.9813346990303,1.303542414879639,0.3070032029805461,0
8526,99.72337920703771,24.7403204982177,50.41237340736901,,0.32379912091487056,0
8527,103.38045573392039,27.704503737848928,50.510714062633674,-2.882315554926728,0.3215320452431575,1
8528,106.05939589414442,20.283854677872213,50.458533682190826,0.9692700727547718,0.5876103154557931,0
8529,110.05189656641632,28.46095652631069,50.303498281951,1.9397498729074374,0.3298696253512665,1
8530,102.77121270101576,27.09059228572667,48.71631147625312,-2.499101227542661,0.37388391743874555,1
8531,100.59019617866413,26.671804015938662,49.67189335382238,,0.5998970157971677,1
8532,97.78642606998643,19.04165488457562,50.06326803235783,2.094977704730027,0.6184450962904358,0
8533,107.40031808952052,18.259688279695016,50.390720793517765,-0.9463209976994565,0.26192575033962984,0
8534,111.91597257664671,25.12815241089701,49.86863905438602,-1.6757394102264693,0.677739695217888,0
8535,111.33165133978144,28.357607550277933,51.45918084196891,1.5794661853878251,0.5822240119470229,1
8536,108.5496637407362,25.01329756968763,50.18677394030188,-2.0544737693071013,0.27555843598488794,0
8537,108.192716586338,20.55881838534637,50.40265193524323,,0.46281858571002743,0
8538,113.4881188985467,19.08623877539056,49.23469530337697,-1.9726946122594289,0.5508492820264395,0
8539,106.66040730708406,26.39515743381282,47.89511614677116,0.008861714221359153,0.3717781463288741,0
8540,108.23064838012085,26.661243327813715,50.30805786146494,2.1977777150581916,0.46040862309690134,1
8541,103.39608069074,20.070380408245303,52.41489208792588,0.5623752515269909,0.5163147752735897,0
8542,98.18978314572621,18.338283785958435,50.887722461460825,1.5271117480842369,0.5730853064515306,0
8543,101.58075549750212,22.899402158678363,48.365012117570416,-0.5277037133020261,0.5445552960490595,0
8544,104.95420480732672,24.992624425596265,51.62948005163721,0.1459542440427683,0.6548269971339732,0
8545,105.30392686250651,26.472028914806295,49.32976586441209,-1.8396566469742952,0.48601725085768765,1
8546,114.63142927427697,27.71934010983483,51.42930796096057,,0.3539648704018025,0
8547,105.40638583795534,25.32644912768079,49.26240827020768,-1.118955164484814,0.3369480582372052,0
8548,110.89421722012821,19.33056730318182,50.70661287965474,,0.40814966265870706,0
8549,102.82461379211841,26.190980065708978,48.96300532675131,-0.34351810892695417,0.560591641699382,0
8550,103.44162057117383,29.810119714738583,49.01389500705933,-0.4716598170210226,0.5370876191544838,0
8551,98.35496181388275,28.867015015168846,46.86746926580852,3.1613354998952587,0.7842204734164838,1
8552,101.28835993561714,28.460026911234152,51.02414963832232,,0.688377202965299,1
8553,107.63490695681877,21.62604184030009,50.74033926964067,2.124213572312614,0.543463563570755,0
8554,105.03780090197067,27.009458117448006,50.85288543252189,2.692588451245886,0.6149493548287654,1
8555,109.71469309948617,28.213241351581747,50.55066112226362,2.1289539739168006,0.46030552403637254,1
8556,105.90626974172525,26.13991445557516,48.47549993335339,,0.5611361219799625,0
8557,103.2377313418113,21.006741078815764,51.93179852898716,-0.18736440755878225,0.42802579503000954,0
8558,115.7414843189348,29.4460076624995,51.98555860018454,0.35310037578086967,0.6400848472746682,0
8559,104.53048215643476,23.40983293750411,48.42352506965884,,0.5442283291117476,0
8560,110.81500484852651,19.557666703990552,51.06424798269992,,0.6157965490174775,0
8561,102.99395396727661,19.317334740688704,51.74998237073596,0.4449078833205215,0.5642249851741978,0
8562,108.54799739691784,25.77022784758855,49.059803453312554,,0.4226482437588325,0
8563,109.64007829575843,23.25251575700087,49.407928621511296,0.20646246068453972,0.49207129368873564,0
8564,106.0424598528779,19.133806502147564,51.068226816423575,-1.4921593276142169,0.3869344533771105,0
8565,93.22758538651699,26.884374865873134,46.9793404611714,-0.1215583055560508,0.46805690060357097,1
8566,105.09126230428056,27.591902007103435,47.822965556932,,0.6142550606646616,0
8567,111.15230023879988,26.704987569437414,48.02044998426088,-0.5292802071042284,0.3386749430265724,0
8568,107.63740416513865,20.427130532208153,46.407367270349006,,0.3832944055516905,0
8569,107.22919437614624,26.277305471952833,52.16987954837496,-1.7820282501742755,0.2442654502001495,1
8570,96.3887153302124,18.12867363473262,46.023736371616664,,0.5716657865154339,0
8571,101.39772464662471,21.66134567614091,50.686221326862736,,0.41233887388923,0
8572,107.05678815575719,22.785858376890523,51.62336678951044,0.8412746291765948,0.5924259280089332,0
8573,107.05191638393445,28.022963386626017,49.41280809117347,0.014551937447352666,0.4264777819058838,0
8574,111.07333390066451,22.68473247683285,48.66326475053751,,0.4594647658333069,0
8575,104.27566622426953,18.135233354272778,50.46568490147328,0.5214653821822917,0.5893088805974224,0
8576,107.02912043336907,22.228156941936113,50.00366600118896,-1.012345607842214,0.46197084741346134,0
8577,105.08187120965647,23.987089180311447,52.007009724832834,0.6005923771096272,0.6843089524506033,0
8578,100.06528631749222,29.388057440073283,44.742957719204085,,0.42038235570890936,0
8579,93.72104334452627,29.292411645474537,48.16258504770374,3.8044283385591533,0.6334226480209371,1
8580,107.15504846065038,20.17048845865694,51.12315376783211,-1.7009034257041262,0.5386340097251565,0
8581,105.86973604206406,20.22175850087342,50.10089488554892,-0.5358729450960648,0.4364876994494793,0
8582,101.90912478949916,19.960577477574606,51.504068318393735,-0.47536049542883174,0.43491014820008767,0
8583,96.90413471742067,27.467063188969238,50.52403995247933,,0.4369202335543845,1
8584,108.14869757204369,18.072264484420877,49.73052587351737,,0.5380505581660652,0
8585,103.67039962902224,19.52612637830253,49.39542311381299,-0.6430861216208743,0.43669116130704505,1
8586,107.78437361184072,24.455515579729187,54.650110031751176,,0.2522170601045981,0
8587,114.3202426520588,20.970744802641185,53.069892548063024,1.0426928573180003,0.6883671377673687,0
8588,94.29284559840147,19.108277498871146,50.991010196190445,,0.4372230017876899,0
8589,101.50199595648819,22.31853614800601,50.15692778689683,-0.15735213437964973,0.43591755434290025,0
8590,103.95312193344043,21.290491260722938,51.07626509870687,1.0152338697837877,0.5210733349155964,0
8591,112.27413087073326,24.133251678171412,51.65366943574582,-0.5470598775331716,0.5081391559986551,0
8592,96.81798490396757,29.75080312596235,50.83765337140902,-0.5593449591098804,0.618161154018251,0
8593,114.67930512840303,19.491655641779023,48.497239753226886,,0.6679407342655272,0
8594,105.67927950783145,22.47272045800913,53.56902153544902,-3.2306186222023845,0.25218963955327267,0
8595,104.5199966913307,29.183820214469698,50.492416455508035,-1.9289482299441674,0.5954395139295092,1
8596,104.00970118390546,28.52247652192587,54.02786006077963,-1.638091402388167,0.43165052632151757,1
8597,102.81868483909986,22.73125241741137,50.374294973754665,2.6835341113635147,0.6235839669160714,0
8598,110.24058379634577,26.38743917423684,49.508693295748934,-0.9669199590630734,0.45883746183764273,1
8599,99.6573962295878,19.054284162976145,52.76828024809293,0.36031331226850544,0.393469667178343,0
8600,106.72707090821928,26.550492666523382,50.602373916155535,-0.7111173043834855,0.4599035681639181,0
8601,103.07909167146512,29.6742927538169,50.26684526901858,,0.621200822437359,0
8602,101.18933275742951,24.4498578340103,47.599271588714814,-0.01907032156724035,0.6210585091922004,0
8603,117.92987587841948,23.98188272441297,51.32043561027166,,0.48316138999520125,0
8604,107.0952536737673,20.247823436422923,49.013379234088184,1.9308695569547707,0.6153388197993616,0
8605,108.06632772330572,25.605458386887502,49.104417581852054,,0.6568175980582164,0
8606,110.68888390334331,25.08524736934698,49.018902309189656,-1.102601066184393,0.44862283154555876,0
8607,97.89325027340726,25.823196713709006,50.8780676693906,0.4681005736328626,0.5953525017936073,0
8608,113.76145954561017,18.31299944021666,46.92924745284862,,0.7238300833898762,0
8609,92.45521410752463,24.584681860188883,49.578309314548385,0.8474557035056367,0.47594519729651474,0
8610,101.1561679498074,25.139218121968476,51.96055798221876,0.22786448246850322,0.41977976573426734,0
8611,102.70484163410549,20.490361624953625,47.508662261319984,,0.5031406520713139,0
8612,107.90861682485253,20.499994289862432,50.34575792186917,,0.28686813518402926,0
8613,106.09359133070744,21.3146180221314,48.73720115945833,1.308340320272579,0.49855472975723836,0
8614,104.16592629650803,26.54065910072685,49.192613761068735,0.46908472018095043,0.3839241891002562,0
8615,104.94001327686138,25.27519276238846,53.310304520779816,0.17114117864069692,0.6146364476315161,0
8616,100.10988488238716,28.149151753413655,46.69902163290998,4.2488095217609025,0.8489186233406529,1
8617,97.51383802757914,21.547902862117176,51.53126067634323,,0.4917238199265098,1
8618,108.6325581116803,28.94481671865982,49.044143462445575,1.8600423927644452,0.8694924339536687,1
8619,108.46853056268093,26.9244739438003,48.94467202970866,0.10032323163273202,0.6427378158185879,0
8620,112.92247187578529,22.740140040164363,47.77687531502347,,0.5098459492507985,0
8621,101.04991451592396,19.14314478750547,51.507799274547274,0.9481486165532117,0.6974063822517772,0
8622,108.46407605150462,21.08380394984979,49.617190767431964,-0.19881429330439648,0.42588645601901953,0
8623,103.58146635817634,29.481218606578203,49.3646611724107,-0.07565097701714683,0.4685583777818592,0
8624,110.9523749259674,21.724360510608953,50.21967385840815,,0.5810614670834899,0
8625,110.10981388339071,21.958811521788775,49.6594257485164,-0.769214768425997,0.3923340941770932,1
8626,106.05604699612229,20.275067173172605,45.99862424049295,0.3306138225894258,0.388099656019649,0
8627,103.30234921667007,27.682207213665187,49.01835163404528,0.12012621978907642,0.41220711670649296,1
8628,109.8046608930413,21.30773076290733,51.79088178189665,1.4505384561810497,0.5528585597107945,0
8629,108.23452261628283,21.963098980426267,46.98676707177538,-0.9169715072281104,0.5010829591140671,0
8630,101.57779798956909,22.97217730117952,47.82012420028729,-2.9998978579161903,0.31621606050957946,0
8631,98.36100663260285,23.204739357295317,49.14641720920295,,0.31271813858160064,0
8632,103.55733549659102,22.93608948498026,48.54875316272572,,0.5768285027627778,0
8633,112.57706907674104,24.044924344496742,49.94422903571678,,0.6996454733149203,0
8634,110.73243579366519,27.77415455539684,47.81384649664252,,0.3820422957770157,0
8635,99.4383626516471,27.831420488904264,49.22429095238125,0.8131497894643347,0.7069365488908843,0
8636,99.16121292050039,27.57975760516016,49.904010936801335,,0.6720238916383281,1
8637,111.37341924839743,19.21349806939785,51.29788083241594,,0.4509279937863648,0
8638,99.32182047621086,27.59614563929777,52.489578772199195,-1.1859526551686224,0.37591142361564467,0
8639,107.54647661821004,19.44302128183892,49.47690569229312,-1.0248395622560524,0.4174600265449172,0
8640,101.91964392331838,19.496685240627095,53.77612048249165,0.6525051745119672,0.5140975861385412,0
8641,113.08522462260841,29.37435325961953,49.63219083891095,,0.378062561634273,1
8642,101.1478760043106,27.832774136466497,51.657750296513065,,0.42574644979824544,0
8643,110.71680765102914,24.628925602416103,53.86301546945356,-0.24799157899436092,0.4322369881857205,0
8644,105.92429327030182,28.499642453734346,50.27861681847187,,0.5863346806526375,1
8645,106.26097427117143,29.872375710622354,47.25294675684493,,0.4953710466506927,0
8646,95.148457093243,25.32770479958133,50.181807714415264,,0.3665556004300927,0
8647,93.9854332339714,25.354781243778216,48.776714223590176,,0.4581868812634514,0
8648,103.89717029866343,27.053124349919138,49.451135946055096,,0.4290469557413865,1
8649,106.23453031708306,20.785667428383995,53.96995376499043,,0.43756033239757053,0
8650,99.37401086131138,20.005498338225593,47.55447315355225,-1.5134015186417795,0.3657953051573785,0
8651,99.5565329476183,27.11496900018087,50.600933644611715,1.410343958758273,0.515196347434411,1
8652,107.80736314913067,22.138857539929226,48.24455743935655,-1.2887585368147243,0.4835351105967636,0
8653,107.81427240228565,19.620844275671207,49.38468411759817,-0.8585238564746142,0.31890230537458525,0
8654,104.31129469806037,21.778532711012996,51.48968467040897,,0.4124695485187044,0
8655,108.90100860593037,22.303642414494902,50.63632788694605,-0.6805733662558869,0.37320684463946385,0
8656,99.12898852139926,29.58273191406829,49.549935462076824,,0.5665495682667763,1
8657,103.22032541456515,26.375516533055077,48.70039934947074,,0.48742524901048445,1
8658,113.23938802891837,24.370275808796805,50.63215638430723,,0.5909767151927233,0
8659,105.34161064969909,29.62647766419126,53.415373434306744,0.5521520781705076,0.6312431919825472,0
8660,105.631562572935,28.83767688569017,48.19729611475275,,0.3505139661996385,1
8661,116.5297329298387,24.144010279369915,53.82332777091555,1.847587760565744,0.6138606656526002,0
8662,98.00328917075615,28.86815562452377,52.3989949014503,,0.4713940563525346,0
8663,108.98215183321055,22.85165589675188,52.73870673515553,-0.10973673439113374,0.2864038501677502,0
8664,113.3199313990405,20.765047984279494,50.616864761859205,,0.5568238895312163,1
8665,103.37571036750727,20.792138121865023,52.34225955101979,1.0317738657642102,0.5813623387648221,0
8666,109.29815393427423,25.94778629330552,47.98233743509875,-0.6245587760043736,0.4014045524381132,0
8667,100.08990251394547,24.012843848487325,48.66391218430298,0.5702430617426261,0.4209049662926344,0
8668,101.56633802216324,25.90741016406536,51.531627627840784,1.5730868122300505,0.4513127824264771,0
8669,106.92483208023818,26.23291157114604,50.59169011044763,,0.5508809013367247,0
8670,108.99283336555295,18.26787447477261,49.70324148300446,,0.48924496745726337,0
8671,110.60468256203123,18.64847510817483,44.994782218785154,0.4449761424868006,0.6417044390748581,0
8672,112.84814293469746,24.392132719095,49.12905190392366,2.0733585954339513,0.5231236237626317,0
8673,104.66276720722409,20.292425733120922,47.65189243940347,,0.5300046964529491,0
8674,110.96805877586294,25.590405225653278,50.987068622623006,-1.7446007314080636,0.4144900226647008,0
8675,103.28847578275426,24.626228870047775,49.61766294286553,,0.4890153782279858,0
8676,109.51045655794134,25.029124300450697,48.74339891166699,0.6812368577877841,0.6179634339851585,0
8677,106.03744398926091,21.629464557972128,55.285820965248604,1.7461702855673549,0.7111231236812219,0
8678,107.22838953540962,25.67812207533476,52.07634895338847,0.04922926939470135,0.3919047549317407,0
8679,107.1175393701102,27.953911637820276,52.11174428271212,-0.5540104370980281,0.4264911601040427,0
8680,96.97647495101094,29.976855043106845,54.40443028936434,,0.5298431351282853,1
8681,99.37939070569614,28.061332634066574,51.60438356536622,,0.4802218163516163,0
8682,105.51270719908761,24.68998511615937,48.45809198105427,1.8119183546284414,0.602317097713044,0
8683,96.56360460179415,20.32115510015948,48.22420729661653,0.29693473004877047,0.548970773105909,0
8684,109.15605551599877,26.17735051343785,51.92980551750847,,0.5581048582885354,0
8685,109.35777983144071,29.251845426695738,45.881291440449644,1.9434356738888334,0.6360881633706666,1
8686,106.63585276438896,20.54239847678763,49.84444073798087,1.6344037010189778,0.6030796863079955,0
8687,99.39432993621038,21.071947446318926,45.6577512448871,-1.1036183304420146,0.44577658869951226,0
8688,111.90069469434258,19.788102520939812,50.197687016779014,1.801494500439501,0.7248971557140529,0
8689,115.1860531985918,26.840659723516822,51.708140501423905,-2.487871546018706,0.34897801687779456,1
8690,105.73538413722987,22.878738041083913,50.558831069207265,,0.5345895724027344,0
8691,107.55267689225619,18.75234766663661,51.87621871794119,0.5119625960908007,0.6807974830219816,0
8692,106.00869327398021,28.499399897883364,53.92965388331983,1.7246728689576831,0.618806294907665,1
8693,107.651845944994,24.692062856430802,49.71292312547598,0.5715175143682599,0.5219173016845337,0
8694,104.40220621686802,21.973131504004268,55.61530156655776,-0.36684029820451547,0.5447326537553263,0
8695,104.82717880078098,22.127795712733164,50.425339912340306,,0.5103117485118996,0
8696,109.52858800248683,21.483014642290883,51.89833012538072,,0.6280821517127675,0
8697,116.7281208094822,23.4657620687117,48.77787457086986,0.1239606719723951,0.5307081960701013,0
8698,97.9996438279913,22.044500261857742,53.238627959261365,0.8956135379213304,0.46390394666348705,0
8699,104.48093757798516,24.575355648847314,52.083420397085256,-3.0317426399482814,0.5310901022627155,0
8700,99.09769757383958,27.28220702725553,52.942902605136,-1.241035347232022,0.4618259276336003,1
8701,112.96012449288041,26.09353540133248,50.10900884354791,0.778152066946687,0.44508686230691563,0
8702,102.06131015340051,21.533482713049406,47.48916487123342,-2.4217837852820865,0.33964772456618636,0
8703,97.78399603107103,24.344892138477352,50.92079487925081,0.8240982505008767,0.6171627375902148,0
8704,108.19093499424287,28.08151391894701,46.60596037335297,,0.3365026949929709,0
8705,113.72155557371556,18.818474816912705,49.3276283927561,-1.5507769649332137,0.6945075863685826,0
8706,108.31798934280381,18.939567203842856,50.3821608732645,,0.2998119966106485,0
8707,106.02398938640958,24.674040816597042,54.754448585021535,,0.7071309024459653,0
8708,107.04570461387996,25.66938154067764,50.637097223883885,0.5001268822354181,0.47634542366162536,0
8709,112.07420331412777,20.53695618931085,50.279074938166076,,0.3508306415165223,0
8710,100.62900364992925,26.942641520298217,49.873935151929416,1.1630097784621614,0.6119236880149368,0
8711,104.44076447956843,25.75516052448873,47.31581819046996,1.2446075161378078,0.5168346662773504,0
8712,102.73654925745234,29.079471218835437,50.17165168002602,,0.6305571775192879,0
8713,99.16067346354144,20.02745042230244,50.205765352273545,1.4387604376429861,0.43180883438261924,0
8714,103.35812370291599,27.01649118429613,48.06278300909256,1.5101244533973537,0.631734070174075,1
8715,110.53860547991225,19.003717086999202,47.62650877114327,,0.536327645859478,0
8716,107.83301074196363,24.78350891421477,49.03685863446454,-1.0106280498585858,0.47909648632104984,0
8717,108.22155250054101,24.62274167398975,50.129865957145384,,0.46298059118836016,0
8718,105.73237805826659,22.660620535760888,49.084891637237085,,0.19987309850003498,0
8719,107.61661891364294,28.134853772022808,47.89824910069696,,0.4742371087057669,0
8720,100.99704828825948,18.052447737432146,50.57854450400861,-0.5517164375544523,0.5813195175604811,0
8721,103.45245057036385,24.24215282278225,51.07773364833846,,0.5251560065031832,0
8722,105.96002118484338,20.60584259802225,50.24259541844447,,0.4595826860551721,0
8723,106.38757929440945,26.921983429397194,48.87403457224613,2.599482823815147,0.4885936566693934,1
8724,106.60093927460936,18.516809115673166,51.18968204246452,,0.5253267499059507,0
8725,104.3083235899181,27.97865625817893,49.618925420546034,-0.07316117488451106,0.6839526587953054,0
8726,103.11288299434835,28.057106720483418,47.621832585309704,,0.429867513969041,1
8727,120.78885641522149,27.994392148842035,52.072488710002794,3.341957196807061,0.782869751553289,1
8728,109.533936364662,19.830822320792038,50.70701603853298,,0.4946086188918194,0
8729,107.0657373797631,25.56487822273254,49.76141938860852,-1.0602820567340345,0.40767801070255427,0
8730,103.83395750896803,18.172408310200677,46.85789559033055,,0.5612279531683452,0
8731,102.74390586528062,28.175551095470396,48.51027944172958,0.369288657327262,0.6053167522160652,0
8732,104.34599703136521,26.675702322103447,54.03713142476585,2.4647794054486054,0.4652669552325148,1
8733,106.46414421793342,24.37384477079103,46.983315876238606,1.0800204835912617,0.6191753290970969,0
8734,95.59782227968459,26.767097197159405,49.49730144071661,-0.12192607685679027,0.6197954783247224,0
8735,97.15305202312658,19.131889159821267,49.96732847529276,1.5661258032665375,0.5731703637366449,0
8736,101.81558805530521,24.343869986122275,50.64095357882311,1.7419619188025588,0.6685000744969806,0
8737,106.03569718389284,21.495317901797346,47.00565812834717,-0.9902381420732065,0.39505092353499055,0
8738,103.80363426424074,29.671433558675677,50.3483525128092,1.4445440792463593,0.5760506362469672,1
8739,112.39060613049742,28.28541540748682,46.62778907505664,-0.3333917440476151,0.45601917856883156,0
8740,97.58801606502115,26.79930835000772,50.194857592391024,-0.15521686137825427,0.5382204260477665,0
8741,101.24327265198315,29.204971622996784,48.69520416198083,0.21439992454335838,0.5002674353536601,0
8742,112.6004587049555,22.162119654785684,48.26826146616438,-0.5711713085111294,0.3038234954797019,0
8743,105.65559662337573,28.810558787858174,51.66963431733517,-0.6518867217390185,0.39559291990716006,0
8744,109.42421291400579,21.902858785280525,49.528787513272235,,0.7681049228544009,0
8745,115.25623471634732,26.793560636293837,50.947421609815144,-2.2934083580251245,0.44208310037459064,1
8746,101.53097791049089,26.837002941317387,51.013653822755636,-1.5924404181887812,0.21058583070468104,1
8747,104.50342831103984,18.22019851744912,52.539906977910206,,0.6713869239217106,0
8748,103.63786549534564,22.332716379338343,47.58348451675795,,0.3792504049742326,0
8749,95.22703497758363,18.233192068901975,51.838031325039516,,0.663700929874459,0
8750,103.44801598122015,29.96510421132298,50.032923244876095,0.5368984171851858,0.656068338314486,0
8751,109.40531093690333,19.466361141950856,49.24375083926081,-2.0005569885654784,0.4101411529471709,0
8752,107.7029477090612,24.513730747777313,47.701498961619436,,0.40502329253998576,0
8753,108.09541584694006,27.48667486515165,51.213181723085725,,0.4685747044264527,0
8754,103.1224550968025,20.41516322713071,48.15555095733223,,0.5804787883196326,0
8755,101.7195138199718,23.82063201714567,51.03561317395429,-0.7024112604411743,0.3513310034820403,0
8756,111.3462783594931,25.28914513105381,53.85566154593427,,0.4212651610934152,0
8757,102.51341426821165,19.922457052746545,51.95995408071866,-0.8401277336411332,0.5092830115068728,0
8758,106.47041019396607,27.34266551893846,52.782868650301296,-1.9877956224017708,0.3354927458701646,1
8759,105.8166734033877,21.592037486272382,48.56199044554994,-2.1941093472716036,0.5323726708801515,0
8760,112.30858508128559,20.532276916066085,51.52546609226399,0.5850314341415528,0.42544362782726725,1
8761,109.8570617883618,24.699464957249003,47.71157008972722,-1.3071875482933548,0.10582494945957066,0
8762,98.5237068966644,22.923763531715252,49.53303419485077,0.8633976411780886,0.46534780527750425,0
8763,99.0622341661248,29.043431335637013,53.48254411243824,-0.8926012311772954,0.4863822797500879,0
8764,107.89454909034568,28.56075237837785,48.784315587147034,,0.48784684721652943,1
8765,104.67831176310416,23.800207960666597,52.22271236834619,-0.6119154528368219,0.42856536730462524,0
8766,102.72414108023118,22.31116529670717,52.03129346599943,3.14156245862708,0.6293551059986713,0
8767,110.07813941997236,21.906215779575184,52.14948250044168,-0.1434161687745461,0.48974055268026884,0
8768,105.93729691044456,21.210763476978087,47.46599604775746,0.9688000024983471,0.7226312244846157,0
8769,105.26228693444722,24.534574244549727,51.05040193203136,0.2532057148861156,0.5505361810187699,0
8770,108.89914320377525,27.659743256814522,49.686802868166275,-2.1077970542496924,0.34533283103266116,1
8771,103.12445502528217,21.72907929844269,52.176993715058224,2.1734448690347548,0.8138487532719577,0
8772,112.84259492736277,20.281129076256978,46.68999920054631,-0.3717327147359022,0.48253418810163906,0
8773,101.05976188383497,23.70580567419944,50.73557577813121,-1.965768847078042,0.19417988071545478,0
8774,108.28464533171044,18.828413001572,50.452750405680135,-0.7683502626650017,0.3228998108002375,0
8775,112.16916419329922,26.41534807355648,46.01976652550213,-0.3093661424612977,0.5403553670408092,0
8776,98.1135225536395,24.220299195623205,48.22915928781005,1.1242192852518382,0.3784882417988416,0
8777,103.28332412073776,23.95649769567425,46.3396955737663,-1.0211447709154202,0.4987478699154968,0
8778,110.71103696442779,21.60534455460027,48.547289396154184,3.930518399975898,0.6185291238931824,0
8779,110.78622273865513,28.85608125038084,51.0984341693303,,0.5474839395124274,1
8780,104.1425219980588,19.085835502194634,50.39073115129722,0.917992443346543,0.5626509088217702,0
8781,101.3266445316157,28.437888106644376,50.338800161187095,-2.960959112117418,0.18824980347458622,1
8782,109.7796791116538,22.520462428991074,47.92050378213723,,0.5821449046300028,0
8783,110.91774551290803,28.567482191700268,52.240900983021064,0.5508514189831724,0.6639023261325885,0
8784,99.17668325743803,26.7451374999886,49.96236064327732,,0.2883479249956961,1
8785,98.9804317551681,19.25004871994446,50.06740762451502,2.248568221562505,0.5321495429663131,0
8786,106.126283409918,27.978435438112243,51.88079913789226,0.6517149767762567,0.5828241671014419,0
8787,108.14680316714445,26.18612200439406,48.017308504614924,-0.476460697269641,0.5443484546233431,0
8788,103.50465457384972,18.38762295498418,50.45709553974385,0.6355162524419632,0.7671003764886544,0
8789,108.39646909991174,19.60443218531604,50.84692498320284,-0.8899712429051743,0.5445922931758963,0
8790,101.4493169658131,25.62753667002834,48.9088636994123,1.877069853611364,0.8339318983106835,0
8791,94.42653200463133,25.95120603456342,51.30474676151955,,0.5780884925298989,0
8792,102.88049463833703,26.95981719405114,50.954246341259136,,0.5663669217990631,0
8793,105.3161607325655,26.642944809299784,49.79764657544515,,0.48906402344448696,0
8794,103.62080020051772,25.91423945603946,49.735698219730274,,0.33694999178490204,0
8795,99.20698368170258,27.19486682095707,51.04709531574261,,0.6247309160640763,1
8796,95.92175512060591,24.901028470708475,51.57694208002638,-0.14903673189795152,0.43429774676403887,0
8797,102.42955597816051,21.12949662629346,50.12579983481328,1.537568474139152,0.3204698105312688,0
8798,109.48827885824872,28.948519364768618,52.2403789208137,,0.48955809862613703,0
8799,111.28098719706841,18.218568371183736,51.31705192486117,1.5145721513158077,0.68339802010581,0
8800,110.93856692069228,22.39874063845788,46.42307210054637,-1.5716444253884314,0.4286986807529082,0
8801,100.92045232425724,26.74644351716596,47.190206604915716,-1.3807490134738667,0.4388034974149854,1
8802,99.23146838184817,23.12587249379609,52.36447043804332,3.372412153230856,0.5922761147709724,0
8803,107.48317307489948,18.298012889760173,49.5064537370582,-2.279013110238535,0.4193443789606446,0
8804,108.17550005798962,18.79177083739456,50.32835164559495,-1.6464155302630625,0.583545050730966,0
8805,107.00084802600249,25.783648429659465,52.27858103531829,0.06486599489723918,0.6433139372486127,0
8806,94.92968362881118,29.578375192863597,49.98717756525632,0.0674695909929148,0.5399603705599871,0
8807,100.66557707558266,24.622363630013986,50.0745352191787,-0.8100271156987122,0.3741262398191655,0
8808,104.8515560485701,24.08109381628523,48.26254153441654,0.9241183078789081,0.7229257216977528,0
8809,107.43609097315213,21.819902556675206,50.73998901445504,1.3531251564007505,0.673580526946199,0
8810,108.83653681301243,21.08028808639276,51.17302443793365,-0.027251449363198777,0.3505530248334179,0
8811,105.7212676114102,18.251819781075415,48.84423632599429,-0.4027347895325951,0.30418384028236223,0
8812,106.65391903269118,21.275458411685655,48.155957243388265,-0.033393284422719605,0.355787190804889,0
8813,105.42432729180553,23.389325290383027,55.25257851039046,,0.413331108446668,0
8814,108.42809687109242,20.375397396587402,49.814183060303435,,0.4628105113480333,0
8815,106.56432825745455,19.04817586177715,48.63261532078142,0.4513866555113186,0.6103644795134263,0
8816,105.32868830023644,26.612734407055232,51.413172890584526,1.1487535706220613,0.5915096630492328,0
8817,103.6581560043131,28.735443228816806,49.89841192954422,-0.23089091748585977,0.47441004620678695,0
8818,105.40645712521241,29.241264836245026,47.828467353475794,-3.397617272858353,0.5672499407585407,1
8819,107.42295689419637,25.41598474196387,50.96610714330289,,0.4605201753815899,0
8820,106.3373769444903,18.63329499119138,48.293758061848365,1.3585831078018948,0.55923062200531,0
8821,106.90413209172627,26.89035155954128,53.152916004311265,-2.157372768805214,0.34137350427088625,1
8822,111.71360930675593,19.321143663142635,50.989009259504805,1.04382603315558,0.7733906324323502,0
8823,106.32581961373293,26.036977412253886,49.44623915094783,-0.6681241925546589,0.5386837813934104,0
8824,101.75500739763422,27.35239002897451,50.218694036044226,-0.02816272601241134,0.3951430633475909,0
8825,109.41803392997085,26.710376529917674,51.806576242196385,-1.0288492661758073,0.33326122282105297,0
8826,98.16900831165542,29.422605669133567,50.371922507121596,-1.7033737644269205,0.24682757477551132,1
8827,99.59293309630357,26.85775541360868,54.2442189144671,2.1513697024055576,0.5978915225603021,1
8828,106.67923632360035,26.318517335781703,52.27173503279105,,0.411340214114574,1
8829,107.5819833389329,21.14091806619723,50.97521473512224,,0.4315937976424107,0
8830,98.77474388248002,29.09722423723082,48.12602825298303,,0.6749757960045449,1
8831,103.08591259506625,20.154526449530003,49.70622379219602,0.7540723084537453,0.6268032467258242,0
8832,101.9695808389017,28.85875933767752,50.957749940104904,1.4161968836703513,0.7199500420653488,1
8833,102.56661838559202,21.751950520150924,48.354277168483726,-0.9958511189706224,0.3031754168062352,0
8834,109.71798888136473,19.561963126532024,52.5868537499259,,0.5030945031962769,0
8835,108.53252731773627,27.920196327254047,48.051685316443915,,0.5337758681655136,1
8836,104.90438910073146,18.02994544320995,48.725548603908194,0.570722951276909,0.6925446433331801,0
8837,102.27019036442536,27.98505981216997,48.875401630210234,,0.4846886207534238,1
8838,98.2517516488993,21.14774210455171,51.48764892126626,-1.8352938279746103,0.5904378544476039,0
8839,112.10092469390975,28.616655273067455,48.39012726565846,,0.5798937543210747,0
8840,107.96056950142459,26.29775018689895,46.40004685916189,2.527372769502097,0.6151265021200839,1
8841,101.4666544796343,25.99419999420708,52.17607767152342,-1.741255760026497,0.4703210061343813,0
8842,108.59799748812446,22.38383475797812,49.111227429788876,,0.4034175355335572,0
8843,104.64888189712687,18.712835686689253,47.86298473569612,,0.2592183355661817,0
8844,103.56445247568828,27.960877178466927,48.49028289359492,,0.4969684372044217,0
8845,107.17605764144801,20.050845542118335,53.4335254983687,-1.7631884868943029,0.41328078002613644,0
8846,101.29250875043637,22.467103702737028,48.68591260545418,,0.6369247839687321,0
8847,103.28121740244946,25.20425622610898,49.7532637892462,,0.41061368366257345,0
8848,105.60730532099772,23.787044862727463,49.10616327542797,1.1566913531351537,0.5950798128615096,0
8849,102.50274403557393,20.383927622055815,47.534674913132484,0.3537871216149078,0.5872172127226004,1
8850,108.34542605133763,19.687396282587407,48.51456287550607,,0.4967203128723504,0
8851,114.3453325183913,19.47895526700349,47.39778318598701,,0.5271278103236924,0
8852,101.2285093369643,28.35609457799041,51.91176255136143,0.09263770021533896,0.44139466061416094,0
8853,96.67437351847978,18.378714588736003,50.201758129227194,-0.5474314563249268,0.5558515910755982,0
8854,94.99129916261869,29.724171115198732,54.965355524348645,0.3167721336561454,0.5719911177648579,0
8855,104.24765929252509,20.38234428462497,48.582178550018824,-0.4818565497304971,0.5924925982918959,1
8856,101.68417704936908,19.323867562548937,48.282279507708765,-0.4434971800281944,0.4267087839569486,0
8857,106.0393025053354,24.923659857321542,53.067519536710655,,0.3933017167032546,0
8858,105.6629883601305,18.95983149528836,52.11595406413627,0.5282886969655836,0.46355881184225506,0
8859,96.98391576692951,25.22943915796314,50.76953004354204,1.835881935146603,0.48548826711433085,0
8860,95.92558085259297,28.207519737763356,47.77261696982346,-0.505482501112039,0.4182280765820013,0
8861,106.47966620173048,18.5747762576091,53.48999253545587,0.8182417755784142,0.5074837579475667,0
8862,105.67714417359979,27.598423254342528,49.85579368045931,,0.5441325081411208,1
8863,102.87091000816724,22.733729291785423,49.13864974300993,,0.5436830821969274,0
8864,96.71428207433848,19.91388760597452,52.28591947383656,1.7463764903474688,0.46941711542568426,0
8865,107.35695631382495,20.113157763209507,49.95540975749254,-0.9309410089030857,0.44613290722653454,0
8866,111.35949772711972,29.025174524330716,47.66865982873623,-1.0805334605225148,0.39645110260289057,0
8867,106.38991220109462,19.327269023287975,50.08060519899716,-0.23906119257740613,0.4759238377584106,0
8868,100.76263054717468,28.401393445387885,48.43730239685847,-0.07940982782060843,0.5353653059522897,0
8869,105.22276082785575,24.530935451803373,43.981317714633654,1.606236775673917,0.5384887319733144,0
8870,98.16942959533158,18.46867414579727,48.23657961569974,-1.0945259237720322,0.3674774467125749,0
8871,110.28980356919396,23.57371374860806,48.9445288582643,-0.13294186529637986,0.42790004966865824,0
8872,105.40922167264769,27.80939417371561,47.688709781413905,,0.6829242211329977,1
8873,96.15921544123384,26.714433451669205,51.15049306422807,,0.643797271572508,0
8874,103.49662819778159,23.865389012216614,48.44510448534243,-0.016225455456873414,0.4476988279391607,0
8875,107.31650755117116,28.320598556354604,50.95685240166891,0.35774643220039626,0.5024340089735684,0
8876,103.33476189512238,19.444377141362757,47.53336052726337,-1.691328752266294,0.24499369558822226,0
8877,103.62052139279913,28.919292640708427,51.818437842165075,-1.7156296713629406,0.39602445535506137,1
8878,98.87798896476365,28.157294501800187,47.44703494666702,-2.382320627450412,0.23572841869936648,1
8879,107.83270493540829,26.49932190788683,45.316939181217855,0.3100226810544048,0.46666738938471863,0
8880,101.7576539999043,27.81465290554499,52.47452517032645,1.3782821247645247,0.6766513476311483,1
8881,94.21777311497483,24.525786082111992,48.28821239253766,1.1483797269058056,0.4072290234592095,0
8882,103.14371314664803,26.101949149172,53.513858116398815,,0.49557102339017817,1
8883,109.90574857785177,24.727176848493347,51.12918380241614,,0.5193569237347032,0
8884,103.06535276700026,22.26514236609539,51.58052663676251,0.21697107673224467,0.34396321031750365,0
8885,113.6899249256176,24.82632956833413,52.090945000932145,-0.09691157666032338,0.5814249688924786,0
8886,107.14483974274259,21.089583990383108,50.22535869249814,2.2139470422636895,0.6384211554932919,0
8887,106.69379081140183,23.283350050089425,50.248110835677075,,0.6283092817533642,0
8888,104.35800867041196,21.36930488712292,52.562680048388614,-1.767798930574872,0.3120782135374929,0
8889,104.65856896117855,19.47465347353667,50.2227169913962,-0.5083191788536527,0.29736890383869025,0
8890,103.68288182440249,21.862342276678874,48.54364630640678,-0.6836149640013235,0.5599511336801348,0
8891,103.48865303958736,28.223846618217248,51.171517120324445,0.07249011873153141,0.4675407234734076,0
8892,107.65433581033574,22.572969247707668,45.772713171230095,-1.2750295367146793,0.38958611540931015,0
8893,100.32084385104717,26.97604378762643,52.639117603120425,,0.6755326268121402,0
8894,99.6205308563787,20.102374250857935,52.68087827193018,-0.8536680605857249,0.4742928332154142,0
8895,99.38402474562311,23.0930299100117,52.39633333624616,,0.6825348683843153,0
8896,115.22827273838577,19.37827283202212,52.319543924755386,,0.3481428520742479,0
8897,107.6517145083529,19.663452760409875,49.83164934931775,-0.20920922407815348,0.41702507386904386,0
8898,106.52246100840073,25.40923655868083,49.78663523101395,,0.4383441097529862,0
8899,99.71242664853284,25.28978180938813,47.540719820458285,0.34633488400570184,0.5843534050035716,0
8900,108.11671150337415,20.560462888258346,53.496082503422095,1.3900567242400603,0.574592845090998,0
8901,104.41714326773335,23.693078331465586,49.02996365394745,0.39931635958341444,0.5667619154691618,0
8902,106.07084470565874,28.359674003735375,50.67977061950376,,0.23003240787409177,0
8903,100.11689842068222,20.090418104117795,50.508090565909555,1.0368825566479414,0.3636472951731438,0
8904,105.80134428708789,18.230526396882176,47.319161636791684,,0.34785893446935423,0
8905,102.88083230896758,25.82394168796287,46.51064995175359,0.4037996950565142,0.48226059932422616,0
8906,101.17194421484906,18.64197849706422,50.011173241734696,0.5813877409597434,0.38930339959536525,0
8907,108.67053167903624,29.75928286286935,49.09248776477698,,0.7174631423238691,0
8908,97.31146095735,25.31544340558657,49.82112628151333,-2.4658900887738757,0.3745669989292236,0
8909,107.82388132157075,23.64475623412767,52.13083126040647,,0.495358454431,0
8910,108.42243066776498,23.159910480291682,50.44988830107405,,0.41923833320125975,0
8911,100.60178162224379,24.876847902203178,51.51704508152946,-0.4374112256615623,0.3660306296409053,0
8912,100.89835769433766,19.08749324064258,50.890656324351156,-0.43222033445728436,0.6335128469647534,0
8913,103.884871593668,29.16022870583395,49.367331613520335,0.5623523141999007,0.7063588481694667,0
8914,106.4101810523111,25.507704822622532,47.99639366561387,0.5964674610231457,0.5714055743003075,0
8915,104.23572504092887,20.207741971330904,50.52943573622694,0.7005890318563295,0.3318546678997285,0
8916,107.1678123009594,24.750972645175956,50.16778523869218,,0.39803542730859864,0
8917,113.814898262687,19.59907806999614,51.830312675009495,-2.126705040831273,0.42499149660767127,0
8918,102.46141615425142,18.210632610699747,49.698199860555015,,0.537532381671059,0
8919,96.4241001464829,25.566203822567978,49.405316909768956,-1.113623261232749,0.23230222787928118,0
8920,109.12961791515326,25.781800102441533,49.5410012324368,,0.6240871558837914,0
8921,113.41657287963764,25.004358993640984,48.16254672998911,,0.3488192402896128,0
8922,106.96384181525562,20.201798452320276,52.893819889640916,,0.45221234786525416,0
8923,99.56125662323166,25.241158301937205,52.27925750923152,,0.5128143913082965,0
8924,104.380538183824,18.67813129109424,47.57394034208391,0.5137850975768018,0.6441146013348906,0
8925,99.40738257894184,25.310860266863067,51.6078962839451,1.034326774841203,0.6030179845299316,0
8926,108.21427746981473,24.648204229291427,46.30998987213527,-0.06355579562331991,0.3652581449009915,0
8927,98.24354798650782,25.863057970069192,51.970578466222044,1.5190326939985623,0.42789227381141176,1
8928,103.499356065859,28.745707269028728,48.60729909778465,,0.19108189025629208,1
8929,99.97831086853047,28.20429726287444,50.7198011153565,-1.6284105086310094,0.3894190134363819,1
8930,105.63412342567482,29.767850298750467,46.14098062091666,-1.7111541984990577,0.3671331966357268,1
8931,103.16829161431122,29.7148923952389,47.6025915366441,0.6325027463554997,0.5830121977824224,0
8932,105.88381051625132,27.26783632048503,50.93740593449882,0.7596265442980346,0.46943030293696697,0
8933,105.11175277483183,29.477035466132737,48.59818363323444,-0.708873055070255,0.5619270966821003,0
8934,100.06670486137945,28.407406630669342,48.320074259255605,-0.34865752318316257,0.5480355427034204,0
8935,108.13438531764511,26.730989398739673,52.791723394904196,,0.5222171305092538,1
8936,104.75617174078442,18.904611055725063,54.42191842254575,-1.0416542939296394,0.487034744760796,0
8937,100.0573549606705,18.588598659238652,51.874027873638966,0.44314918687992855,0.6550546684686454,0
8938,116.20463278102896,28.05119481006924,47.81623885652987,,0.3525007146823272,0
8939,107.38215083358563,23.87587029446038,53.5270386656354,,0.560865287201906,0
8940,104.23369723300347,27.77528021249905,46.87713548070324,0.9426392764090016,0.5238531445927538,0
8941,112.07602263350911,21.755019247862634,49.39101709184935,,0.35930938933581813,1
8942,114.20907804693303,22.771798299876153,50.10955553397475,,0.5606295537515559,0
8943,104.27325288843058,26.402240652143185,53.8480756876775,,0.4321827485330273,1
8944,106.7369874321738,28.983920843185118,51.82531827510345,1.350683371516245,0.6082014876907144,1
8945,100.0599859099853,19.05313769374663,49.07248461040096,3.0709634263821526,0.6894416820660436,0
8946,104.26403624615995,28.337737735615274,48.1100874584405,-3.270661680000825,0.280246073795126,1
8947,104.00468723120065,27.516152698552382,52.00438530760651,-2.1406480364055716,0.42602039408095266,1
8948,105.92413516810826,21.786471248758257,48.93328208555929,,0.3840320418505871,0
8949,106.66380239318505,22.262599369578716,50.43348017572995,-0.02768821543418014,0.7464697904316796,0
8950,107.7991422441403,18.557537726662915,47.26044702148177,-0.6162677577076812,0.6042132516810909,0
8951,106.1882132814998,18.188887333400615,51.1385157104484,-2.606430025876701,0.465332169654305,0
8952,98.94628686685418,23.724073516292748,50.977390291494956,0.4851702449626931,0.5650922501387997,0
8953,100.30766447129457,19.146475745967727,47.51675987668366,1.331270777920468,0.6074817405789015,0
8954,102.26796190268163,20.328021772982556,52.06324622574328,4.270478173131346,0.5445117878951042,0
8955,103.58879704038385,28.16120639431996,51.10949161648556,,0.47218544085053754,1
8956,110.25387145236057,24.85234069500543,51.4800485055602,-1.9480739879118554,0.2891993264283288,0
8957,99.18530506573543,25.603589247193362,49.24264261449974,,0.5049432154328007,0
8958,103.2129247591465,20.24975196998304,50.357912822572885,0.8881165821730731,0.5162537432948976,0
8959,109.76504749107025,27.943941653453034,50.12675773773065,-1.0323921712849444,0.529513226688474,0
8960,103.50061262751694,28.41575726927697,49.703659190491535,,0.46194613146773006,0
8961,107.30207824921412,24.27993112455652,50.34100655633169,1.0550666849054018,0.6554146732132986,0
8962,104.30228978536049,28.95069326254392,52.512885947592764,,0.510763950270523,1
8963,106.28391628662361,28.13794349945498,52.14990127740786,1.2033641299012792,0.5183718427976041,1
8964,103.8576372809523,26.77589012009326,47.63627864506228,0.42771547516163844,0.6109302494039505,0
8965,108.33532736364177,26.808910988323543,51.97080363381388,-0.9568976205133284,0.5026205776648264,0
8966,97.27471796296783,19.264721687410358,52.382286745496074,-1.939617891739736,0.2778735065369268,0
8967,103.18343995805728,21.250032452347988,49.69764465329527,,0.6228322726742508,1
8968,106.48286338347154,18.802166637812114,51.016894207595556,-0.6057511375655265,0.47861107305373374,0
8969,107.66847624003097,18.104174510715705,50.988003334606034,,0.26273954975490255,0
8970,112.46476311376914,19.899714376606923,48.3000667666514,1.6826857360790526,0.4998660959859379,0
8971,103.04487666567212,28.56584619176328,49.23608742494334,,0.5617066487601002,1
8972,112.39740880930437,20.87848870843262,51.50162047770321,-1.8530499243799559,0.2904136610502046,0
8973,101.70488086670164,29.64184755110066,49.0083555263371,-0.31564590887278193,0.6184889688948856,0
8974,111.64323205772322,25.167491994734473,51.950999118524614,-0.6498077554448504,0.43003372733383693,0
8975,109.08733563349186,20.847101851616284,52.60994488169952,,0.5696364462647114,0
8976,100.43270710183889,23.965569641810553,52.28734368396094,,0.35068793964603523,0
8977,106.53519618625911,20.629137872401383,53.95960920633891,-2.1912569775641706,0.46101168913876733,0
8978,104.74382082233905,29.807682698188486,49.81853543541777,-0.1762423995576085,0.6584929441786198,0
8979,108.127922968375,28.167179806859565,50.354402147938124,,0.6265286953634315,0
8980,103.88364205783346,18.31486546538795,50.64132609552528,0.11293610618036107,0.6799082229275744,0
8981,103.46376887169134,29.373312377609654,49.87920415001852,1.0072606095865528,0.6205882224023982,0
8982,111.84547291381426,26.652781287634646,51.08435794820329,0.2959625665304797,0.5279513227203048,0
8983,104.50639552772164,18.98857502425534,46.577591941976024,1.9144343606161724,0.6278673284481947,0
8984,109.13211162095882,26.047652955917346,50.40981077738504,,0.3489047123949765,1
8985,103.873242574779,25.763120375588226,47.24512670023421,-1.1406943307482402,0.3974497374177718,0
8986,113.33331629613761,20.625464949691,48.07475344478485,1.3254680096813276,0.5519151449510353,0
8987,101.60832685332254,27.101360400090908,51.46577962205983,0.7621793227005822,0.5819143963572667,0
8988,101.92928234376407,19.044776439755605,49.60176752310196,,0.6852991489457855,0
8989,112.62258590557951,23.873342174774976,51.39522894943161,,0.47354997167674323,0
8990,102.77526804552373,18.119078485957054,49.55844679279774,,0.3589258406840754,0
8991,113.00537153082196,29.62484986673696,52.21281263278231,-1.5484104499738014,0.2644451902769888,1
8992,109.45920289797407,27.01876358132291,49.52183858875739,-1.4594043481530017,0.30871656496212485,1
8993,104.22675146719584,19.90622491391587,46.09016302087375,0.5783460324676514,0.686036745708357,0
8994,95.9335326399142,22.100088479415398,50.45078516402254,0.30831513080866624,0.38862587073753024,0
8995,104.90340847864083,19.926748533698117,45.6622803085949,0.8121766408622674,0.4617483316032678,0
8996,105.50815026766712,27.199409569551776,47.09455819493518,0.7796305911735983,0.5494968773873625,0
8997,110.83608866652186,18.70675590513258,48.23410694200286,-0.3534581292366166,0.32316479918890084,0
8998,112.94223588120056,28.08487986676457,47.984581044459624,-0.36380860304724427,0.3945750871103206,0
8999,101.57506410428127,29.30635606602876,48.90989839116743,-1.4561980987078722,0.4948682747013493,1
9000,109.00590881994091,26.1195353136756,47.91586435293779,-1.051731456426892,0.4036091871629577,0
9001,108.82701078006674,20.55558540001721,47.188094672828655,,0.6640884900316147,0
9002,110.36706351205223,22.32108114976261,53.08367148968155,0.29554446276312085,0.34492161627912116,0
9003,107.49344956067772,23.726878497707176,48.64371090721621,1.0661818373828833,0.5187487728777078,0
9004,95.28751154519115,25.255497266427046,45.53846469370521,0.9132909896882603,0.5018867390359358,0
9005,104.2228878373612,26.02395707774025,49.27816325398148,2.335615148348599,0.6158873419817233,1
9006,99.22146212541543,24.65057658382659,47.750537883944894,-1.4590321387463536,0.30437203331813717,0
9007,103.98697113540963,22.21576704986227,48.230064745414374,,0.42450830638401443,0
9008,109.90002118066947,28.691007366778837,51.42068496270497,-1.3279568342966572,0.5125145013505737,1
9009,106.52575417937486,18.9767046962155,49.103684762429566,1.9159306040431057,0.5688563991141954,0
9010,110.74045433198717,23.595072650921942,47.694806797564226,-0.7537108322946351,0.35534166786459104,0
9011,106.7087696035677,27.30677806160977,50.89250701991449,1.7325411786669545,0.7946320849232876,1
9012,98.50837030165549,18.730471983496813,52.29988166121817,2.179179200589089,0.6138689410961589,0
9013,92.39576496713633,26.464022601735614,51.07374432527969,0.6201554451911729,0.5923421679214107,0
9014,105.74404380839795,27.8365394730399,45.09288885669915,0.43958824158754534,0.5983938433328921,0
9015,103.93036766824417,25.929975582324627,47.770020995205975,,0.49582260363290254,0
9016,100.1152713030906,18.15524270730427,50.09489706127241,-0.47565905424963395,0.39724268349944986,1
9017,96.4968637517431,20.161644325586476,49.51140118947197,-0.6560771457420982,0.4871159103036399,0
9018,101.32628393263646,22.10535694670341,49.345449692121605,,0.4189325827062575,0
9019,104.02754257567612,20.80428042765655,48.03448661431833,2.7365675857186496,0.6739852589474019,0
9020,108.32938911853195,29.55182568272913,47.18883183384512,-1.5627828224492706,0.4054368248782668,1
9021,105.9431554078399,25.819126969365524,54.01556343562604,0.3069138356639857,0.6182871927505678,0
9022,113.04033623586365,21.563651488218845,50.054221906277824,1.0669589462811002,0.439197901413065,0
9023,99.82197971977303,29.156369983985346,51.284243577734834,-0.4265637620135342,0.5505235042103128,0
9024,109.40529446028717,26.887130393714244,50.01250234716762,0.6241235568623681,0.5925842046861833,0
9025,105.23649371564363,21.4152865419245,50.09269739727598,-2.25690271902516,0.36325253506891936,0
9026,108.47334562059292,22.546578832823464,49.87579320038142,,0.6723977903806345,0
9027,102.81742568367228,20.39314629964748,47.759108281851134,1.6967230671616353,0.6267254402003573,0
9028,110.35840186945295,29.652887979189863,46.971021083931504,-0.1476388490604739,0.5593332354838811,0
9029,106.47612379172621,24.20755795068088,50.77245074748998,-1.3197537979576028,0.49436392111519,0
9030,101.60277507541126,28.752680249975818,50.37568481454233,,0.5644793983033346,0
9031,104.93987985543406,22.157997252202172,51.87656179691941,-1.7221791994530942,0.35427061028697204,0
9032,103.8022207053145,28.33009923716971,51.47072165328405,-1.506936098864402,0.3638776740668103,1
9033,107.44589175318897,18.64664218112597,48.38297561450066,-0.08041423660302488,0.4745146461250856,0
9034,99.10111625312746,29.785083810291454,52.26518261784374,2.2770623504820233,0.698167452755351,1
9035,104.85324148942152,28.944412404399632,51.53005439030903,0.9608727839029783,0.611268527387859,0
9036,106.97653626324666,22.35843533731986,51.38168313971467,,0.5520735099781207,1
9037,105.16511653596517,27.29666598377493,54.49865358395762,-2.523146912273254,0.48447047642974067,1
9038,111.73470622194498,27.027095117685914,54.08791752501637,,0.4814146961975139,0
9039,108.87011387035527,28.81505756523518,51.37982753310977,0.3771326788523962,0.7150988016197902,0
9040,104.96259601629626,21.687059773545734,51.13039441167506,-0.10917012238320505,0.48414348900316956,0
9041,106.08344548748836,23.586240063769793,52.16331036353936,2.709587520347514,0.5860897298428847,0
9042,106.47832775741,28.379995351272637,48.832092460659254,-0.19789033441266857,0.5234387812987662,1
9043,107.01649802083412,27.34295344962259,48.8603414848179,-3.423180561263654,0.377212169032902,1
9044,95.87171002167696,22.72160062488335,51.34684281418382,-0.6107093372645827,0.3953085291962715,0
9045,103.49236852115327,28.148702794945464,48.287047821744856,0.6819668678211435,0.5182331431542458,0
9046,97.57780465903286,18.563448470788817,51.18553897104651,0.5803459631279589,0.48432015601438205,1
9047,111.39140473729744,27.384555635555884,50.31366433307238,-0.265017429352546,0.5009034193017837,0
9048,104.69575239998537,20.481190313204408,48.28761979081576,-0.513327279109233,0.5539195374118362,0
9049,104.03329525160188,21.433450893885446,50.0517330205766,-2.999434327197352,0.32343735597842893,0
9050,109.48398666016618,23.918578123147125,52.610163184276836,0.12865613433230083,0.5637043055698422,0
9051,107.11162398724937,23.396814012839688,50.164740901307674,-0.5079341641184438,0.3357185334510353,0
9052,99.35682742810397,24.24684128243857,50.17309529523595,0.37387482306518904,0.6076723236307428,0
9053,104.64547318736315,24.537307148064286,50.65797055780919,,0.4915036598590352,0
9054,103.32416513386808,21.978332292377964,50.91837704578322,,0.5459539799711891,0
9055,96.27733555696973,20.10273015620436,49.33831906783762,-1.4333476519708022,0.46836660673678443,0
9056,101.54861883381398,27.221774751447672,50.7005220959341,,0.4482414815675744,1
9057,104.08229838991767,22.799713789045704,47.901859280818535,,0.44572169717108445,0
9058,104.42524534254079,24.07009034950871,48.40185788633222,,0.35595063602120364,0
9059,97.58884288161346,25.736360620213418,48.65770178384875,,0.3901373891645299,0
9060,110.75832791523737,28.91565506767987,50.93952537926822,2.1673596613023784,0.6178922247859258,1
9061,104.48948470554281,26.49063397368264,50.32046565511256,,0.560115304690824,0
9062,105.18776538330282,18.545510707084613,49.731280845512096,2.9585901939421224,0.5656346012617318,0
9063,107.00320819169919,28.062724360776212,51.381539979170576,,0.43575551018862474,0
9064,101.05961873048165,29.87226018153023,50.757724165484674,-1.7578146735989417,0.43840362987591536,1
9065,107.28177986566348,23.669820304456586,49.420046440034255,,0.4310641135390522,0
9066,103.16462676990909,29.635084037455208,47.92953831436038,1.536683020565937,0.5914839793382959,1
9067,100.51707229676404,24.567944908117795,48.360582397546494,-1.7007776054407855,0.15351701210956975,0
9068,107.867237466777,23.515391950463396,47.066381069214216,0.836814966395818,0.5123495215528664,0
9069,112.45836929400903,21.97685717672946,50.28113910030165,-0.535128793728991,0.5585705075627941,1
9070,108.62414686742916,25.890658510000065,48.27572243509265,-1.3947383589971412,0.3686755850081468,0
9071,109.61488782570216,20.757845046300535,49.009354036032256,2.079779598222336,0.652641537680217,0
9072,102.39684696718851,19.25921062217285,49.744818638742274,-0.88284905448003,0.33498308283148576,0
9073,97.01190135415771,18.32684523101057,52.087990382661374,,0.2816536662345269,0
9074,112.4506876104992,21.508561352583165,51.85758119663364,-0.11833961932923476,0.5358647769613353,0
9075,115.2725744470238,22.749249986004457,49.89058305749205,-0.7623565392627973,0.45643567782423156,0
9076,112.7140338688484,24.624920355374975,52.5310069788006,,0.632535247455557,0
9077,103.32107030510124,21.512997902244077,45.975302981358276,1.5905359400633694,0.6641734386857763,0
9078,99.22682830635578,29.808714868624932,53.754441099533025,,0.42451399322318634,0
9079,99.67158651090217,21.500942018894012,51.38499942860917,,0.40108779180035975,0
9080,96.58133716192975,23.291704661356903,50.20560657003986,,0.2744593787297517,0
9081,104.46310690794978,19.239313986382804,48.21728063849587,,0.4150707557546159,0
9082,113.02838979041228,21.127518160044907,49.12386526773907,-1.120589014408211,0.49063531993712317,0
9083,104.29168684063879,18.579985677467892,51.218701791156086,,0.4753910474839284,0
9084,106.51161450174138,24.714103601247935,51.264158767062824,-2.9494111423563454,0.4667815371365248,0
9085,111.87798482152104,27.01277619758918,51.33678674118158,-0.040134503983412416,0.20276010788368687,1
9086,102.97952344083801,20.348517772032814,48.54300653126708,2.548006959350241,0.7196843751202612,0
9087,115.17765728359797,22.41493125379285,48.14030457396958,0.08121174184849028,0.5400235486357639,0
9088,114.96047203748726,18.199394720725927,50.390410488705015,,0.4328164242136733,0
9089,104.34444330659758,28.074264668666544,51.53970791554295,-0.030700087364738032,0.36932366900390695,1
9090,102.11232867990394,27.359562299180034,50.00636969900972,-0.09637310427912932,0.32919361273534736,1
9091,108.48619023195157,18.75904837049151,52.96296849377033,3.2877497111344365,0.7394965479301905,0
9092,103.2623752874057,22.378411311844935,50.066274924380224,,0.49925151602549955,1
9093,99.21722391466332,29.463439366193946,49.99858271233403,-1.8049399548342855,0.43207487546512935,1
9094,111.4061932676149,22.704324672947724,51.34111998238534,,0.4913622789725421,0
9095,111.0822369363854,24.31450412068819,52.43846027518408,0.29329985675894843,0.5996457561315613,0
9096,105.7775580188178,22.26291433212426,47.30148948039091,0.8434439495312342,0.4835850131131168,0
9097,98.68567623135911,25.15357665753914,47.7639765839288,1.133642775347079,0.5230416241080347,0
9098,98.85236874391308,29.737882507641867,49.37347712451192,2.933289128264694,0.6290048971873995,1
9099,105.53614644209577,29.970030041774365,56.317883569177326,-0.8934955525088079,0.4339592337682183,0
9100,102.50064482747484,27.296579736134294,49.47706287491813,-1.029824616267277,0.5821660183132152,0
9101,103.29453533929195,22.851733176245272,49.75643411397886,,0.23549597035267492,0
9102,110.10981577530002,23.933186409947858,51.23670385961584,0.992480650073585,0.35416698069339375,0
9103,108.66589658711278,22.280775937347666,51.953857805626946,-1.330971548158716,0.28804879891843965,0
9104,111.89071340248806,29.826895558852154,50.33957023290951,1.33764641987193,0.6352474161127397,1
9105,100.04688388311371,26.493123669904847,52.328694990080514,-0.7374523703787681,0.4530499191291498,0
9106,103.28404215656644,23.387177345202133,47.61205763394816,,0.4695747941689694,0
9107,108.79490847730057,18.14538324131523,48.46782315051455,-2.1502603334701025,0.40245348636143685,0
9108,107.24039170506445,24.24580097268658,52.32497390115928,1.5343882550290417,0.5443208751048283,0
9109,112.6619019129381,29.807138420419413,50.021886229566945,1.35576384421918,0.6237376518297043,1
9110,107.10268352952035,24.276730907676622,47.47509878998267,,0.6189198732292961,0
9111,114.24054552052776,20.189120225869363,47.35492413676558,-1.6758955484813096,0.6680211180774867,0
9112,107.7000890086157,18.2651249652573,48.37811838931059,0.7967262304628309,0.4216212295096949,0
9113,110.3108372379433,22.25644509749051,50.00425108431583,0.1903121111950578,0.32323958961988314,0
9114,103.38242526607772,29.01873666835928,50.934759139453575,-2.745384315618998,0.42164253857766215,1
9115,105.07143605941995,29.958649298110572,49.34188000011172,2.3374094846019933,0.7155417379324459,1
9116,109.55472201919737,29.344415697744033,50.76999837847904,-0.5184171238754869,0.3465097053107912,0
9117,113.06489085296528,26.753039919051083,49.12586702661277,2.221826544036578,0.48361844527202424,1
9118,108.64618474655377,24.697712741287862,52.44784040323383,,0.5293620199433803,0
9119,104.5841411403269,25.088233756587023,55.10368018914471,1.4734890949481076,0.7451227366574347,0
9120,111.88667514764171,24.46790410910353,49.214774535831154,-1.2892876676104228,0.3478747416104821,0
9121,94.0401067186006,26.48459165907586,50.95986562159789,,0.5247893011092102,0
9122,97.88882749246564,23.02647872034423,50.796821648300224,,0.32088117680975853,0
9123,108.40817111834194,26.030448059469187,50.27739085251985,-0.48540154108894945,0.45587136883857937,0
9124,105.07054178126562,19.45934537948641,51.30650189068258,-1.3038342208720002,0.4234435140245946,0
9125,108.02756825562082,21.188343678737805,50.95764237795965,-4.600201096259149,0.41674398972745996,0
9126,105.3220376121597,28.032036465703555,49.05789285923021,-1.268639112740378,0.36590026498908346,1
9127,107.85472847301936,28.844987168920696,52.63309154524538,1.0507636703636,0.6211792229007326,0
9128,100.92798589503404,24.468098850723596,50.403332494973554,-2.092844323335245,0.3181815939151257,0
9129,107.85243043039846,18.379627406555187,49.230399160339275,-1.7822004597429282,0.4199232031299698,0
9130,109.97207264103793,29.12368284950122,54.8864050476948,-2.15229421254706,0.6001174081091527,1
9131,111.10275301965616,26.424771096327436,49.7675732456888,0.3133321744658344,0.6949767516554559,0
9132,115.0677714732435,22.96833508506433,50.5098876828475,,0.6290512999403787,0
9133,106.22049221751193,25.180547318393955,50.350880689160675,1.830514465800205,0.63128294408615,0
9134,106.36955543423589,23.157298013296394,49.740210778097584,1.1019295606789115,0.5340702316750586,0
9135,97.38413767913076,23.58407072078461,50.897329410088034,0.3001860959264445,0.5435018729590586,0
9136,102.34294299430788,28.64171838791282,48.31000018181675,,0.5694010522438085,0
9137,104.03458962996693,19.933010963005337,51.19308677304611,,0.4817103668602039,0
9138,110.25159776138177,19.24402962578684,46.48329194321514,-1.1440389389921148,0.3716593989549878,0
9139,101.94499437955186,18.032744934156188,47.403860497485745,,0.47817101270336204,0
9140,108.98170009874416,21.76800450734552,53.65144909433703,,0.5088786102590837,0
9141,104.9918914151831,19.768965197813127,47.48763994655643,1.053393557870319,0.6597012205921727,0
9142,104.11415942442619,20.639825941657335,46.08008229592628,-0.7058739846350981,0.5826100134329584,0
9143,106.24446984566629,18.134867791984522,47.53716766186763,,0.788994236013495,0
9144,103.04421813873579,20.726344976252438,53.480114538393465,-1.3976351727075436,0.47268281852453764,0
9145,102.85481375953667,21.99253898318849,46.41627651945457,,0.4787761251208519,0
9146,96.47607047104943,18.378809956918577,48.0883716348169,-2.942183343060451,0.30500182479778226,0
9147,103.76022896336055,25.29484949156577,47.08361503136602,,0.3189320601100207,0
9148,102.60015926925637,24.825604186605098,49.45174160581998,-3.0072890586762666,0.5002604093621488,0
9149,102.4200950532546,19.1644293421191,49.12795820363853,,0.41259218557778454,1
9150,107.0843653129502,25.14011733022081,49.038486986545934,2.035711352247218,0.46710470694594075,0
9151,108.29315976395254,29.98384702330653,53.71226759881027,1.1802080453554107,0.5533260443862246,0
9152,106.16097252321164,29.33362743373849,47.601849364724906,,0.26295760167925,1
9153,109.97707595224738,18.03205192041196,49.79562444056578,,0.5513028266939308,0
9154,107.87780962915183,27.544539735964314,50.67720249264147,2.198685560772547,0.5392534985922471,1
9155,103.52471905097178,22.243263314837833,48.03958147585571,0.7502979313686349,0.47639148834855977,0
9156,102.6857185714281,18.76381644401553,50.973179962493205,3.1715644019562084,0.4707050879652386,0
9157,106.56411118383423,21.551798564594495,49.200379010893386,,0.5671118804509344,0
9158,107.8688355495095,21.860838195755548,50.74861813237971,-0.9827384195588478,0.5717297505603504,0
9159,111.9892215351575,24.27893087170868,49.7840014969487,-1.621663750030671,0.3496225862496661,0
9160,110.95586522470047,25.933005207226255,45.898937548867394,,0.48557185359765914,0
9161,102.29263496746415,26.988667346500897,52.612197425531484,1.4040965873804512,0.5222741365153931,1
9162,104.48996859936369,20.9508365107592,54.14091663070814,0.148687549903935,0.48560838885421315,0
9163,108.35508902458885,21.861246842981963,49.64649163613037,-0.5372924994645212,0.391169836705182,0
9164,110.33998889029486,21.700580482316823,48.20409589626679,1.8847806529758193,0.48421390265109243,0
9165,109.69484734352396,22.352842417450518,53.01202544235137,,0.676528878462492,0
9166,104.68061083584327,29.995875707476067,53.780765805734944,-0.17015474492986166,0.22752071275766458,0
9167,98.72988673785741,27.33531963392911,49.662409176820006,-1.1498869101676326,0.492917081393098,0
9168,100.00531811877204,29.699885583224365,49.56263876955897,-0.3816641872976921,0.5092500130985101,0
9169,106.36316757159707,26.317332714564685,49.840177804657,0.7091208341353585,0.7008479357758277,0
9170,106.71112789712173,22.87524841976741,46.65090222150939,-1.1705233141726368,0.4178352473395307,0
9171,99.50660313282808,22.6769302035237,49.41774824261354,-1.8504794081512386,0.3703457387264158,0
9172,105.22284805444636,23.862973739700543,53.42988377509849,-0.7202268849025238,0.38314254704820766,0
9173,108.15612178485891,23.002437400373246,49.66262267845888,-0.07381453811660746,0.5318656420115129,0
9174,99.24386671246428,27.939914953112947,47.91993094425559,2.0449352477486658,0.5314236064578814,1
9175,110.52498600902207,23.580024156320313,50.99337123860896,-1.7400560547937793,0.300118654566357,0
9176,103.11234425720087,21.54737232253015,48.665602403011775,0.34012214539927377,0.44329771629245796,1
9177,111.28806556288326,27.29832322435982,49.86709575266415,-0.41635720996084724,0.3845008229385401,0
9178,102.33273777112049,28.253044912576733,47.46230243890544,-0.3419111788840913,0.38230877179902073,0
9179,99.8668725855791,23.045147473685418,47.926751677626534,2.309049454326385,0.6239833591805131,0
9180,102.7093150507914,26.013702862866385,51.47531850972719,,0.4866372507381814,0
9181,104.5242593846134,18.705654406659658,50.231733558802176,-1.370332367573668,0.48644265097188,0
9182,103.05760046614259,24.3535782236576,48.44788522631437,1.3331200823184082,0.5813789917540565,0
9183,103.91999289213443,18.539773652946096,50.23907026060981,,0.44087087967027927,0
9184,106.66982574838096,18.350290085933615,48.78570658254548,-1.5017566678824203,0.2126570893877887,0
9185,104.144103151018,25.35509820627287,48.43247966125966,,0.3049138984872926,0
9186,104.66943803023996,21.640024588739845,52.32806879449661,0.6157795870606055,0.6071656257537035,0
9187,96.45386800398703,26.910445949465583,51.565755106377544,,0.5716383186850154,0
9188,106.95849008005236,28.752990727591104,49.95745430073781,-0.7058740570633915,0.563174049098852,0
9189,104.55398351154166,19.67269408476421,50.288674674499404,,0.6630163843938054,0
9190,113.05146490241435,26.694274062947088,49.98320396533131,,0.5642935022350996,0
9191,100.30217416373021,24.17423997946012,50.97401851834708,0.6323443537550812,0.5722488561027131,0
9192,95.95852335750243,19.345431001952385,48.400996683088614,,0.7683924260227147,0
9193,108.09034246965021,25.819111277768698,51.72500946673728,-0.508696290222278,0.5039302435952411,0
9194,106.732635091565,25.313601637277674,50.707131675781625,-2.743648102093837,0.5627439766738146,0
9195,99.95783489734427,24.18770240880939,49.4738873242209,-0.6046016750922738,0.40713105877381367,0
9196,97.35125522497954,29.117654454715897,49.02444393698292,0.28392561236315733,0.44900233802168005,0
9197,112.68698365342145,24.252956353248198,51.68226188353362,1.5045089141442114,0.5559871906252067,0
9198,112.07055195303391,29.88618138540255,49.699027367699784,-0.7817410353538479,0.45716500285093165,0
9199,92.56271620646936,24.11074576617733,48.60221380834032,2.584640169694821,0.597107606392057,0
9200,102.70888485371749,19.390224459616412,49.230860466051354,-1.9482335681006124,0.4565551093912805,0
9201,113.3209602739195,23.645655012900363,51.53840929777832,,0.5020787131728951,0
9202,102.61968721111066,20.187945150660855,46.77889359750792,-0.35874455056380744,0.4213452449766697,0
9203,102.54693882986673,25.165601822609126,49.28918218883906,2.0206363397099687,0.5614289950788396,0
9204,103.58620336185317,26.31758610232321,52.14116533935153,-2.210470771172913,0.5112387789496982,1
9205,99.3955151311592,23.621223344485124,49.663566455793486,,0.5636391913085317,0
9206,96.47612127885978,19.17243561219778,50.545633464555685,,0.3140549384503308,0
9207,110.26273655367375,23.623696783002636,52.17353792907439,2.2937114245289854,0.7657480131600655,0
9208,95.78531546876162,18.977450576812807,51.78465930679434,-1.2428380218338726,0.4812089598793983,0
9209,106.23635726054378,26.18551146607841,49.119882453920155,0.6229773937416555,0.5950619487711637,0
9210,109.43289746378825,27.48441869838105,49.739212895592324,-1.2572873106567728,0.5300427779115673,1
9211,97.7438685054942,29.54856392672447,51.809527803458025,0.28209326613427366,0.6121778745058923,0
9212,100.37865798702464,19.785625285541478,51.878938974567795,-0.5540473090961584,0.38038627542494025,0
9213,111.06589594195795,24.38904402639965,49.82389974937012,,0.36408628957998557,0
9214,107.6644586011352,24.810448410425025,49.892908695415144,-2.9811529571559716,0.5905824711146183,0
9215,101.91357146560557,29.069718405371756,50.5353673890677,0.6218760965371453,0.46128602991233364,1
9216,111.01124501680586,25.52731968715817,52.733801380034585,-1.623358705427775,0.45669741173908096,0
9217,111.03267861727151,19.746115747743854,52.135132241315915,-1.675019422577837,0.5793955255503989,1
9218,106.34526346507853,23.23621588755827,51.386773407598035,-2.332925108338162,0.33900314882828997,0
9219,100.49919886063168,25.857150342075006,47.84266144787222,-1.5840740375984808,0.38478405408701094,0
9220,102.93275648264103,26.403413184831567,49.450333186903485,0.750719649493779,0.6301823911394683,0
9221,106.43193371977695,28.35688798308688,49.55542665262019,,0.5551253838608292,0
9222,104.05702585426256,20.166085438132765,52.83697006520695,0.9955664408118434,0.5992895675171833,0
9223,109.69478589117426,29.41850576106598,49.52227121764072,-1.5404713392672162,0.4149337754051782,1
9224,97.35112959945332,18.70967294418711,52.506885646155226,0.3221724383590857,0.46347200761304486,0
9225,97.5286823546688,29.805145614826824,48.85860265893783,-0.9230752995061815,0.4205521239144859,0
9226,105.90435555741216,28.2932051143969,49.01823208467848,1.4320945325074736,0.6910023180341731,1
9227,102.54227793096548,25.923273393146054,50.962908211626285,,0.5023891677046795,0
9228,101.86475692651129,26.819946003173058,53.13629341114351,,0.4936334927352032,0
9229,96.15971640412802,18.872304071025557,49.57644574146425,1.5608633029773555,0.4811631248900903,0
9230,105.09772922399091,18.497758354733428,44.87446427627761,,0.7420787398396147,0
9231,104.73622445999617,19.221189558616388,46.871633195322225,-2.080504240370737,0.4278622690169337,0
9232,108.2673949097587,19.048317775969654,50.59592311232891,,0.40859704276246883,0
9233,105.34453066560486,24.568574801633222,47.050407946436465,,0.4915514361521424,0
9234,104.33697960879752,20.58532784534147,48.26887434720717,,0.5755990515226426,0
9235,110.88500318395168,28.322467646480717,50.02468390127651,,0.5432151157062931,1
9236,98.43766348275724,23.348983476816866,45.101265508507076,2.8142103115227317,0.4890800138205492,0
9237,107.68194609423789,26.346125717499298,49.24054842134909,-1.6009778745815892,0.3585090600885738,1
9238,96.64426417602326,25.834477115641917,47.67038288427946,,0.3318373459385719,0
9239,100.80819059999597,21.83823646715652,47.001640564198496,1.3199287215948938,0.3779366552072772,0
9240,98.93671433688343,20.91801088230875,48.39563112156388,1.3882849663536543,0.5165457431034569,0
9241,108.90971267725959,22.109475423559623,47.861582149861135,0.8337377604504288,0.5364917259376918,0
9242,104.67294883202302,27.55990048619805,50.938960435984605,1.014165440687467,0.44171642014021534,0
9243,104.93248377703512,25.035322181035422,52.39305357336577,-1.2024326630375002,0.3164460462187102,0
9244,99.46633506135275,21.042463950230104,49.27114629677787,,0.5665827577505904,1
9245,103.50153252033556,27.81415731672516,48.80774844190633,0.35999500757790254,0.510000599089482,0
9246,101.18267348345444,18.65711263332368,49.1715899976842,,0.44602990628137507,0
9247,106.91727507427107,26.390200499883544,47.783625784123075,,0.3804833179048624,0
9248,100.04454432334194,23.26920966899173,47.42251620876064,1.5909687272239177,0.5400947395803273,0
9249,111.64897182602537,26.775484632790658,46.70889109421333,,0.46276135832255433,0
9250,96.62209775187952,29.12953536292112,47.34095808336365,-3.2367031390505208,0.34675269682329923,1
9251,100.9674008377172,27.000409175362847,53.263982014225256,1.3368418069378158,0.510958861079909,1
9252,113.38600254983048,23.30358426373659,48.619157929273086,1.2219580701938237,0.5572225089218541,0
9253,102.82430626018983,19.81170817816657,44.11674305647247,-0.5685970194608313,0.3404883881461583,0
9254,98.42560667797794,27.676211709665203,48.82588612303799,0.17512243982868453,0.3690714370849773,0
9255,106.09535781268835,23.52846632305646,46.81917092647836,0.16910962673899807,0.5642094811376113,0
9256,102.62303878892729,18.903747881485558,50.118969879994324,-2.9691893639651523,0.42807577343052716,0
9257,100.82064872190847,26.62866477332239,49.90329268952599,,0.43060231383536507,0
9258,99.52064594600641,21.502223590999076,50.11177127538411,-0.5444656169203617,0.47554033192475564,0
9259,118.84186802812971,18.586658754062224,49.91854784250963,,0.44312416529443016,0
9260,103.74224049907932,28.833012179688932,49.254579390760505,,0.5702839910218966,0
9261,95.37216319833561,23.79721310512692,47.08820775692003,0.994262653835073,0.5294030359636119,0
9262,112.46854879502767,21.37153263807626,49.85069185605715,-1.2136933478469853,0.38942776732067613,0
9263,108.05535452555286,26.59663869461894,52.03784917827139,,0.6648856727587449,1
9264,101.16766784490106,28.630828532190765,53.62734616759041,0.9236131250956496,0.46877262558589483,0
9265,100.3344045565693,18.003684900405066,49.52401734538799,2.0406275817023873,0.6176930127357791,0
9266,108.36736398079115,26.254226220505846,49.74078010943263,,0.5251879286257934,1
9267,103.76540836255273,27.204140328221058,51.00085435817779,2.6106777321233388,0.6969888486003104,1
9268,95.37011090777449,20.519129127353917,52.98648311894421,-1.7784269465520426,0.49262053862684707,0
9269,113.93619982302334,23.875485976922093,49.02740677899091,0.5162787533926924,0.3969445578371345,0
9270,102.83004768892022,19.07143078701523,51.38530263390068,,0.3017018515792235,0
9271,112.47785868241213,26.96099859018417,48.354361468951225,4.9204493845336765,0.7748766395780554,1
9272,111.39217478982857,28.16947222276023,50.65969798053101,,0.7401372508467249,0
9273,99.99495227758592,19.298239887895928,51.94120835323674,,0.6946205064664159,0
9274,110.16594932181575,27.797523041194015,47.41827878690441,,0.5114192327038254,0
9275,101.74278725068159,27.258842045814404,48.94971055596356,-3.9531646285547053,0.2169116411580145,1
9276,95.6664970659803,22.162959844450768,51.909566193390006,-1.1753475474243362,0.31962046667610833,0
9277,102.87700916988929,26.283474359202998,51.23232246102959,,0.5202887153099683,0
9278,106.9881875088814,18.000577486731743,52.07189228062971,-0.5852029163454395,0.5630172660518314,0
9279,102.68631676001831,29.181571853591983,51.696879292908136,,0.4638516829998006,0
9280,103.4647582953745,24.604598823700474,49.31779294416659,0.7519990866215474,0.5129271365600488,0
9281,110.71783022464307,25.444066368743993,54.398380296789384,-3.9410046595748858,0.307645400832726,0
9282,105.53246990145045,25.975912962469184,50.27381998150679,,0.6635156785729449,0
9283,100.78350844357524,24.736428206620403,43.8885821017116,-0.7288141820784889,0.470074606750385,0
9284,108.51015161833664,28.28116665047356,49.4353072552454,,0.5054826887854826,1
9285,105.98837783477123,25.31642198581853,49.061657486001344,,0.42875411490946863,0
9286,92.39197599268978,28.893119894885672,51.590498334734555,-0.2746162836057051,0.3951467584994139,0
9287,107.14176456885724,24.987979466808106,49.09762936960374,,0.6431782627194577,0
9288,106.9591435385805,20.053469063766798,52.19793999163827,-2.5305345565780906,0.42478731207899123,0
9289,105.1006056479043,28.962750670071635,51.11619874481342,0.9920280672477104,0.5150520380285494,0
9290,109.45850290534787,26.17952998031732,47.99981907705988,-0.5933083808891584,0.17780491733575754,0
9291,101.63803207836749,26.390867933226673,49.71925332877715,-1.2110681591426353,0.354183378210381,1
9292,106.68249894410451,29.82578100685922,48.4489331114492,1.9713477597543854,0.6329643306985454,1
9293,97.16520314416323,18.902358650514948,50.36951729370734,0.41037123401638953,0.5557353231511504,0
9294,107.03545191699416,23.143111285142055,48.43701826552976,-0.9981463952710432,0.4844385875869101,0
9295,114.76529847769947,20.869144715839383,50.14887046101812,,0.3199400351151863,0
9296,100.02571823766229,25.565117576563885,49.455388498019175,0.5488595094607407,0.5451431145288925,0
9297,101.20098934006113,27.68174020497686,49.69555349064035,0.4322569447109429,0.42402179792994876,0
9298,101.44992278554224,29.59572850670895,54.1018807595962,0.04413757713666677,0.502395981607053,0
9299,105.64999112900797,23.45515328345664,49.27902954658559,,0.332970842559205,1
9300,99.6848186357314,27.43461876771125,46.13113382476562,-1.5831960301638928,0.5278833921584175,1
9301,107.1062368934549,29.004619104484554,52.031652289468695,-1.122470967249387,0.47762114803662237,0
9302,109.23419972734582,26.199905190430616,52.01591180360401,-0.29421964612910356,0.4709657493038654,0
9303,107.67173606726892,20.912790629397254,46.04211965240635,,0.6349394365626548,1
9304,96.15792287180963,25.294249813293497,48.59820075758387,-0.23995653860232086,0.45075292180803234,0
9305,109.97583832579303,29.639424573806238,50.871621113693045,-0.17136744160572487,0.3499243280483352,0
9306,109.6868370712684,29.850645946338787,51.048406522434135,2.8218683968816047,0.7466807734038472,1
9307,109.15080686173152,25.708317884601335,49.99055247309456,1.2738751298897568,0.5889147423626694,0
9308,106.86421124327913,28.64385309446387,50.03565075786657,1.782325134822355,0.5572485386057947,1
9309,106.10094657102566,20.404192366183235,48.12282425383363,0.6963959873459696,0.470445271023765,0
9310,110.16194699063199,20.9529432594266,45.20030257308863,,0.5565085547411356,0
9311,114.61756743801728,29.434651354618317,54.09901463636707,0.6149373594213186,0.6121103724048159,0
9312,100.23479768317576,19.622824505937693,48.06266544458657,0.33873025892315994,0.4402650210675705,0
9313,110.39062697897386,20.293277257121748,50.35301138012896,1.2119673129173294,0.6171323860150325,0
9314,104.56891450996274,23.04658318944062,49.68230400868133,-1.4627106999726507,0.4519250751182048,0
9315,104.35163473985699,25.075011453040204,51.79439510454709,,0.4714140876936181,0
9316,97.3173465480898,25.24580662761926,50.22979442696432,0.2505880031659528,0.5129152431614706,0
9317,103.57605295242303,21.50371210398677,50.306881906184,,0.3098032141069705,0
9318,100.01367521015793,29.04736677540418,44.73136350398214,,0.6304629469384928,0
9319,102.68072785247027,28.981198891294355,48.333321854915496,,0.33714193765334366,1
9320,99.50906808110925,22.704816636628472,51.489266093198,-0.8024965100790751,0.6107625541089994,0
9321,102.75545806343497,23.211501233163567,51.30933645014386,,0.5012018435846156,0
9322,102.96944821488299,26.429965401886943,48.096694352765574,-2.2606528032625084,0.21241605449036371,1
9323,105.483774592194,25.95595075678681,46.84394283455776,-0.08061177435933228,0.278657550767246,0
9324,96.92625068854335,22.587564179531547,50.25315861344586,0.10270211560576256,0.48427439141119777,0
9325,97.77240926127338,22.970931018252042,44.18645190240837,1.1326105976953278,0.6899931485956002,0
9326,106.80957135365263,22.176467321058468,47.702651495324474,-0.680648025426307,0.5890295831725157,0
9327,101.01280941464951,20.824620083439694,53.52032215031062,0.4117125064792337,0.5372169331833205,0
9328,110.37264895114966,23.49766035508968,52.89013465774754,,0.41913718688993884,1
9329,106.12634861007524,26.237209582830484,50.97449871753029,-0.6274061043024655,0.42689982040494107,0
9330,108.03381075103204,26.903600463771518,50.61467262896251,-2.505865942710554,0.3954416972524649,1
9331,112.05346160210448,27.34648377907155,46.0996584309512,-0.16740046099424674,0.6003606253133669,0
9332,103.45144594096713,22.496784161437457,48.51866552670177,,0.6127584149715615,1
9333,102.12756647291862,27.175631931419684,49.40966280406845,-1.400575185877675,0.5267996973258484,1
9334,109.35851292799407,18.0781957883025,48.56117250099762,-0.32667579194741025,0.5480336761218335,0
9335,107.54756781964844,23.724599252602587,49.29951333018427,,0.5886019412126604,0
9336,104.0633484508935,27.52685280159229,52.59844884869259,1.6536609476726452,0.3565630911179756,1
9337,111.95728983477971,25.56053664769624,48.916353877457354,0.04516173578406092,0.4130023066686891,0
9338,103.93877845080034,23.68875748985409,49.31812163888647,0.43213106296963655,0.4111252743515626,0
9339,105.1638681877789,25.73570407927619,51.4790625733675,-0.012984070595309129,0.3793651190941011,0
9340,105.10611325417129,28.883352037783965,47.16104856279439,-0.7384587374602147,0.463634082512392,0
9341,100.32703052550764,24.796581607322487,48.319590842322306,-1.7017108763362654,0.27018651521114573,0
9342,105.38792694743195,27.597434297521275,48.524554824486316,-0.4276081461069237,0.38424296447463746,0
9343,111.98380088699246,29.768912702702373,50.11118429310349,0.5900389566888103,0.5196313963530057,1
9344,107.22484157688088,26.4668184249068,49.31007586501267,0.18461455199936588,0.3488698488023563,0
9345,105.15531713199466,24.87990916666876,49.373318181305734,2.2192753945712314,0.5623469594868764,0
9346,104.19116359417166,18.44983136550408,48.67029202579501,,0.6348232050217097,0
9347,106.65433514203175,22.49373477905505,47.85833947957049,,0.4705000913151921,0
9348,108.74883314244593,24.78531280218142,51.218285848421154,-3.048414914476928,0.4272091303983214,0
9349,108.04619415444877,27.56647886047239,49.32439176207549,,0.5378327082906342,1
9350,103.34067569089011,23.257257475770913,51.23803796029475,0.40021739299071807,0.547175793322065,0
9351,106.62390797055058,29.52069930917728,47.7767453390377,0.6133881936327017,0.4200490787751657,0
9352,107.3996987057414,21.261525031484098,48.669515684500716,,0.6125380237050612,0
9353,99.96402506236511,26.9348063425238,49.55763394430647,0.03197596262043985,0.4712405197260159,1
9354,105.84115270591847,23.02837700500953,49.744265926367575,-1.6055708212549769,0.4663411544078085,0
9355,94.19348056848818,23.831861934790872,51.50873745186442,,0.554035604615312,0
9356,107.41266854910593,27.63002440638528,49.138981420815284,-1.1523330901858306,0.4979895478521903,0
9357,108.30171527281341,21.554583139820465,51.49348448562175,-1.4785760692237688,0.5107611686702282,0
9358,108.7377306289323,19.16174467914172,50.74988801711939,,0.49439993424014395,0
9359,103.02476573915216,24.243067015361127,49.7862947798341,-0.5790059018198024,0.42309553089395135,0
9360,106.54523417512017,24.345535341644986,48.09740240700696,,0.4769160347646874,0
9361,112.11976922770583,27.566013266704484,51.51375053092664,,0.36620790154877664,1
9362,112.0688482414563,29.61983047478522,48.1473250653727,,0.6213265784484677,1
9363,104.8541365038672,18.66360823594018,49.95743923968544,0.6889838985783161,0.5967455224360181,0
9364,105.6965981536478,25.100273684917305,49.89211911412784,,0.5922921310146004,0
9365,110.55455572367217,26.1753423637776,49.58580971476543,-1.0807563876863926,0.5767932370617332,0
9366,97.49598992368912,29.82961620898226,49.221360554029374,-0.5822829714871217,0.37315381691397,0
9367,103.38462128661487,29.311082571322938,48.35584661007666,-0.5763015071557382,0.49239567189482114,0
9368,111.67785227768378,26.54940917654373,46.76612712525984,-0.7721162052201858,0.44809555471335316,0
9369,109.87600270842383,24.26147293493359,52.807609465680706,,0.5391689709025188,0
9370,106.84631888824953,19.938287067591133,49.016553071485504,0.435603206154229,0.4508628942518363,0
9371,97.4708379733469,22.610118662453008,49.74377580976506,-0.6834067538082199,0.5536377594222116,0
9372,104.75044883479418,25.021467900685852,49.73154523213212,-1.4277021885675643,0.3299116540091433,0
9373,102.05042301875034,26.702404759149047,52.1912086744575,,0.5258125142423034,0
9374,106.65519451408606,25.624794689749347,53.86638844303528,,0.47513551780855257,0
9375,100.9532665760256,26.569473621932893,50.31969483917737,-0.3684556467003418,0.28507314031788383,0
9376,99.87138302512696,23.14983005462277,49.68599466308616,,0.5431697544306671,0
9377,94.6756736115818,26.73152748685211,47.753085985681174,3.323281048546761,0.6404128123641775,1
9378,111.1090234248835,19.72489507223663,47.11282310117447,0.7453352300419134,0.6798836921387585,0
9379,103.00114744278471,19.951035741157362,46.4520501407118,,0.3561040252847477,0
9380,105.78572891851267,19.953985749953553,48.408310080953065,0.40343033156513664,0.45959851848392064,0
9381,104.9888094176291,28.690379484429315,45.81829040537377,-1.836664597870909,0.2641318586081771,1
9382,99.6628303351975,18.912408759703613,52.15765990748022,,0.5501381397648791,0
9383,98.70467544275903,27.61810047280171,50.84619248798685,,0.32775210756515477,1
9384,99.97342437001382,20.802850776560845,49.49671897063044,-0.9426974737521976,0.419028459411517,0
9385,101.38415780585304,23.62115928594301,52.21876796152158,-1.8487803752868373,0.37278752484566985,0
9386,106.83303123506903,28.991479145588137,47.85768784519345,0.9360850978735304,0.35174714418065617,0
9387,101.02141168239694,25.03124675625008,48.36003788927089,-1.1237377883854631,0.2971525470145886,0
9388,113.73245315797311,20.521412234788304,46.13241343939651,,0.42556837560227523,0
9389,110.13575517946576,21.409080723825685,51.54870739004043,1.1218596610851483,0.6176946549757036,0
9390,109.04179774832855,29.045359486749426,48.37931742738145,,0.33792623489128365,1
9391,104.40170548763425,23.12572710131974,50.03139122655165,-0.5301368119665458,0.5276238326480089,0
9392,112.57140367860242,25.04382579608147,52.00515280114936,0.4659562484096908,0.5576076561272528,0
9393,103.90997184439438,23.519186359504666,52.741701510998844,0.5137522508452574,0.34419865108852155,0
9394,104.84369292922877,22.541257056581394,49.94170729701886,,0.5637096428388714,0
9395,105.84987269874635,20.679349523188822,50.76847487254271,1.1753371186259192,0.6751529003727403,0
9396,108.50911520271671,26.234298005815226,48.19229950791268,1.9550174831800662,0.4906987437015914,1
9397,108.18454039501492,26.618904315265446,53.36674668601507,-2.496977187420923,0.3199534712400799,1
9398,102.62437360777699,21.298621099288795,49.667698879401264,,0.7262852708963692,0
9399,102.33503140287023,27.468130116657964,50.16056990373624,1.5477252513358901,0.6099760500974055,1
9400,108.19951478576043,28.254422403620154,49.18629385547355,0.8710527553467374,0.517753242675465,0
9401,108.57618291945616,29.048101154875564,52.398497996827516,,0.4429157219262995,0
9402,103.03324437588563,19.93454896702044,50.39918784616638,-0.7110748250400185,0.501752220917171,0
9403,97.06405965160774,21.647084203359196,51.52186915482725,1.1830268169433937,0.6276421691693862,0
9404,103.96341951995878,28.324240170044348,50.707916279957765,,0.1359555684250078,1
9405,108.11762899412929,20.382482433934726,49.55918123356799,1.1882867779691022,0.3360207830694594,0
9406,114.0270842320989,18.041621510921946,51.85893712259919,0.13603239906122278,0.4069969026388449,0
9407,99.0102101882967,28.449927723019613,50.690632389150764,-0.7332592763883974,0.4479526964959139,0
9408,102.86714373584714,21.917393301016432,48.078041878305534,0.7536613528547179,0.545239994078603,0
9409,103.05298219237312,22.9739703016674,48.02157723238124,-0.5790736234276747,0.3007004634614767,0
9410,111.7790266971575,23.356008308647656,50.297653458063266,0.04352810208880516,0.481698039732883,0
9411,104.82529249770684,28.179295208006742,51.814915804775254,,0.4893476750429869,0
9412,100.46336720313867,22.054705735121523,53.27884109701281,1.116794885975196,0.47085500329847085,0
9413,107.7934764146091,28.70735863027778,46.445573084838394,0.2387727317748946,0.45848960114986587,0
9414,102.97680739979526,25.403269656576576,50.05131969819744,-2.8636794766699127,0.2841659411430034,0
9415,98.87806363321023,24.32744068840421,50.97929532434999,-2.088140703754835,0.44202299545444734,0
9416,100.53613346361925,21.90737408552955,50.59133826998953,,0.41937448717116166,0
9417,113.6702097721131,20.92454035537423,52.01865421006742,0.6848170001678722,0.4200124830958697,0
9418,106.92104610824731,25.488701313328185,51.311067952983,0.8352786322841317,0.6372686065166893,1
9419,105.53880027726271,23.362729920678913,48.02899963283932,2.505535777131307,0.488547525872265,0
9420,103.75053132093977,28.926192119184076,47.97041662261854,-1.5216456164513428,0.25262685173759086,1
9421,106.460744210594,23.8996645933686,50.62490971230345,1.9638794548317247,0.5736789015887627,0
9422,106.40117973001247,24.141539000414294,51.98101084884505,-2.9068179974651707,0.3296371371921154,0
9423,106.46084414103663,23.00067937363201,50.28683510590539,0.02663693623668191,0.5086105490276875,0
9424,105.57422545138877,27.47115596389542,46.844133860863444,,0.4002581540936902,0
9425,109.34399169152775,23.098070377311245,47.90565716936745,0.3623853848541443,0.6074273157743474,0
9426,105.11552173000365,21.232103996997058,51.38303171173066,-0.46439327663556984,0.6482541208563244,0
9427,100.11030582223681,28.344370491522117,49.30270981816574,0.17684338779067332,0.506677331177655,0
9428,101.93788554549566,25.161938656382883,50.235914606406574,,0.43895957327100027,1
9429,95.10490653255144,25.098122637228023,52.13083607830352,,0.35337301088488093,0
9430,115.13408558021196,25.329866485967116,47.59558190476009,0.3746856501801611,0.47524528767426405,0
9431,109.31377295976344,26.626076978468,49.17151468819609,,0.4575678565213424,0
9432,100.84964752435381,21.756815871750803,48.95425437325211,-0.4185246923311215,0.393263296143808,0
9433,103.5907757530145,18.406132449996033,50.71080507305573,,0.4096514464976053,0
9434,101.81561762896783,27.727117930524116,51.54577635654398,,0.4835833065047369,0
9435,112.71273605687058,19.54686064657965,47.03946508620243,2.3849607749361126,0.47375474225089814,1
9436,97.90061417864536,26.66183684652653,49.98892728166746,,0.34675087179395514,1
9437,105.57238029409389,18.987783579447946,51.738658208092424,,0.2875265936199992,0
9438,104.45736078717576,22.503694104341903,46.29042709707833,0.3993079685833853,0.5987987336935863,0
9439,109.13419315354557,18.75631283797846,49.871215117120784,-0.49830012953147573,0.508117963431851,0
9440,104.47995386137653,24.266564155532695,47.568431118433544,0.1861586575087407,0.5424779342051609,0
9441,96.20895561672282,25.8376292733789,48.71686619290094,-0.03568397189900896,0.5958944400642348,0
9442,103.7444108267878,20.05719769413826,44.98993082103696,0.9330140517805405,0.4640227897175677,0
9443,100.13918891028338,22.459531421260827,52.78546823751005,-0.4292451453299164,0.5055166451246242,0
9444,105.39789773278281,29.162873892516643,49.28834174519297,-1.8123176848489015,0.5164060942843159,1
9445,112.17088518260164,23.308669405289482,48.38561627192817,-1.1847809416379573,0.35114484733569024,0
9446,96.3028737788386,27.63052282771868,50.6565340909143,-0.24067748234174424,0.28504900040812,0
9447,100.99888632300048,29.126216940722507,47.9153795346255,,0.33680795791290613,1
9448,102.23653523108251,29.69214989972744,47.72551094223741,-0.05528086012647621,0.592888039650531,0
9449,103.09184452293394,28.779864236296433,53.02065833962745,,0.4092496282211317,0
9450,108.70062832052622,21.80886394990763,53.617326056653596,-0.5367053998067224,0.4266548096954718,0
9451,104.13227791219306,29.550874633934313,48.81587265543504,0.31383320068769105,0.4377221529063545,0
9452,107.07901362860223,27.748742900952564,52.13470941983236,-2.4214178712934653,0.3598937438459895,1
9453,101.87113478134111,28.046107003673853,50.71208088797617,-1.4297765078448579,0.32366094532963724,1
9454,106.14962172708968,18.182075810062017,47.1723374165793,,0.26598515796562927,0
9455,108.88898815438857,29.450866359819525,48.14373621230043,,0.5219045649260251,1
9456,101.33850225131455,27.33708268618489,53.102199598393874,3.4592460038709514,0.6459214214857485,1
9457,108.90679059903258,27.2156099580948,47.146409934351645,-1.321229369958412,0.545586666944153,1
9458,105.26186384363784,18.978296771143036,54.56199867614972,-0.3528633554511552,0.48898304971707357,0
9459,110.22730120241127,20.790822492879975,48.85727564817644,,0.3308212978735709,0
9460,103.99290049961513,29.547139981654787,53.16162981258647,0.3318378612119152,0.4434237011413445,0
9461,106.90622327581049,24.008124897665716,49.38887241071433,-0.9126129741302329,0.525718631500214,0
9462,104.79696884160735,22.774296218847073,51.599807183002305,0.4241698151207809,0.4788268612535467,0
9463,104.51893868979711,28.079289805762965,52.790066280241376,,0.44056630701061733,0
9464,106.29465214112845,19.04808496936733,52.77990763536202,-1.8357374068361363,0.4164460314707296,0
9465,107.68403734612451,23.00330419525271,48.83126893841406,0.4072714732874526,0.4413747563668221,0
9466,98.75217544037997,22.508409293065004,48.28522380020175,-2.69108403482857,0.41326028081229527,0
9467,112.16816804408938,22.198216644364713,49.83757598049773,-0.3848009466606799,0.5170565670098695,0
9468,95.701684797251,21.692306923836878,47.39904075793204,-0.4855206382211544,0.3609859439369177,1
9469,101.57593945130552,20.520899481480935,50.478528351221115,,0.6613115767671187,0
9470,104.5286546461755,20.074929635886267,48.35840669544497,-0.4680906845868231,0.4643005813113765,0
9471,107.06177984542974,25.68487340303609,52.16541954708583,-0.7423906808495827,0.19650294630365767,1
9472,112.88086263870689,29.03273809450414,48.859775167563726,,0.5181218123652154,0
9473,95.70854255887446,24.106219742998576,46.51548206103996,0.3572065376652748,0.25803306172142804,0
9474,102.46152935805145,21.57569462815973,52.80182955233859,0.3993858110816231,0.6239522925348818,0
9475,94.36583256100367,19.909922372666717,50.36673600666373,0.17279901704944875,0.5143461932446446,0
9476,105.15810986955124,27.96172038063113,50.05826978084015,,0.4423620008843375,0
9477,106.35841792250015,29.657904677678566,52.18878956989242,1.620504972382174,0.5725602724699038,1
9478,112.95397871085626,22.18986481761422,51.743153004596316,,0.6645760658197277,0
9479,105.60317380446727,21.491405106625546,48.47629291197915,-1.9326214725678779,0.34685341191492897,0
9480,110.2201256472119,25.217915435699297,49.10043678794768,0.24640373392488019,0.5028310313836507,0
9481,107.9191854076953,27.30394777144111,47.77408949988133,-0.7022128987867388,0.46822667195262946,0
9482,102.82375901497416,23.46483364259597,47.07109588975037,,0.2728242781527113,0
9483,97.9551962660398,25.56087779833139,51.15718506983078,-0.018891301812761933,0.5499857406974485,0
9484,106.37501149145905,26.598588816279502,50.78436862008336,,0.5717986086895128,0
9485,97.53948991427318,29.52710745427415,51.52165842304503,0.7424517350871659,0.5738656470976369,0
9486,111.47603536334822,19.980447966241,52.56321088299188,-0.4463084377953837,0.507356285152655,0
9487,104.18968948981588,29.968589925904432,51.54894958985135,2.516221616097,0.7769562980150332,1
9488,110.97588705755709,22.705879862894747,51.72691895261052,0.7646095924748257,0.5253250896265611,0
9489,102.59892782933801,26.678401712718646,45.844077483655724,,0.560407430102888,1
9490,106.34425393200496,24.868972535675965,49.38602951615001,-0.3308333939461977,0.4097433409590797,0
9491,106.04674428667344,23.84002340410608,51.929152989339975,-0.18428349237890557,0.29091203339371724,0
9492,104.77477940994538,26.37690442477904,47.66358252758957,,0.5981656792700091,1
9493,102.83670243301704,22.74904620268314,50.183342765675526,1.0667734023893785,0.4904197431589514,0
9494,106.9622800923526,19.513319776041676,51.038928881227015,,0.20538462323081713,0
9495,100.36918368258395,23.86672059745488,50.885706987676976,0.19144889472422857,0.49355363082484016,0
9496,98.95282335520471,24.26299044818782,50.7375926159166,,0.5167238175631508,0
9497,111.21413446663414,20.42282584079927,51.19782543809115,-0.19545093749504613,0.45871068584779434,0
9498,108.6358399444605,29.227432275943883,50.36148778985644,0.5683913485249892,0.5334864557343648,0
9499,105.3294580430112,20.729707759755495,47.074143585217975,-0.13199137176854348,0.3288037707511929,0
9500,113.3257119127189,22.91073112900917,51.013911070806984,-3.3701264159334663,0.42220861096989454,0
9501,103.66117240637577,19.85915624213668,50.569493121107485,-1.9663371599582495,0.43653635070208285,0
9502,111.6135160999449,24.42955975424333,47.100503098289096,1.4624766512892284,0.6889008931738898,0
9503,105.87787042462911,21.691651297201076,52.759470422173145,-0.36657037563349726,0.4177112961099175,0
9504,99.87624624961805,23.871270239713006,51.06767539949608,0.28453649286364735,0.5487455511505659,0
9505,114.24020095885425,20.695402997498423,47.239303358045085,-0.005485204486794952,0.3043606793763932,1
9506,109.95355423312043,18.64530153538459,48.3655496720557,-1.2379474482429584,0.3462611166428647,0
9507,104.39489484495218,27.350719812987066,48.87189591650764,,0.31925453200240617,0
9508,108.63585629766975,25.6930354075159,48.8704731223987,0.493424215257251,0.5421590866434673,0
9509,102.98148283001046,22.088872268532157,50.58610037763688,0.6464942035457694,0.4133811472056127,0
9510,109.1457451752977,18.569930696187868,48.04729649788348,,0.6118949371888223,0
9511,93.0446071735802,28.38690075236545,52.25627349424387,-0.7166132681664183,0.45527372619703543,0
9512,99.90099333152703,20.037540059228153,52.09160690273598,2.5059587374888377,0.5760530722041938,0
9513,109.89629872143482,29.168906619377136,51.23863461919918,-1.2906223243508048,0.29535337450870863,1
9514,103.7517223089054,23.7431445431515,50.0884835507877,0.7329002906180372,0.6927557440884126,0
9515,106.03771147444371,22.084640518901807,51.87489503030307,0.2668089292977521,0.5163799200434936,0
9516,98.26607168942283,26.901113722691566,49.44810455439198,-0.18879832676277883,0.6475701479370574,0
9517,114.23933497851051,28.52207287290223,48.551022277233585,-0.008487677794058844,0.38789520350187384,0
9518,110.95264821858838,22.448562763748527,52.380219291239484,-0.9339224878588357,0.4072342373943965,0
9519,103.99657390812335,22.888125026042246,50.63508551403802,1.355856833195769,0.5680009691503736,0
9520,102.97652071568336,23.197898632166368,48.63188471883721,-1.2639225608833626,0.5815529635018253,0
9521,110.14802180709846,29.06787673774403,49.16451526591684,0.4762888804723412,0.6801177402434556,0
9522,114.91235225084463,26.310767898171992,48.527144032469465,1.1337875003660698,0.5047826193561908,0
9523,109.76880127905677,20.971753404547865,54.04434971765721,2.0763046400815783,0.5223593973391508,0
9524,115.85901333698301,20.219996370023754,50.008196874901046,1.4576542033469657,0.5638462303822278,0
9525,100.38824335469042,20.764411961097792,50.31554262250734,,0.654472407335529,0
9526,100.90306584750604,21.16276667022621,51.44243809572388,-0.9565979447249897,0.4572575028427924,0
9527,99.05529440973325,20.76220189600802,47.56927803478599,-1.1786627284596218,0.4643964508381832,0
9528,107.20880324824739,25.902077366308752,52.193094532572445,-1.70786832769452,0.5252193706961111,0
9529,105.87801774902185,19.391202127890075,48.784307738424296,-1.8513983541401182,0.5019120021579676,0
9530,104.24024438264007,22.64830187649553,53.6600325722303,-0.002106057216514682,0.5982422724047953,0
9531,109.0462931406165,25.500642875644395,49.37468253997081,-1.0911250535497827,0.5076479741973418,0
9532,111.16164302607332,21.49031968731517,52.07528002952637,1.7988384517343987,0.725151588600479,0
9533,97.37168795356578,18.783292616419896,45.006403765761824,,0.3350729785273567,0
9534,102.01513986049443,18.98188707415162,47.64973384782806,0.141383756057524,0.7319954544354006,0
9535,109.1007179706153,19.511601315656236,49.412785682004746,-0.3969656526602577,0.5861876339402672,0
9536,102.66130658070709,28.030116298417862,45.93843400375022,-2.1057861560762263,0.3786798572751442,1
9537,101.00896961820924,25.894362067259635,51.20176889768281,,0.692679536294713,0
9538,110.09268713825197,18.774268933171737,50.6259162508725,,0.5174165159230815,0
9539,98.5524996513801,22.69282654981704,48.018344700280245,1.2157831333845723,0.6082717094314334,1
9540,103.49210096104447,21.343022074164786,49.968082740271,0.8924199903734306,0.6038184867051124,0
9541,106.64322012902404,24.9364813395456,51.61295445984625,-1.13922755249268,0.5292537861941646,0
9542,102.1309004304494,24.273671396067762,45.793900966260054,-1.1100734478551657,0.3985288632560288,0
9543,108.91577828006588,23.77348828043658,47.45302196753069,,0.6222374164803942,0
9544,102.15561512401315,21.774148444471358,49.32982340155331,2.314379348976302,0.5715287830490507,0
9545,112.0430974672296,19.65359726452789,50.04744725326495,0.5789683467647986,0.6020457981635934,0
9546,104.37126851252114,26.908516594471656,49.88277715679691,1.4677000152764592,0.5715971115327454,1
9547,108.35635068352677,28.558281226111852,51.77858957087142,,0.278163596581746,0
9548,108.73011976491408,29.329810910793807,50.954422491310794,,0.5086628795700873,1
9549,101.86229998627964,18.703427647362965,51.393269681142115,,0.5533521304710951,0
9550,94.73256725672056,26.878904539066596,47.22024853439127,0.3602389068692992,0.4876469016572129,0
9551,106.80377877331918,26.718041512883552,50.28964770959876,-0.5492416430682208,0.5938927024273422,0
9552,105.36144173562435,29.365315369747073,49.38571498152411,1.3337342605153406,0.4453574452268818,1
9553,107.77913013787564,21.034975133973184,52.92414376333753,1.3541429839277102,0.6373209170374664,0
9554,103.86736263808581,26.906148459541875,50.3487912747558,-2.2151716202147536,0.38448818948534014,1
9555,102.84786150599642,18.655515465197816,48.66189213056794,1.9879467513332696,0.5747188152290761,0
9556,115.0423650549085,25.57494864913943,51.70500255191008,,0.5604001224175064,0
9557,97.63822969244612,22.21017388862616,51.1265955917293,-0.5329990245469353,0.4943520831805232,0
9558,108.66975239182119,27.226913274569704,48.35679665471904,-0.19020235749483344,0.3896001971061789,0
9559,102.12699070908305,28.35965143722472,49.30302059446165,,0.5293511443131411,1
9560,103.32110691129789,22.377852506610196,49.33710708078328,0.10015118295857359,0.49094077130682134,0
9561,103.41448583713017,24.307033112391608,52.454922184559074,,0.46312939930980423,0
9562,100.98282862914371,19.408848748363198,50.40648374775689,2.8454531008311195,0.7450516368581293,0
9563,107.85612105118119,23.00288358268172,51.45356495712034,,0.13941238797754624,0
9564,111.95321797974978,22.32960471911003,49.013456557739836,-1.1834446952005933,0.42299021308235873,0
9565,107.35006830623331,20.19748151741421,50.66960058227888,0.6267344903337874,0.4950588640429199,0
9566,105.51690998106048,28.73374349720131,52.606721805859316,,0.3776830535496128,1
9567,100.06779750450377,19.777054056481923,49.277846469498705,-0.5595137751045954,0.41759683415070015,0
9568,107.58412632912226,25.628872290362246,50.23030960767555,,0.5737256912420744,1
9569,115.7817481586465,28.681711721758653,47.273387487524786,1.442660730333473,0.5463617533506118,1
9570,103.09652688102453,28.94362295835871,48.46888382017995,1.0392795517528788,0.5652586044331956,0
9571,103.12008210324066,27.51887639808682,49.33111421600435,-2.524840873243983,0.46298353748841015,1
9572,102.19455434509501,20.11369360649012,47.87832138209656,-1.039685012526824,0.45321600315905936,0
9573,102.5529288275279,27.809176910566435,52.64394735504369,,0.3213248261357297,1
9574,91.27350223163808,21.318777748987493,48.323985959516975,-0.32486381512551127,0.4410983761652434,0
9575,107.02517692927856,29.068776329190108,51.573597184234494,-1.6463207844140206,0.4052722496941551,1
9576,100.77223911822693,26.509040177086195,50.37367247506295,,0.36921737729786974,1
9577,96.948684406041,27.42321073210664,50.06170389702093,-1.0412806039556157,0.3767550415962195,0
9578,108.76594974866275,19.020389442023248,52.97232728993031,0.8829329040055846,0.5373199731525746,0
9579,99.58991107479032,24.993181361322534,45.478799406144844,-0.0042813657475450845,0.7010063256862813,0
9580,103.30665473058122,27.853705522784153,49.60759020635379,-1.4596127085155841,0.4641295606071559,1
9581,112.3322119559429,28.339084233269993,47.83923932686912,2.082415954118245,0.6198947050143513,1
9582,97.95392100987743,18.3435804568037,46.077159181733926,2.1265899514245645,0.7753922944718554,0
9583,97.33700882701119,29.26991079066143,47.610536532484616,,0.5805607077336657,0
9584,106.34653094781169,18.520064799629758,50.03447507000614,,0.5549490276752282,0
9585,110.74743682005185,25.374224156098197,48.54930574158711,-1.5844392200621693,0.38008846076377284,0
9586,97.12829141134019,26.320650331383746,51.793227179650295,,0.45378605345550344,1
9587,107.03844868418588,19.288143494014918,49.57230830411734,1.2339593025346987,0.58786272017649,0
9588,107.90499769980846,18.576142387310313,49.350523290558115,-1.2209939175195377,0.6211702112528728,0
9589,94.7041975815384,27.41894585340875,49.359438098987816,,0.5997922487510181,1
9590,108.9925066895361,22.616047497569205,49.80301118774092,,0.6000531147178784,0
9591,109.3830293992109,19.285350183781485,49.16304293011449,-1.7631656210267508,0.3431812671461635,0
9592,103.44107213371987,27.152013796651705,48.29749260487167,-0.938529635624087,0.29801011676977046,0
9593,111.26173181149004,28.189956841723447,51.978369767952074,-1.5608484974589474,0.3397328469019748,1
9594,110.68227787162422,25.04863428910569,48.75180989922211,,0.44614610922876663,0
9595,105.51558962858603,19.934841701215746,49.23294676730763,,0.3988940454710436,0
9596,102.74277304837533,18.18266965789789,50.858810160180624,1.3590062317583138,0.6681558800447535,0
9597,100.13586053708522,26.409629775623326,50.637482492314504,-2.6318197205105553,0.2194902066399642,1
9598,104.81218245316904,24.601676097903802,48.2131238753079,0.6502264199684566,0.5196354645909195,0
9599,107.8487945985209,25.809565700640952,51.50996388822149,0.38692099921529644,0.4426771946377031,0
9600,103.3791156947968,27.758216042395148,51.075340679676806,,0.6717545383508278,1
9601,94.01249497368985,23.210733323915665,50.35594966837451,0.3855734806957488,0.5735397713038431,0
9602,111.34356947288285,19.494185626003446,49.137366298837016,,0.3884864946143772,0
9603,105.95111610922447,29.27979942468992,49.18653861895718,-1.2229645881597975,0.5242727427142544,1
9604,103.10187751661583,24.543145526962288,49.59640579399678,,0.41200453034466145,0
9605,109.28579194211645,25.383529429062484,47.53633611774447,0.7454221263829393,0.3586216099832541,0
9606,112.62319298241378,29.200937154621016,49.92146310280609,-0.7397034882243222,0.3744978094088717,0
9607,90.99044215256055,29.179003875723154,51.784204080894,1.3633675862499908,0.36987827478159707,1
9608,107.17131824961035,24.865135280738084,51.75274237966805,,0.45530279387249245,1
9609,97.86675394594826,21.571337096657114,49.23829645744709,-0.0014127982409938406,0.4918505549815029,0
9610,107.49555253399471,29.96536360815287,52.12816654545107,-0.9067255628169455,0.4141133527154287,0
9611,105.6396360118729,26.169805079442433,53.81180910905889,,0.5939297121876221,0
9612,108.17863263220275,22.901240122704678,49.36758492947435,-1.49128702528482,0.3530964767976187,0
9613,102.50376192752672,24.71804163424308,51.38302941286434,,0.34784224859355,0
9614,95.63379944090424,22.990008603216356,45.474380074618416,-0.9818306748766719,0.371185289865799,0
9615,102.74815904371665,28.65966182755977,47.48370654363602,0.39556794249302507,0.39774079619757957,0
9616,107.03423817569892,23.789992498388955,50.18224205866704,,0.4679609579883094,0
9617,110.07696164337612,27.882340511774967,47.98653387496322,,0.47678966351257596,1
9618,99.14084349763738,28.082115573876045,54.078404089444895,,0.35484053111565866,0
9619,110.13530213436509,27.89198805282298,51.19575937459311,,0.3552768449764656,1
9620,101.7606385517674,26.666263349708093,51.93166329371626,3.287959757158441,0.7601598109273172,1
9621,106.81224940797263,28.25853260169098,49.94194718767883,,0.5688105668552702,0
9622,102.45053023567183,22.64675495547563,47.993583960272694,1.5738909974534137,0.510491981735688,0
9623,105.91085313856051,19.375958473703523,48.96237943565024,0.30174958884874997,0.7364098681843679,0
9624,109.45938817285138,28.109450452470174,50.50876095925272,,0.4129738007399189,0
9625,98.86492961355732,23.978020988248144,48.724169323181975,-1.749110888769386,0.3896974409713102,1
9626,101.60047051626584,19.528512390334214,51.3423839834544,,0.4462292938237051,0
9627,105.92481293671044,19.383750266184094,51.42282993840928,,0.5469571239101227,0
9628,117.00791830515176,19.910908728118713,50.009962607879174,,0.815382549160368,0
9629,100.68405143916586,27.01167911600527,46.348729825966004,-0.13607148426767635,0.6775705288032782,0
9630,115.2006694299846,26.53028008159537,53.42956986733192,0.1950645943749375,0.5943926064720622,0
9631,115.02211651837585,20.4458241622186,49.57465428662096,,0.3727130869436156,0
9632,104.51344424649204,28.163081017317545,55.41855329694207,,0.47173987136605944,0
9633,103.5092373690005,21.37553754633894,51.30507139270439,-0.6298338124790177,0.5801129479961633,0
9634,101.53967400667653,27.51582699977937,49.580089846535884,-1.0583567966341718,0.522032787092395,0
9635,104.65898734833665,23.865670892819303,50.89564375299601,0.20178860954236977,0.5183811694522382,0
9636,97.96640283720221,26.778584190462794,45.96142896584278,0.5450804337277735,0.5414452625717389,0
9637,104.61880491339701,22.57665195688279,52.05228480647193,,0.6243779827693706,0
9638,112.48440136925429,22.165687165137314,55.133882475058954,,0.62266846760162,0
9639,101.94457468761641,28.096315187511987,45.82153305231324,0.6166635825453826,0.38075939095539135,0
9640,103.79637848005474,18.423627054168836,49.42518198034858,,0.5408652878769823,0
9641,96.49429762866379,29.69684336709009,49.78932375441695,0.14629080674246808,0.5651318632684466,0
9642,106.87031044065522,25.778154699184483,51.75045725832613,,0.45924570422787714,0
9643,106.32240842475687,23.189800658393306,54.21195134833107,,0.7166272968397508,0
9644,105.31851179882885,25.536654373805103,50.76576424519113,,0.38076740929247643,0
9645,103.91586474888928,19.472891357507795,54.283583648431055,-0.4778942547268396,0.6067842954968543,0
9646,103.53621040613773,24.16862946352257,50.34086495376933,0.5072619129343083,0.48852886055836575,0
9647,107.50950116850336,29.82114628007757,50.90284763759246,,0.4072322744030965,1
9648,104.85591699205689,20.82323325416048,50.65647113232051,2.073876724989106,0.6274200145258244,0
9649,106.57485935777666,26.667337188436193,52.44059956601017,,0.6853740107584347,0
9650,106.07491408727275,23.219656509980407,49.155357883779594,,0.6458673356747244,0
9651,110.61713643547881,25.829497781855444,51.63657351752302,1.6796428178323246,0.5382176108079297,0
9652,108.38497048687528,20.458646744301305,47.53840678748715,0.6186793933659788,0.5037085083338643,0
9653,105.96430921575096,23.64557979141123,49.430991790697185,,0.3049385480776857,0
9654,112.5921101532609,29.7611125663113,48.72651275412238,0.22154133259531494,0.5129268086636811,0
9655,107.10134264528281,20.343445812192115,50.17592311723588,0.31783037029289696,0.42143640962681805,0
9656,111.5248134439521,25.637340334185083,49.36784050119244,-1.6303001333571068,0.41035183643330075,0
9657,108.03471304193319,24.907172985201544,52.26426738491395,,0.5025819642813765,0
9658,95.79040460534229,24.78061903548484,48.24266380965671,0.6925039542020306,0.6669902041475884,0
9659,111.52417381659664,25.381479475819404,46.53736812837798,-1.8737855058269037,0.24982566094989267,0
9660,105.67588120671334,24.026855684258738,47.285432360576884,3.0921258134501786,0.4822867676134003,0
9661,104.74022614549611,18.203169003091897,51.98833609260264,0.3947059227197338,0.46042214055202935,0
9662,106.40674173744789,28.801161737557415,48.06088531336756,2.0272675762573633,0.42345291100370497,1
9663,103.27508419021466,27.92374592980837,50.79568883104142,,0.37599850108508803,0
9664,106.13514430194472,20.090012171053456,49.41042499350384,,0.5914863035649354,0
9665,102.04061966828453,22.95927812854643,51.64848810950651,0.07989589684457732,0.5002064920288609,0
9666,111.37136129367185,27.246587768322815,49.53846858976678,,0.4033241296762752,1
9667,104.43205943189474,29.760747784647414,55.52869703223427,-3.05749785230302,0.46412840418622114,1
9668,103.08708078638783,29.41364455730144,53.79623403163701,1.3322217658341315,0.5244149893947423,1
9669,100.37537092140363,28.79231039611409,49.369579639188615,1.0031462414013246,0.4983295320346526,0
9670,106.34387894574321,19.900486767589676,49.09573082181003,-0.23122748712453145,0.590094207263452,0
9671,105.93553550062546,28.97370127210806,56.26465230161692,,0.5104006367672662,0
9672,106.94212306838753,28.541338955412954,47.84229807734282,-0.4486533757646556,0.4733252560291739,0
9673,99.86374056247436,22.523398933996674,49.8899529041633,0.42415045257299816,0.471748723875374,0
9674,96.99409400594213,22.734271134435144,50.04489783941086,1.8210590469839487,0.6480150309275076,0
9675,108.1279565125328,23.51890706346193,49.99532420437085,-0.8012838116662678,0.41665455581724303,0
9676,112.42320930938254,25.874107571597,46.522576558938944,-2.5526506367382136,0.34953069419049154,0
9677,99.86823188805052,21.13002739179619,50.99320481935188,3.726871476367595,0.5686940012597836,0
9678,112.94720641780849,18.275381153279337,48.05929981721537,,0.6646241257657236,0
9679,106.41955529368191,19.694754295166906,52.871978248338145,-0.5868174210629775,0.6259187037368267,0
9680,104.96468547724585,23.281390890921283,47.08806991513076,1.7832700784955726,0.6103528260672945,0
9681,103.01225651727111,21.384030833114423,50.118931854750954,1.400540852722657,0.5214122117980238,0
9682,98.07740990287502,27.17419873243358,45.56775870609622,0.7384235605048496,0.6304661523872922,0
9683,109.938642579623,19.280280846591257,45.69123258731855,,0.5230862156940381,0
9684,101.12196819281199,29.009582706657646,48.32129608341474,1.000983778476506,0.5056722326180404,0
9685,101.100966621312,28.743926159326932,48.603579835325945,1.6343382355390648,0.6968312489830243,1
9686,109.95963154943477,28.905081803199458,52.93145282597887,-2.5801090984362682,0.32854885947764717,1
9687,95.58508276664136,26.87531998323992,49.9188163274762,,0.38822438968597317,0
9688,97.38201094665916,19.283999657803193,52.58481380182311,0.4472635541662033,0.5157839868935762,0
9689,104.9093287824596,23.2576508564348,49.240426810646646,0.3991149921433087,0.6283901526399871,0
9690,106.46642214502425,19.576864461665565,51.21217036576066,0.06927542477426599,0.5137406082535574,0
9691,107.42367323984462,29.852390313132993,48.5490493661622,,0.47169201275826744,1
9692,103.49100753301873,21.99646108078408,48.413053861802794,-0.3169753996157459,0.44383878982669944,0
9693,117.65184834320844,25.023966502680743,46.35829972216421,-0.004178173933455166,0.6194225928337608,0
9694,103.86053720617083,27.35271665093066,50.67150798770255,0.4734979771176838,0.5510573489460656,0
9695,103.84606923948638,29.047393010707744,50.5241668294003,-0.26710429095722527,0.4847568121867953,0
9696,101.01506665593061,27.06657271009632,51.554625774571704,-2.079001885126732,0.38300859400793763,1
9697,105.61953408260536,26.09404534519485,50.42983657428279,0.3211950655333994,0.6240474723129842,0
9698,108.07480616023388,23.591781384457818,54.052391954387936,,0.6183759972774343,0
9699,111.0178902726673,25.26480160500629,50.35205527335502,,0.33249478020083123,0
9700,97.55357867779891,19.129965706233957,51.98365342867624,,0.5840691968242705,0
9701,103.7700233082215,28.607070503535148,49.35178183400179,-4.769805359459971,0.3131520124486643,1
9702,107.23351805404572,24.525327706078624,48.183059931397224,1.8126090740012017,0.7499290369676626,0
9703,107.93528767297268,18.481620605219312,51.435390340373274,,0.5606641135350504,0
9704,105.03274328902269,29.03882550791877,49.82170402435932,-2.0067467707237765,0.5131859332427637,1
9705,107.7121198476605,23.871623686042426,51.66408609185924,-1.0132008675413433,0.4962332542907346,0
9706,100.955180535371,28.42306969873202,50.70587308368936,2.1727820415623857,0.49724933724361287,1
9707,112.78952716159178,28.282655450464283,48.41397334641969,-1.7322760159814283,0.515445965264015,1
9708,109.96314051489715,27.78901904948538,52.148675755354056,0.7176880338542009,0.6168265292666751,0
9709,98.27536106467414,18.736836231544274,48.25762009243066,-0.7380250966206668,0.3981061036382878,0
9710,99.62448475941622,20.964799745090506,51.25065252659101,0.6152129350277487,0.559711837407939,0
9711,99.76539124946547,28.506574469585168,52.5632222230517,,0.714535760975895,0
9712,108.38984985448265,28.787892672625127,49.230810323169685,,0.43045372602807064,0
9713,98.57636116791267,23.49682634842567,52.31198890734463,0.5827828098771811,0.6017559985492884,0
9714,103.3448783289596,23.28049761185043,50.795233668106384,-0.739570778772671,0.35353346403390834,0
9715,107.27352198208388,20.101687606633796,51.70388755679252,-2.6763493094332116,0.30915164900389314,0
9716,104.66917032726782,29.620929464293816,48.32648861779483,-1.3915834031306018,0.5114771689868143,1
9717,106.29443757856353,20.55766170430852,50.4286004641075,,0.4470787231629453,0
9718,99.67098644325621,20.291241412209185,47.183837379950994,-2.4061787368813086,0.3595673054851657,0
9719,107.97427186698623,25.928747641790093,53.422601030620925,,0.6979546610860765,0
9720,101.93394053762002,20.914131636005372,45.97200335683099,,0.3948612398520009,0
9721,103.37690162801029,29.265259332172675,49.2904963607423,0.5309115987147296,0.5119476582102054,0
9722,106.18865863952993,18.130883943813537,48.13658281160075,0.7811270334050631,0.5882336033195283,0
9723,105.51539110765424,18.069039147879614,51.34940083040448,,0.4695844035899695,0
9724,105.11990009507797,24.058521617227193,53.84789189185984,,0.5814421538432644,0
9725,101.24686589011623,23.856749518961664,51.30983019737505,,0.5339968999932189,0
9726,103.50225294400404,19.960368262810924,55.9225673939027,0.869288287876463,0.5320042104854059,0
9727,105.01091795418517,23.934234755643413,47.24411964688232,0.3327071088115591,0.44810940863590887,0
9728,98.12457383416458,22.939933262039837,47.39763173494287,3.285157168687241,0.6330138444302565,0
9729,102.68733516843311,28.683954304108426,48.2137715367692,0.011877509809507907,0.23275306447012645,0
9730,106.93839939516423,18.111047042603563,50.242489390591814,,0.629329850335155,0
9731,98.61281698077329,29.715237660395427,47.9461552494335,,0.5193471125420915,0
9732,110.7829082579712,25.492713171550108,48.496674491389946,0.0733437760448218,0.4860245574474422,0
9733,111.34806631299921,19.82212134774331,51.240967047854575,,0.3319249738368568,0
9734,98.77424712019958,18.561120165733996,47.52165623377236,-0.6519353643009782,0.578307164330236,0
9735,111.7880981652507,24.457267902710782,47.733607974059794,0.2660304866323745,0.4695418563489984,0
9736,104.28209205643932,20.81868199166184,49.20292249401986,,0.6031563544026198,0
9737,107.09257279578527,21.61398644401511,49.39111385832136,-0.629260019055988,0.46739767417636574,0
9738,102.51674473935877,20.941585978014164,52.02003143444263,,0.40117815479513735,0
9739,109.6152241361338,25.80206776287013,48.198720504043756,1.071465494399692,0.6804275852003802,0
9740,107.03047009424334,24.642347545393605,48.55944003175821,-1.3203933777399697,0.5418386889124447,0
9741,100.92923371701198,18.93569308226174,51.163340232558014,-1.4455345884272166,0.5041266277858371,0
9742,99.17399000017356,24.318318398102104,51.60278864756676,0.6722301001603902,0.5650962241832026,0
9743,97.69848782395388,27.494277186759597,52.85744893425318,-0.88130367746872,0.3361869408687464,0
9744,105.93970888216379,18.97433508984389,50.938240709729506,,0.5084681099618826,0
9745,107.86235705889868,28.676867714765038,50.260728119923655,2.5753461692301043,0.8492671928736805,1
9746,108.25482839389721,24.93967979337275,51.150076813492305,,0.43913901069993405,0
9747,104.4100945269631,29.4074936312438,49.465174388222906,-2.2853931722388587,0.39929917188099806,1
9748,99.21501772167818,19.77769461266851,49.45046481124904,,0.3310390781381982,0
9749,101.58962600988109,29.922779992239782,46.45177937544249,,0.31033362541110976,0
9750,110.76174319480963,25.73127439163612,51.78683191337867,0.11032811600131992,0.4696048462032005,0
9751,102.5768571769996,24.809930393772753,50.42291789010349,2.8308201452472472,0.7897078241423078,0
9752,105.71708815340737,24.183355489345026,51.55407853273661,,0.5767464002864208,0
9753,99.62174758212556,18.283852477179753,44.36837901104541,,0.5111709026891561,0
9754,106.68291522729517,29.27567029859494,49.90579658421291,1.6927333325837246,0.6276495960673772,1
9755,102.7115771916046,25.72793367425038,48.28823698724474,-0.9885237727400226,0.3287376357755848,1
9756,110.23356356887882,19.099517813991493,53.002725009640464,1.0555863121034572,0.5639019414527682,0
9757,108.86778853103407,18.2514260435343,51.22843383096766,-2.7482566512884614,0.3101440531456625,0
9758,102.52147026712551,18.609403670841015,50.46847082162112,,0.6373737058847941,0
9759,104.36667986326168,25.312749161186886,49.136134061317954,1.4921366422608227,0.5471414881425375,0
9760,102.24441879979686,25.368184978735023,50.79441662026329,-1.0210124958134574,0.4196987612181554,0
9761,97.90283401727496,23.996007501377292,48.14362874124379,1.244726666750574,0.6618762271108953,0
9762,100.71278785226392,21.68118984783542,49.80054930462847,,0.7948809922999776,0
9763,105.9910866386041,24.3809127793757,48.84327322602516,,0.38640429073110916,0
9764,106.62629749114791,24.195621850515096,54.53297930996338,,0.5968721961654994,0
9765,105.7427395179632,18.232986718518788,52.93989551238168,2.0191251207643983,0.47679982579314106,0
9766,103.49133473020682,21.389630763929976,52.12609496796566,0.10120933415994468,0.4958366064242229,0
9767,109.66533302860492,18.638224097605793,47.01937795569168,,0.40309309924602804,0
9768,105.31770952280469,28.801857017371866,51.72831422456811,,0.4740284079675517,1
9769,108.51626914047974,26.702677953421627,50.375333350283874,1.3372332654987162,0.6384315489246183,1
9770,96.1311243389874,29.95338204231495,52.44692027903229,0.7693974608220496,0.65033328556947,0
9771,85.38799874190829,21.626055159663455,50.64479019025388,0.15932589588300414,0.430113748674635,0
9772,106.4189401391904,28.54183017308292,49.986564667923396,-3.1525389717259795,0.3881797034810228,1
9773,97.87617173139256,25.23665121518978,50.46756859267312,0.9600159457724129,0.6710002320549647,0
9774,103.93774148643472,23.437504882843257,46.38873341675491,1.0938614649888168,0.6634658330242836,0
9775,103.48951479487697,20.670877335463622,48.465193455664405,-1.8593083091355411,0.4329302864743695,0
9776,112.93700301207768,26.860705983433714,50.746671077406546,,0.35321165818204914,1
9777,106.99998276471803,28.8496889868516,52.27877671681316,0.7763978935043954,0.46993632506312244,0
9778,105.82929513399337,20.82370077690445,48.89901376737576,0.2914876022014042,0.43030938146199266,0
9779,109.18495577316837,20.10468401968335,49.918386240272135,,0.3487293357889151,0
9780,106.84248793419519,26.354662980058404,46.79801511064922,,0.3560328271711294,1
9781,102.71161503505783,29.72367795270623,52.91862162670752,0.470764648353052,0.5913421692560314,0
9782,110.3573796512728,26.999461213248935,52.22748346446624,,0.5735844352204466,0
9783,99.45124936055863,21.414968868571787,51.3042052371344,-0.876478829738703,0.47447774634899975,0
9784,106.61623593766781,23.03946508977343,50.81361237526178,-0.2211847327475441,0.3048932087978933,0
9785,97.26215102931845,22.61181162550046,53.1050981302936,,0.43682658294311927,0
9786,106.01971928757997,28.225140216564547,48.38997801737057,1.9858855112422962,0.5533824442961385,1
9787,105.96494820886464,27.256449346466688,48.17367688734668,,0.7297358832265674,0
9788,113.38227480957332,25.06770521713824,52.12303957251286,-1.0015324242221197,0.32192862480589757,0
9789,97.1751305327911,21.299509324762838,51.98862676341625,-1.734452148262227,0.3927349344691716,0
9790,101.99556412073093,29.255862332664677,47.613008827821695,,0.4432932986727463,1
9791,109.11341213287072,25.839782697229758,48.93728023684627,2.717332078878496,0.5385953251161546,0
9792,106.67658628198654,29.64571975730139,53.37818626215478,-0.2602677662926739,0.6798118803645089,0
9793,105.90152525668752,24.96140439650437,50.82333465643181,-0.5992816352673731,0.6649147326892684,0
9794,100.2193214852073,27.85431310036337,51.57432303603635,-0.31986572179755185,0.39816494760454746,0
9795,102.04590825954286,27.75726455273432,47.68190691494129,-0.9453146792052335,0.3935534465759283,0
9796,111.22520504111628,22.047945322003105,51.313289049074356,,0.7066555023975339,0
9797,104.74245403123037,29.56824867548674,47.16091690845824,,0.6421467084920904,0
9798,106.87679848072237,18.263297611170767,46.04035726879863,0.02250529821328175,0.4641905922321938,0
9799,104.4240583561176,27.224530905208972,51.45364792036174,-1.8938966980146819,0.4484487445101854,1
9800,99.08457242375117,29.586685029168528,52.86889033926898,1.3386464700722902,0.4282594874358204,1
9801,109.66905213037498,22.066898439404675,49.49242784850166,-0.8294391497108501,0.6782018692160147,0
9802,107.51616192266248,25.777327053491664,48.90689863629108,,0.45788640417366283,0
9803,116.52818418683594,24.746678998130527,53.42169731249274,-1.0557390247988137,0.5057716890148454,0
9804,99.92209310174728,27.138087716118285,49.61043326177079,,0.3275600297970314,1
9805,109.1128646060024,28.394135059740627,49.86846255288548,0.40169649793096884,0.4064757454666686,0
9806,98.44228016981499,25.236534831594575,53.38791445288067,,0.6122327764237414,1
9807,105.78673283836538,27.790855036577483,49.29283037394358,,0.6374057160794765,0
9808,109.88253294531583,21.747426910671063,48.69194478131027,-2.7646886780726576,0.30771772212965187,0
9809,94.63932441951756,20.7430447044578,51.631016448274174,,0.32505610833106735,0
9810,103.97533762879196,23.16801227439408,48.57628769124177,,0.4968916418257761,0
9811,102.1839513297869,26.1328391949694,49.71079692375564,-1.847152967146879,0.5713616550731565,1
9812,101.49021350852439,20.246963387264685,47.3616827965756,-0.8980975335031066,0.39123623390882567,0
9813,106.92606326129678,26.164226305822698,50.37079417675302,-0.8272902364211008,0.43364620134662946,0
9814,110.60342853211297,22.729123782864807,50.13619497440619,-0.02323503317539107,0.5825506814628341,0
9815,104.33360642385422,27.546903286711583,51.93604054944629,-2.182431699378437,0.4853199632323051,1
9816,106.0274321378001,18.44202980523964,51.71451307332346,0.8701700594884587,0.5150641264534335,0
9817,105.57154376529624,26.015791653952732,51.103036016939164,2.4914082280496843,0.734235034722475,1
9818,105.00901753178208,25.79786803979961,50.788511385562025,2.143675808220152,0.6600606257644872,0
9819,99.55328681143946,29.29122571350377,49.85349177249532,,0.4578158017611239,0
9820,110.54222300861446,26.560410642768844,51.219111937991606,1.002982741737539,0.6403947789847275,0
9821,106.47597684079417,27.555622757079377,47.77533565266202,0.8253807088530167,0.6177295140204817,0
9822,106.97440745001289,28.855092190238018,45.30206785629138,-0.0652877443938466,0.392034338549676,0
9823,100.9674518548721,26.100623019503853,52.32383534242579,0.26550846176268544,0.6616266478284092,0
9824,102.70389801005379,21.481843619519694,51.34832092449583,1.0245656952885658,0.5857682313641728,0
9825,104.11932901144611,28.437285595002265,49.74602713144017,,0.7038145458870538,1
9826,97.32937653275575,26.9709374337117,52.14911721689197,-1.2175083951025905,0.44430394744116875,1
9827,96.5598283740116,23.093251248010723,48.537005166106944,,0.5808407874232208,0
9828,101.99626034680716,26.526350071799545,48.5890149358337,,0.6648733549421568,1
9829,107.61260383221195,28.412266526173703,48.311724552611665,1.3232724630263093,0.6208485736895899,1
9830,101.7343130503503,29.707825576695257,51.13524395023177,2.304694372934791,0.7680546602745242,1
9831,99.90597401204643,29.428218047508665,46.8340838455705,-3.8752790352675515,0.3528801862214175,1
9832,100.92657173381164,21.9039339211697,48.46607678643592,0.8935635939421414,0.5418792621190232,0
9833,102.72328788427343,23.06032456461818,50.57943004647227,0.3963769048623087,0.6207721519158629,0
9834,103.23070518589948,19.314439259728456,47.59169784815478,1.5406270458353488,0.6200732505987245,0
9835,115.82760726103278,20.97053144421655,48.67937918867763,-1.688439236367603,0.7111313482692629,0
9836,110.2731031424366,28.589054501843403,45.57686484577087,,0.49118121020164046,0
9837,110.12387056140864,22.330199115352308,51.21161329880307,1.3508050994709722,0.6913067049201562,0
9838,110.84290182136691,25.446631903138574,48.624329613315446,,0.5087330719440235,0
9839,100.00589565332976,25.9915874196844,47.80143749971769,0.36347138617707175,0.3131837411855106,0
9840,98.8881769250638,27.381951301719745,47.40995454808285,-0.025407874358323264,0.4250507783901681,0
9841,99.46564854232972,20.19360036294757,49.1635729755898,,0.44136275880410225,0
9842,111.67253066668918,21.657757615373225,46.83968882621712,0.8590479631453347,0.39298725974298604,0
9843,102.26404105558754,23.380036097498166,53.88475935429734,-1.6732511810690496,0.37681174833198544,0
9844,98.74321908880357,22.378092734859283,45.23051076566203,-1.1701751724451888,0.30437270157957885,0
9845,102.84501899890094,29.794862794316277,49.09876170042702,-0.20887319317044012,0.3786398466370913,0
9846,103.80697234142686,28.01928963856455,50.21381385858251,,0.4340695435704387,1
9847,106.34206636847281,23.756241055445834,48.44924199172689,,0.7842589348865698,0
9848,106.25475510356021,28.551223513037616,50.42426347458623,-1.1981507061450638,0.3038714362316585,0
9849,100.85909718063246,22.17183537099956,48.400796850107675,1.179494400061341,0.4374262767835997,0
9850,108.42828196256855,27.429939886683176,53.060188927346296,-1.313254960420973,0.38106331300643465,1
9851,101.8040323312492,20.684107177277443,47.762245971780445,,0.5380971075761862,0
9852,104.21861831647479,27.267864542716392,45.29755211730336,,0.22512298433959174,1
9853,108.43387035251678,23.47744083834874,47.40300029909336,,0.5357376609426749,0
9854,101.79089298027829,19.28999185190691,50.772989549627425,,0.5059899103175908,1
9855,102.15324288209432,21.27914945466699,49.76415124090227,,0.4903925059819571,0
9856,107.95834024846566,22.827295488282775,51.50426581596423,,0.4806398239645362,0
9857,100.7113341169749,26.991514939973246,51.00348923342193,,0.5190590815688032,0
9858,103.07603988197965,18.87579257677141,48.72743930054959,-2.2891593327056237,0.34776557430056676,0
9859,107.77871089021446,25.914563941111673,49.021833012408905,,0.43163638904430834,0
9860,115.27046220717988,26.592163691194123,49.22934244869355,-1.2113826523767597,0.4445886755830054,1
9861,108.02702252381373,25.847056439109018,53.768692166993304,-0.38146517291696125,0.38331816688779785,0
9862,107.36319881495005,27.128035658010667,51.38164462937474,,0.6064351426389731,0
9863,107.65400791836365,20.13802339227406,53.78337379835701,-1.1975529493406727,0.290332175274147,0
9864,99.63404862966475,25.045240260756447,51.68155874468363,2.557191236436879,0.5622291840367998,0
9865,105.57798369339955,29.29373936644656,49.8728332101569,1.1708152250054578,0.6453609066485317,0
9866,104.851167558318,25.329411237654455,47.96127702602867,,0.34914654495567415,0
9867,106.60792270186379,25.336036163435438,50.40303934229749,-1.3137201071511129,0.5015113168126564,0
9868,105.58254026237935,26.837275705359225,49.87826165556754,1.2861735440023687,0.7360280614631106,1
9869,106.89849838708557,21.998450785510308,49.81270542932357,1.4530302657067617,0.6559618068140858,0
9870,103.44266402550399,26.405710815858487,49.5818018462015,,0.2759162812415237,1
9871,105.29304458685897,28.994805999758583,45.895074584847556,1.0479072730369554,0.4369725404634573,0
9872,98.86085716971505,18.130745676304116,52.52167963306931,,0.5011371427064252,0
9873,103.40046360998544,28.441356493306383,49.89909302156536,-2.912504947598403,0.3986795323821291,1
9874,111.95416774088322,20.62341997510631,47.171493767942714,-0.6047965775899639,0.5903737271202321,1
9875,106.59404169814128,23.471079284404503,50.96352541814729,-0.2042449745257539,0.4112890760140015,0
9876,104.89539481308462,28.228173611431657,48.28832766278694,0.07273770805102225,0.45514647722654733,0
9877,114.48061638127173,27.886945529479547,51.12428124594157,-1.9808741809800343,0.3758912802383328,1
9878,98.1958251084946,28.70312973751267,51.76331292102492,,0.41570226478447947,0
9879,99.4527222227689,29.285001511590313,52.039272981338634,-0.9344156079726214,0.6028437401092095,0
9880,113.56355705638137,23.365883481261104,49.678166546690356,-0.8035135749896261,0.44941962045081146,0
9881,105.22980468024467,25.876365729612083,49.17244454396297,-0.7784961708792242,0.47638050746499516,0
9882,103.78708481855104,22.68574128631328,48.74892327947066,-0.1989493663717253,0.5812008619270781,0
9883,99.00397837452178,22.20860060990599,48.55488782307901,,0.6823315345105555,0
9884,107.23848133197507,23.179144927172032,49.965539871578166,2.6613385867718695,0.6295473412394277,0
9885,107.72229934763732,26.91691361739211,49.58131387521652,1.3063331303198498,0.6912357926248797,1
9886,99.52752819582552,24.017288965698633,48.349392368355666,1.9752950842646295,0.7815418312728806,0
9887,104.29862207224785,27.768716093380107,47.71243049239419,-0.7211335275355242,0.4529093528854281,0
9888,103.32242083983466,26.94262172635387,49.78248781548284,-1.5058847253643948,0.36834191728508436,1
9889,106.27988573209386,18.24574153349279,49.13160476411234,,0.7788136241428717,0
9890,99.40374878889678,25.56285788527394,47.71726605343627,-0.024316409827140523,0.6108923944437714,0
9891,111.25973727256579,23.238853479703092,51.66114202684282,1.095476700194305,0.5560229096981218,0
9892,109.57911890798802,23.4795478698137,53.544185501650496,,0.49882364612697216,0
9893,103.18412220633591,27.820476646438735,51.92517642796845,0.9728656481514634,0.44414566493230395,0
9894,103.91790644180814,24.571295833016123,48.55962397664791,-0.2628742296148375,0.5977981705119819,0
9895,104.31788924861192,28.627461881507365,49.89954063082013,-0.6913514767024042,0.28542938688172614,0
9896,101.10845723496749,26.553667108700285,53.08085790337492,,0.5795575315602361,0
9897,102.78285290882482,24.634080105168636,47.652600714445015,0.7356501258718162,0.46461141948454465,0
9898,103.64864816162695,27.054455713813244,51.56519025337045,1.1612119745165845,0.39267273872262365,0
9899,113.06434185353564,18.460188611104886,47.10383358371202,,0.2723814610623049,0
9900,109.73309154165219,18.325003857938494,53.36807525486266,,0.4782079791786209,1
9901,109.67327353668311,19.000191923050224,49.13937095049802,,0.5966726121524841,0
9902,106.84962806502195,23.25078390176571,54.458087449047625,1.1075052900474396,0.416386078356498,0
9903,99.41336495534382,20.825401747523316,53.45612759728366,1.4803727899247308,0.4504613805520051,1
9904,104.7925444771131,29.811135532989415,49.78713898083723,,0.586419555893587,1
9905,109.8524422980669,24.507481668136403,48.561189253779176,-0.6977555797845183,0.5458675224593316,0
9906,98.70867685316357,25.948988952973902,50.38955094378183,2.1900148494902774,0.7027536910591674,0
9907,108.18276603436632,21.345841634960358,49.639682066706875,0.1756115625920098,0.5227676046998054,0
9908,116.61304612631383,21.861562903051304,49.19686607282881,-1.6422018081175485,0.5162268729432133,0
9909,110.30908322994866,22.02554296969387,46.68377349084341,,0.519974737087562,1
9910,112.07014567780993,26.384828461803608,48.97089283269083,0.6989401803243205,0.49324827943953037,0
9911,106.0916937522108,23.684474492271704,47.77904175648752,1.085641067888211,0.6452332644532975,0
9912,109.83965974382495,24.21220383036089,51.10329541285047,-1.5244017850917444,0.29536216210955935,0
9913,101.41073392822982,25.104035785912146,51.98214263319485,,0.4913573205746443,0
9914,108.97931906170614,27.225739874858604,51.481368007847195,-0.7996749852883694,0.34341481179800615,0
9915,108.27194067030382,19.08443698214974,50.68475017925501,-1.2950520328470954,0.44952745229654545,0
9916,106.44955587018832,27.322486946625858,48.2941858657182,-2.82012748537123,0.48085039578441924,1
9917,111.5800370985925,24.75882082650216,50.41080154520382,,0.3548712895192673,0
9918,102.30607581076306,26.029145338263085,51.585530287288755,-0.5727106732475574,0.4701067013633881,0
9919,104.06471241763168,21.930621178089144,48.82752885120054,0.3781189344395497,0.5415090566717278,0
9920,105.47731020679149,22.91264204179739,50.237972842790015,0.9833784101379759,0.6154998697153383,0
9921,99.851945144553,20.773989835847043,49.70907682146015,-2.0435011109616665,0.6112251463177736,0
9922,106.13465971900123,29.751599969008865,53.32473333922097,,0.46434363323824535,1
9923,96.40534793523076,23.9640356701238,51.70309627052905,-0.7918929046565343,0.4101539718639464,0
9924,110.23477267214105,29.952922989559173,51.218319223496785,0.005013679332857783,0.47938538866433106,0
9925,105.23318683282983,23.877431736735197,46.56661253206913,1.5131724005951976,0.4855459583488393,0
9926,102.39553548048119,20.63701517260881,50.34567465353517,1.0765831037853297,0.42990534043818196,0
9927,100.8281319385244,24.08942876084228,49.68997314215086,-0.5517422567205944,0.22916527092270028,0
9928,103.82710485190407,18.475146861588932,49.672685778860256,,0.48085143869085223,0
9929,108.44129855386207,28.857237617063415,46.87317305451672,-1.265308858695256,0.29629079567858063,1
9930,107.7386948936878,27.822603014333293,47.82446275540486,0.11151863347473487,0.5152812644822231,0
9931,101.4723102636077,26.709846248331417,49.86396502418843,-0.09363493955031502,0.44437077788376383,0
9932,100.76980163686183,25.317920585309523,52.22871155638092,2.106453434741982,0.49677049640476034,0
9933,108.28449353159823,24.958010804044356,48.81895086032115,,0.32666609163589566,0
9934,101.38826297692485,29.960738568953555,49.200122545791466,,0.40725724281193465,0
9935,105.29954887039752,21.335969208239256,53.562183990572414,,0.2677199842074638,0
9936,105.61877321262139,27.356212384386936,49.40635522166433,-0.4996372993421996,0.5456343198614015,0
9937,106.5603106586337,24.976857242563888,49.74242095229284,-2.3466990066646156,0.40815480660960174,0
9938,109.29135215090936,29.71056652510662,49.76951043589652,-0.34503056722018444,0.4600686305837354,0
9939,98.68518531566339,27.93363819957903,47.30898970719098,-0.2154888144725443,0.6343002852419056,0
9940,95.44420337369756,29.982301355875112,51.14359624683023,0.6997903184495576,0.5359721671466967,0
9941,102.16276359385824,25.059899933549357,48.694247762831324,0.9181880282232764,0.5845176172609889,0
9942,114.00764203916093,20.45452749053922,49.939858765920526,,0.5761651759231073,0
9943,115.11087050043689,24.044244428336807,50.8887459288356,-2.4449890299593418,0.3260623133318862,0
9944,114.15588567782943,26.533333608606895,53.885115178070784,-1.8315697967216042,0.3572924324890203,1
9945,104.03509316119656,27.292324634179057,47.36445991090751,-0.907657385399129,0.4587618227440022,0
9946,96.08942459007585,18.006119868191323,51.72996437013245,,0.4142693536853352,0
9947,93.2848044917408,24.06032506202753,51.73744651234794,0.9277859566119873,0.7249206824139649,0
9948,101.92980919225295,20.822814959647758,48.72357045444145,-0.37415740964215144,0.4973699440487505,0
9949,104.0096318492532,28.49894199905746,51.19900769610396,3.539595614650309,0.656885629655991,1
9950,111.5031270052798,19.834865328602742,53.28687230258378,2.342351377598535,0.8256702661171837,0
9951,109.33902729771224,25.997474994898,48.47005758157512,,0.4828446983890673,0
9952,106.1370253949581,21.192746283899098,50.48293959427031,1.0509872318889486,0.7061644339683416,0
9953,100.5507761452943,22.278505718571267,50.80960272787957,,0.6157200115162279,0
9954,100.19610220877554,29.286711129082136,51.0683577099071,0.5783640541666101,0.6406211515446103,0
9955,106.27063843535717,20.885377504896955,51.538583521432024,-2.7075436925437004,0.3470678279127729,0
9956,108.48525489419863,19.14003314187517,50.332609656504346,,0.4267402053848295,0
9957,106.95940631122792,18.83141881733071,51.026872372696005,-0.33320518012289746,0.44901040918624746,0
9958,99.82701020196673,24.055381321193543,48.17705269975255,0.19180874311636154,0.609224657968877,0
9959,108.25333814396043,25.700537787411456,50.32800698727912,-0.18668478426388946,0.5298393297511717,0
9960,107.12955483550705,21.927523722850648,49.04731746863897,,0.4645722425267041,0
9961,99.6466679690491,26.28311690151697,47.54034218969183,-3.154950824613959,0.29099662473975463,1
9962,101.07839514849871,18.732404622878853,48.9817109011262,0.7584964542290002,0.536443525375593,0
9963,108.44247987280784,28.288015739074524,50.53891278439612,0.09320633371799346,0.47143197238822815,0
9964,103.82746232427054,27.798806516870854,50.87159455274038,-0.28117493813745786,0.6301185387190027,0
9965,112.94573650818228,29.82595525670503,47.46308175815446,1.3909680517903906,0.6503699042829928,1
9966,107.50564638032289,29.238059770822147,48.12464656655026,-1.5683000750543346,0.5021961892175792,1
9967,102.56684405905365,22.274365967027137,51.44931255938644,-0.35534227894198794,0.5056246059002059,0
9968,104.94897199804534,22.791304608186927,51.016296185231724,0.42662761709773117,0.438680799698951,0
9969,105.31691696318859,26.951578169739115,51.774205324092705,,0.5056349072212885,1
9970,101.35804843379145,19.608993263459798,52.73566085435312,-3.0050159671232386,0.13993094311442422,0
9971,100.43705900911186,21.768176522938017,51.0757742191812,,0.4309275117484986,0
9972,108.5069494690475,19.42249124370778,49.170384745658254,,0.4139340626814679,0
9973,109.22636648521048,23.458637388873974,50.229698916163834,-0.37352961549431013,0.3924118331816302,0
9974,108.0189073477648,24.62405135862381,53.31979420185476,,0.45229663073558496,0
9975,112.57659047161901,20.53392563955303,55.52889799557077,-0.9889152661851908,0.4421605511239145,0
9976,102.29113381994199,18.31958024296926,50.92619273148472,-1.9683957488296917,0.399238650345233,0
9977,113.37135383035564,26.632269981006278,51.07110827762261,,0.5892994346437068,0
9978,100.49539440722924,18.240061973114024,51.45141673399483,,0.47012229740701184,0
9979,99.93657218315754,29.680831307140274,50.04758569163872,0.9567523241424947,0.5376642626737488,0
9980,96.20020558925376,20.659287080908747,52.32770780468525,-1.1215271743916824,0.30436236165676,0
9981,102.77102343086591,25.966801105395493,52.016090585465705,-3.0312779862679786,0.22189728856697108,1
9982,102.48138831585273,23.21702071487987,50.70875289429763,-3.9066899676751756,0.3333724059874855,0
9983,107.62968640127325,18.716086324045285,49.363960187988766,-0.6022038217216202,0.5329566470538311,0
9984,106.21945470810225,23.66620327961361,46.95860722524573,,0.4835459996391446,0
9985,99.03513314490432,24.201127611561596,51.4648270952285,-0.34846878294274497,0.5758723574678,0
9986,103.03636880787091,28.256198497114422,50.42571663045221,-0.847725678481873,0.31682452398496025,0
9987,103.14268989456157,26.788188835774775,48.524464538691795,,0.4205001912928501,1
9988,96.12008876519053,18.951629697040637,47.740159470010745,,0.27312007405801386,0
9989,100.09526636493315,20.509952201187183,51.322865698766506,0.5509121714918992,0.43447059172210123,0
9990,101.14593184692956,21.742652210579372,46.79752735676607,,0.40643831535730757,0
9991,112.16812509910473,19.396892237577834,50.59928237488761,-0.5452774721400895,0.4646595695050903,0
9992,105.95725357978677,23.482788850973886,51.68710081833779,,0.42825837133359496,0
9993,108.3108437697375,29.811710290350426,51.09978577283324,-1.449384899865017,0.46382867590828397,1
9994,97.50682251425394,24.17535349485314,49.21852045128312,,0.4743346078194783,0
9995,110.97107241506995,26.902586019878033,47.501251031050174,0.42692393019758346,0.584572930752186,0
9996,111.50551031512046,26.195253572392154,51.17403847959038,-0.246360198112743,0.6563561294293638,0
9997,95.00827516427687,28.198937221105655,52.40104618390684,,0.5915025868170753,1
9998,101.47341638042076,20.588681885587313,48.85453329051392,-0.8632408437844505,0.46631753518688185,0
9999,107.47882786507755,27.04591514031634,51.01381640058572,1.9303078822647044,0.5353423962818762,1
10000,108.2219422676909,28.576262883668996,53.163030237463616,,0.4770691530201705,0
